rep,N,alpha,m0_target,m0_realized,z_init,tau_z,m_final,m_other_max,r_active,r_z,t_final,converged,closed_frac,time_since_last_switch,m_ungated,r_ungated,ungated_converged,t_ungated
0,1000,0.1,0.5,0.4999999701976776,random,0.1000000014901161,0.8005850315093994,0.0831547006964683,1.2437977525839955e-06,5.8228096122547874e-08,61.0000000000006,1.0,0.514,50.800000000000615,0.9883503317832948,1.8346083834330784e-06,1.0,31.0
0,1000,0.1,0.5,0.4999999701976776,random,0.3000000119209289,0.8173142671585083,0.0881872400641441,1.1749179898271648e-06,1.1569412805556568e-07,54.0000000000005,1.0,0.504,50.10000000000049,0.9883503317832948,1.8346083834330784e-06,1.0,31.0
0,1000,0.1,0.5,0.4999999701976776,random,1.0,0.8366346955299377,0.0972202122211456,1.203982472601691e-06,4.320816913150338e-07,61.0000000000006,1.0,0.52,50.10000000000062,0.9883503317832948,1.8346083834330784e-06,1.0,31.0
0,1000,0.1,0.5,0.4999999701976776,random,3.0,0.8532491326332092,0.1002521067857742,1.1976829334728922e-06,1.354440996692574e-06,84.99999999999945,1.0,0.504,50.499999999999226,0.9883503317832948,1.8346083834330784e-06,1.0,31.0
0,1000,0.1,0.5,0.4999999701976776,random,10.0,0.8524823188781738,0.093701995909214,1.158644775467908e-06,2.1256550098769367e-05,151.99999999999565,1.0,0.502,50.39999999999715,0.9883503317832948,1.8346083834330784e-06,1.0,31.0
0,1000,0.1,0.5,0.4999999701976776,random,30.0,0.8468003869056702,0.0894638746976852,1.1226494294149586e-06,0.0005446057766675,266.9999999999922,1.0,0.504,50.40000000000023,0.9883503317832948,1.8346083834330784e-06,1.0,31.0
0,1000,0.1,0.5,0.4999999701976776,random,100.0,0.8448668718338013,0.0921241119503974,1.2964507599976246e-06,0.0019643648993223,743.0000000001004,1.0,0.511,50.30000000001144,0.9883503317832948,1.8346083834330784e-06,1.0,31.0
0,1000,0.1,0.5,0.4999999701976776,random,300.0,0.8452715277671814,0.0921153575181961,1.40705385623778e-06,0.0019964904058724,2225.999999999071,1.0,0.511,262.1999999997616,0.9883503317832948,1.8346083834330784e-06,1.0,31.0
0,1000,0.1,0.5,0.4999999701976776,all_open,0.1000000014901161,0.8445031642913818,0.0903810709714889,1.3265562088216653e-06,5.7604701453328744e-08,56.000000000000526,1.0,0.498,50.20000000000053,0.9883503317832948,1.8346083834330784e-06,1.0,31.0
0,1000,0.1,0.5,0.4999999701976776,all_open,0.3000000119209289,0.9109290242195128,0.0979893803596496,1.3260460501364242e-06,1.250216286052819e-07,61.0000000000006,1.0,0.513,50.30000000000062,0.9883503317832948,1.8346083834330784e-06,1.0,31.0
0,1000,0.1,0.5,0.4999999701976776,all_open,1.0,0.972871482372284,0.0934971123933792,1.4389531784890308e-06,4.805425533049856e-07,58.00000000000056,1.0,0.508,50.10000000000056,0.9883503317832948,1.8346083834330784e-06,1.0,31.0
0,1000,0.1,0.5,0.4999999701976776,all_open,3.0,0.9863793849945068,0.0940465554594993,1.4597251270206352e-06,1.5344320445365156e-06,70.0000000000003,1.0,0.505,50.20000000000029,0.9883503317832948,1.8346083834330784e-06,1.0,31.0
0,1000,0.1,0.5,0.4999999701976776,all_open,10.0,0.9881538152694702,0.0938707515597343,1.4505696963509513e-06,1.5121308933885302e-05,114.99999999999774,1.0,0.508,50.399999999997135,0.9883503317832948,1.8346083834330784e-06,1.0,31.0
0,1000,0.1,0.5,0.4999999701976776,all_open,30.0,0.9883463382720948,0.0937198624014854,1.3226804463750603e-06,0.0003833036171272,246.99999999999025,1.0,0.509,50.79999999999711,0.9883503317832948,1.8346083834330784e-06,1.0,31.0
0,1000,0.1,0.5,0.4999999701976776,all_open,100.0,0.98834890127182,0.0937180146574974,1.4390367880126984e-06,0.0012727386783808,703.0000000000913,1.0,0.509,50.40000000001146,0.9883503317832948,1.8346083834330784e-06,1.0,31.0
0,1000,0.1,0.5,0.4999999701976776,all_open,300.0,0.9883501529693604,0.0937179699540138,1.613093216497542e-06,0.0017838977510109,2007.9999999992688,1.0,0.509,50.099999999954434,0.9883503317832948,1.8346083834330784e-06,1.0,31.0
0,1000,0.1,0.699999988079071,0.699999988079071,random,0.1000000014901161,0.8843533396720886,0.0790630131959915,1.2653143159476066e-06,6.296837540276101e-08,66.00000000000053,1.0,0.512,50.300000000000566,0.9883503317832948,2.01798002308351e-06,1.0,31.0
0,1000,0.1,0.699999988079071,0.699999988079071,random,0.3000000119209289,0.8973418474197388,0.083213597536087,1.290462326610837e-06,1.3137460541656765e-07,62.00000000000061,1.0,0.508,50.20000000000064,0.9883503317832948,2.01798002308351e-06,1.0,31.0
0,1000,0.1,0.699999988079071,0.699999988079071,random,1.0,0.9121242165565492,0.0825425535440445,1.381594967982923e-06,4.574727654471644e-07,58.00000000000056,1.0,0.504,50.40000000000057,0.9883503317832948,2.01798002308351e-06,1.0,31.0
0,1000,0.1,0.699999988079071,0.699999988079071,random,3.0,0.9166907668113708,0.0837056264281272,1.3160581007728073e-06,1.456252562093141e-06,73.00000000000013,1.0,0.505,50.50000000000008,0.9883503317832948,2.01798002308351e-06,1.0,31.0
0,1000,0.1,0.699999988079071,0.699999988079071,random,10.0,0.9172359704971312,0.084964245557785,1.247504717946348e-06,5.441066150524421e-06,164.9999999999949,1.0,0.505,50.79999999999713,0.9883503317832948,2.01798002308351e-06,1.0,31.0
0,1000,0.1,0.699999988079071,0.699999988079071,random,30.0,0.9158520698547364,0.0871651768684387,1.2333790862937015e-06,0.0009058997384272,316.0000000000033,1.0,0.509,50.20000000001141,0.9883503317832948,2.01798002308351e-06,1.0,31.0
0,1000,0.1,0.699999988079071,0.699999988079071,random,100.0,0.9151767492294312,0.0885912925004959,1.695982246792818e-06,0.0019970424473285,846.0000000001238,1.0,0.513,107.3000000000244,0.9883503317832948,2.01798002308351e-06,1.0,31.0
0,1000,0.1,0.699999988079071,0.699999988079071,random,300.0,0.9153129458427428,0.0886621549725532,1.621434149543508e-06,0.0019979875069111,2599.999999998731,1.0,0.513,190.4999999998268,0.9883503317832948,2.01798002308351e-06,1.0,31.0
0,1000,0.1,0.699999988079071,0.699999988079071,all_open,0.1000000014901161,0.916185736656189,0.0858131572604179,1.2912308857022262e-06,6.171481459205097e-08,56.000000000000526,1.0,0.511,50.30000000000053,0.9883503317832948,2.01798002308351e-06,1.0,31.0
0,1000,0.1,0.699999988079071,0.699999988079071,all_open,0.3000000119209289,0.9581537842750548,0.0891121625900268,1.4057478039411618e-06,1.3412723376404756e-07,59.00000000000057,1.0,0.509,50.60000000000058,0.9883503317832948,2.01798002308351e-06,1.0,31.0
0,1000,0.1,0.699999988079071,0.699999988079071,all_open,1.0,0.9876553416252136,0.0889225676655769,1.383690813208701e-06,5.052286269346951e-07,57.00000000000054,1.0,0.511,50.60000000000055,0.9883503317832948,2.01798002308351e-06,1.0,31.0
0,1000,0.1,0.699999988079071,0.699999988079071,all_open,3.0,0.9908420443534852,0.0908854976296424,1.393290258770256e-06,1.565165462125151e-06,64.00000000000064,1.0,0.509,50.30000000000067,0.9883503317832948,2.01798002308351e-06,1.0,31.0
0,1000,0.1,0.699999988079071,0.699999988079071,all_open,10.0,0.9887680411338806,0.0933552831411361,1.43529819342564e-06,1.0462461432325654e-05,118.99999999999751,1.0,0.51,50.89999999999711,0.9883503317832948,2.01798002308351e-06,1.0,31.0
0,1000,0.1,0.699999988079071,0.699999988079071,all_open,30.0,0.9883539080619812,0.093714602291584,1.317882356696303e-06,0.0003958823217544,245.9999999999903,1.0,0.509,50.9999999999971,0.9883503317832948,2.01798002308351e-06,1.0,31.0
0,1000,0.1,0.699999988079071,0.699999988079071,all_open,100.0,0.98834890127182,0.0937180072069168,1.413710974077004e-06,0.0012720325030386,703.0000000000913,1.0,0.509,50.60000000001151,0.9883503317832948,2.01798002308351e-06,1.0,31.0
0,1000,0.1,0.699999988079071,0.699999988079071,all_open,300.0,0.9883501529693604,0.0937179625034332,1.6536380056119176e-06,0.001783576211892,2007.9999999992688,1.0,0.509,50.29999999995425,0.9883503317832948,2.01798002308351e-06,1.0,31.0
0,1000,0.1,0.8999999761581421,0.8999998569488525,random,0.1000000014901161,0.9594472050666808,0.0853765234351158,1.3310638120471629e-06,7.113911237865977e-08,58.00000000000056,1.0,0.518,50.70000000000056,0.9883503913879396,2.349311444049817e-06,1.0,31.0
0,1000,0.1,0.8999999761581421,0.8999998569488525,random,0.3000000119209289,0.9644467234611512,0.0861158594489097,1.389955830936966e-06,1.3731983017351013e-07,55.00000000000051,1.0,0.514,50.40000000000051,0.9883503913879396,2.349311444049817e-06,1.0,31.0
0,1000,0.1,0.8999999761581421,0.8999998569488525,random,1.0,0.967626690864563,0.0861175805330276,1.3833271285379677e-06,4.509621192028135e-07,61.0000000000006,1.0,0.508,50.30000000000062,0.9883503913879396,2.349311444049817e-06,1.0,31.0
0,1000,0.1,0.8999999761581421,0.8999998569488525,random,3.0,0.967802345752716,0.0864826068282127,1.4261830869692164e-06,1.504290480625059e-06,71.00000000000024,1.0,0.512,50.70000000000022,0.9883503913879396,2.349311444049817e-06,1.0,31.0
0,1000,0.1,0.8999999761581421,0.8999998569488525,random,10.0,0.9685651659965516,0.0885079056024551,1.3873576291454004e-06,2.0147910618106835e-05,137.99999999999645,1.0,0.511,50.99999999999712,0.9883503913879396,2.349311444049817e-06,1.0,31.0
0,1000,0.1,0.8999999761581421,0.8999998569488525,random,30.0,0.9661874175071716,0.0894615575671196,1.3196197316545917e-06,0.0015476554399356,206.99999999999253,1.0,0.514,50.399999999997135,0.9883503913879396,2.349311444049817e-06,1.0,31.0
0,1000,0.1,0.8999999761581421,0.8999998569488525,random,100.0,0.96614807844162,0.0897383466362953,1.223827831657877e-06,0.0018896989058703,673.0000000000845,1.0,0.512,50.20000000001141,0.9883503913879396,2.349311444049817e-06,1.0,31.0
0,1000,0.1,0.8999999761581421,0.8999998569488525,random,300.0,0.9661696553230286,0.0897596552968025,1.694678959165359e-06,0.0019963986705988,2003.9999999992729,1.0,0.513,380.1999999996542,0.9883503913879396,2.349311444049817e-06,1.0,31.0
0,1000,0.1,0.8999999761581421,0.8999998569488525,all_open,0.1000000014901161,0.974056363105774,0.0873498544096946,1.381713502515977e-06,6.78220359873194e-08,59.00000000000057,1.0,0.514,50.200000000000585,0.9883503913879396,2.349311444049817e-06,1.0,31.0
0,1000,0.1,0.8999999761581421,0.8999998569488525,all_open,0.3000000119209289,0.987348735332489,0.0872077569365501,1.4821434082954223e-06,1.412359722507972e-07,61.0000000000006,1.0,0.515,50.90000000000062,0.9883503913879396,2.349311444049817e-06,1.0,31.0
0,1000,0.1,0.8999999761581421,0.8999998569488525,all_open,1.0,0.9942757487297058,0.0868536382913589,1.3880897662241904e-06,5.286242981128453e-07,60.00000000000058,1.0,0.513,50.100000000000605,0.9883503913879396,2.349311444049817e-06,1.0,31.0
0,1000,0.1,0.8999999761581421,0.8999998569488525,all_open,3.0,0.9935112595558168,0.0888337865471839,1.4232541200406455e-06,1.6251822216872824e-06,70.0000000000003,1.0,0.513,50.9000000000003,0.9883503913879396,2.349311444049817e-06,1.0,31.0
0,1000,0.1,0.8999999761581421,0.8999998569488525,all_open,10.0,0.9891864061355592,0.0930003076791763,1.3928908542245566e-06,5.2073687584197614e-06,135.99999999999656,1.0,0.511,50.099999999997166,0.9883503913879396,2.349311444049817e-06,1.0,31.0
0,1000,0.1,0.8999999761581421,0.8999998569488525,all_open,30.0,0.9883579015731812,0.0937118977308273,1.394699506586292e-06,0.0004085536929778,244.9999999999904,1.0,0.509,50.49999999999713,0.9883503913879396,2.349311444049817e-06,1.0,31.0
0,1000,0.1,0.8999999761581421,0.8999998569488525,all_open,100.0,0.98834890127182,0.0937180072069168,1.3217309809256667e-06,0.0012716344790533,703.0000000000913,1.0,0.509,50.70000000001153,0.9883503913879396,2.349311444049817e-06,1.0,31.0
0,1000,0.1,0.8999999761581421,0.8999998569488525,all_open,300.0,0.9883501529693604,0.0937179550528526,1.6160733787243689e-06,0.0017833921592682,2007.9999999992688,1.0,0.509,50.29999999995425,0.9883503913879396,2.349311444049817e-06,1.0,31.0
0,1000,0.2,0.5,0.4999999701976776,random,0.1000000014901161,0.7096003890037537,0.108075700700283,5.318749745892171e-05,3.2538464438403025e-06,119.99999999999746,1.0,0.512,50.09999999999715,0.1705291718244552,7.333945632126415e-06,1.0,562.0
0,1000,0.2,0.5,0.4999999701976776,random,0.3000000119209289,0.7181833386421204,0.1069734469056129,1.17228561197161e-05,1.5248350564434077e-06,182.9999999999939,1.0,0.513,50.9999999999971,0.1705291718244552,7.333945632126415e-06,1.0,562.0
0,1000,0.2,0.5,0.4999999701976776,random,1.0,0.7280565500259399,0.1394949406385421,1.2643287135139495e-06,5.105544573780207e-07,130.99999999999685,1.0,0.516,50.59999999999714,0.1705291718244552,7.333945632126415e-06,1.0,562.0
0,1000,0.2,0.5,0.4999999701976776,random,3.0,0.7278528213500977,0.1280486136674881,8.682431152297672e-07,1.3511864835891174e-06,115.99999999999768,1.0,0.513,50.9999999999971,0.1705291718244552,7.333945632126415e-06,1.0,562.0
0,1000,0.2,0.5,0.4999999701976776,random,10.0,0.7043511867523193,0.14167021214962,8.934950791961458e-07,7.327618277486181e-06,150.9999999999957,1.0,0.495,50.59999999999714,0.1705291718244552,7.333945632126415e-06,1.0,562.0
0,1000,0.2,0.5,0.4999999701976776,random,30.0,0.6929331421852112,0.1476767212152481,1.0148228284231002e-06,0.0018767054425552,464.000000000037,1.0,0.504,50.30000000001144,0.1705291718244552,7.333945632126415e-06,1.0,562.0
0,1000,0.2,0.5,0.4999999701976776,random,100.0,0.553898274898529,0.2035317420959472,1.0552592157280308e-06,0.0019895094446837,1570.999999999667,1.0,0.5,145.6999999998675,0.1705291718244552,7.333945632126415e-06,1.0,562.0
0,1000,0.2,0.5,0.4999999701976776,random,300.0,0.6111366152763367,0.1661189496517181,1.162968971002714e-06,0.0019971595611423,2230.9999999990664,1.0,0.501,144.8999999998682,0.1705291718244552,7.333945632126415e-06,1.0,562.0
0,1000,0.2,0.5,0.4999999701976776,all_open,0.1000000014901161,0.7577440738677979,0.100760780274868,1.3299095997336068e-05,7.230289611470653e-07,72.00000000000018,1.0,0.527,50.90000000000016,0.1705291718244552,7.333945632126415e-06,1.0,562.0
0,1000,0.2,0.5,0.4999999701976776,all_open,0.3000000119209289,0.7845444679260254,0.1099173575639724,1.2680184069634942e-05,1.6582157513767015e-06,163.99999999999497,1.0,0.517,50.49999999999714,0.1705291718244552,7.333945632126415e-06,1.0,562.0
0,1000,0.2,0.5,0.4999999701976776,all_open,1.0,0.7798172831535339,0.1354563534259796,6.193067413441116e-05,2.5804205506574363e-05,150.9999999999957,1.0,0.514,50.39999999999715,0.1705291718244552,7.333945632126415e-06,1.0,562.0
0,1000,0.2,0.5,0.4999999701976776,all_open,3.0,0.7592911720275879,0.1545251458883285,1.2442399801360022e-06,1.458303472645639e-06,100.99999999999854,1.0,0.511,50.19999999999808,0.1705291718244552,7.333945632126415e-06,1.0,562.0
0,1000,0.2,0.5,0.4999999701976776,all_open,10.0,0.6286287903785706,0.2088916897773742,1.0813501569330648e-06,4.812894530914491e-06,177.99999999999417,1.0,0.487,50.49999999999714,0.1705291718244552,7.333945632126415e-06,1.0,562.0
0,1000,0.2,0.5,0.4999999701976776,all_open,30.0,0.4710474014282226,0.2449154108762741,1.033484802232495e-06,0.0003396674292162,257.99999999999017,1.0,0.499,50.19999999999769,0.1705291718244552,7.333945632126415e-06,1.0,562.0
0,1000,0.2,0.5,0.4999999701976776,all_open,100.0,0.2677249610424042,0.2638426125049591,1.1658356156697943e-06,0.0017876495840027,680.0000000000861,1.0,0.515,50.80000000001155,0.1705291718244552,7.333945632126415e-06,1.0,562.0
0,1000,0.2,0.5,0.4999999701976776,all_open,300.0,0.2134437263011932,0.2611981034278869,1.442059087067859e-06,0.0019978669006377,1985.9999999992888,1.0,0.521,323.299999999706,0.1705291718244552,7.333945632126415e-06,1.0,562.0
0,1000,0.2,0.699999988079071,0.699999988079071,random,0.1000000014901161,0.8112953901290894,0.0874548181891441,5.277929510093205e-05,3.289867890998721e-06,116.99999999999764,1.0,0.517,50.59999999999712,0.2052347213029861,1.4010913673700998e-06,1.0,562.0
0,1000,0.2,0.699999988079071,0.699999988079071,random,0.3000000119209289,0.816166341304779,0.0889269262552261,1.444173594311793e-05,1.858570158219664e-06,121.99999999999734,1.0,0.518,50.79999999999711,0.2052347213029861,1.4010913673700998e-06,1.0,562.0
0,1000,0.2,0.699999988079071,0.699999988079071,random,1.0,0.8305045366287231,0.0962709710001945,1.047633056955472e-06,4.675607101489733e-07,92.999999999999,1.0,0.513,50.99999999999866,0.2052347213029861,1.4010913673700998e-06,1.0,562.0
0,1000,0.2,0.699999988079071,0.699999988079071,random,3.0,0.8269211053848267,0.1048582941293716,1.9460174655068186e-06,2.711840807023691e-06,138.9999999999964,1.0,0.522,50.49999999999714,0.2052347213029861,1.4010913673700998e-06,1.0,562.0
0,1000,0.2,0.699999988079071,0.699999988079071,random,10.0,0.7835105061531067,0.1258814632892608,4.274375605761181e-06,7.079658098518848e-05,280.9999999999954,1.0,0.508,50.6000000000042,0.2052347213029861,1.4010913673700998e-06,1.0,562.0
0,1000,0.2,0.699999988079071,0.699999988079071,random,30.0,0.780221700668335,0.131367951631546,1.551003953619974e-06,0.0005118683911859,364.0000000000143,1.0,0.5,50.20000000001141,0.2052347213029861,1.4010913673700998e-06,1.0,562.0
0,1000,0.2,0.699999988079071,0.699999988079071,random,100.0,0.7510367631912231,0.1413752734661102,8.50010927510558e-07,0.0019843277987092,962.0000000001502,1.0,0.497,114.50000000002603,0.2052347213029861,1.4010913673700998e-06,1.0,562.0
0,1000,0.2,0.699999988079071,0.699999988079071,random,300.0,0.7524152994155884,0.1373678892850875,1.2121561462048195e-06,0.0019989982247352,2835.999999998516,1.0,0.481,62.39999999994325,0.2052347213029861,1.4010913673700998e-06,1.0,562.0
0,1000,0.2,0.699999988079071,0.699999988079071,all_open,0.1000000014901161,0.8371556401252747,0.0916267558932304,1.5723253786033762e-06,1.1355081142028213e-07,106.9999999999982,1.0,0.509,50.99999999999767,0.2052347213029861,1.4010913673700998e-06,1.0,562.0
0,1000,0.2,0.699999988079071,0.699999988079071,all_open,0.3000000119209289,0.8617194294929504,0.0941496714949607,4.8063541335026656e-06,6.330642463581171e-07,141.99999999999622,1.0,0.514,50.39999999999715,0.2052347213029861,1.4010913673700998e-06,1.0,562.0
0,1000,0.2,0.699999988079071,0.699999988079071,all_open,1.0,0.8593531250953674,0.110701784491539,5.547446092122208e-05,2.2270985937211663e-05,153.99999999999554,1.0,0.508,50.79999999999713,0.2052347213029861,1.4010913673700998e-06,1.0,562.0
0,1000,0.2,0.699999988079071,0.699999988079071,all_open,3.0,0.8211921453475952,0.126912921667099,2.6754251332744563e-06,3.688492597575532e-06,126.99999999999706,1.0,0.513,50.79999999999711,0.2052347213029861,1.4010913673700998e-06,1.0,562.0
0,1000,0.2,0.699999988079071,0.699999988079071,all_open,10.0,0.6721140742301941,0.1852966547012329,1.1687456660504042e-06,5.2401001084945165e-06,168.99999999999469,1.0,0.513,50.49999999999714,0.2052347213029861,1.4010913673700998e-06,1.0,562.0
0,1000,0.2,0.699999988079071,0.699999988079071,all_open,30.0,0.516318142414093,0.2451627105474472,1.0698233924085456e-06,0.0001277161791222,284.9999999999963,1.0,0.512,50.800000000005326,0.2052347213029861,1.4010913673700998e-06,1.0,562.0
0,1000,0.2,0.699999988079071,0.699999988079071,all_open,100.0,0.3077634274959564,0.2476557940244674,9.792557476575716e-07,0.001984336413443,668.0000000000833,1.0,0.504,63.400000000014415,0.2052347213029861,1.4010913673700998e-06,1.0,562.0
0,1000,0.2,0.699999988079071,0.699999988079071,all_open,300.0,0.2054912745952606,0.2770783901214599,9.0773095455346e-07,0.0019959097262471,1981.9999999992929,1.0,0.508,101.99999999990725,0.2052347213029861,1.4010913673700998e-06,1.0,562.0
0,1000,0.2,0.8999999761581421,0.8999999761581421,random,0.1000000014901161,0.8980076909065247,0.0892598703503608,1.6064800425125354e-06,1.1368432240033145e-07,144.99999999999605,1.0,0.511,50.99999999999712,0.2052346616983413,1.547534338897094e-06,1.0,562.0
0,1000,0.2,0.8999999761581421,0.8999999761581421,random,0.3000000119209289,0.8992456793785095,0.0890342742204666,1.3700191971755189e-06,1.5579537659959897e-07,116.99999999999764,1.0,0.512,50.79999999999711,0.2052346616983413,1.547534338897094e-06,1.0,562.0
0,1000,0.2,0.8999999761581421,0.8999999761581421,random,1.0,0.9000086784362793,0.0856901556253433,1.382958637609029e-06,5.661019599756401e-07,91.99999999999903,1.0,0.513,50.79999999999873,0.2052346616983413,1.547534338897094e-06,1.0,562.0
0,1000,0.2,0.8999999761581421,0.8999999761581421,random,3.0,0.8984095454216003,0.0882600769400596,2.5205714960677385e-06,3.316697757327347e-06,130.99999999999685,1.0,0.513,50.59999999999714,0.2052346616983413,1.547534338897094e-06,1.0,562.0
0,1000,0.2,0.8999999761581421,0.8999999761581421,random,10.0,0.8842249512672424,0.0922307595610618,9.009671792034585e-06,4.593401536112651e-05,340.0000000000088,1.0,0.514,50.30000000001144,0.2052346616983413,1.547534338897094e-06,1.0,562.0
0,1000,0.2,0.8999999761581421,0.8999999761581421,random,30.0,0.8697678446769714,0.1049417853355407,8.367216374003211e-07,0.0002442710974719,380.0000000000179,1.0,0.514,50.30000000001144,0.2052346616983413,1.547534338897094e-06,1.0,562.0
0,1000,0.2,0.8999999761581421,0.8999999761581421,random,100.0,0.8229699730873108,0.1257358938455581,8.386780626632559e-07,0.001998406369239,880.0000000001315,1.0,0.509,61.600000000014006,0.2052346616983413,1.547534338897094e-06,1.0,562.0
0,1000,0.2,0.8999999761581421,0.8999999761581421,random,300.0,0.8126407265663147,0.1174335107207298,1.156655850557407e-06,0.001899481518194,2246.999999999052,1.0,0.512,50.099999999954434,0.2052346616983413,1.547534338897094e-06,1.0,562.0
0,1000,0.2,0.8999999761581421,0.8999999761581421,all_open,0.1000000014901161,0.9091393351554872,0.0911165922880172,2.116999587823817e-06,1.37807290911951e-07,92.999999999999,1.0,0.509,50.09999999999865,0.2052346616983413,1.547534338897094e-06,1.0,562.0
0,1000,0.2,0.8999999761581421,0.8999999761581421,all_open,0.3000000119209289,0.9165316224098206,0.0913458541035652,5.0406713845248346e-05,6.788591235817876e-06,92.999999999999,1.0,0.517,50.09999999999865,0.2052346616983413,1.547534338897094e-06,1.0,562.0
0,1000,0.2,0.8999999761581421,0.8999999761581421,all_open,1.0,0.9019069075584412,0.0999111756682396,1.1947648688972535e-05,5.001770205126377e-06,226.9999999999914,1.0,0.502,50.09999999999715,0.2052346616983413,1.547534338897094e-06,1.0,562.0
0,1000,0.2,0.8999999761581421,0.8999999761581421,all_open,3.0,0.8529165983200073,0.1254175156354904,2.338385684544901e-06,3.2350551464332966e-06,142.99999999999616,1.0,0.504,50.49999999999714,0.2052346616983413,1.547534338897094e-06,1.0,562.0
0,1000,0.2,0.8999999761581421,0.8999999761581421,all_open,10.0,0.7510939836502075,0.1473443806171417,1.0255622567172326e-06,4.954541964252712e-06,142.99999999999616,1.0,0.517,50.39999999999715,0.2052346616983413,1.547534338897094e-06,1.0,562.0
0,1000,0.2,0.8999999761581421,0.8999999761581421,all_open,30.0,0.5227016806602478,0.1968315988779068,1.0566735924428118e-06,0.0005322397919371,241.9999999999905,1.0,0.508,50.69999999999712,0.2052346616983413,1.547534338897094e-06,1.0,562.0
0,1000,0.2,0.8999999761581421,0.8999999761581421,all_open,100.0,0.3016502559185028,0.2451491355895996,9.36234933694806e-07,0.0019818586297333,672.0000000000842,1.0,0.504,174.60000000003964,0.2052346616983413,1.547534338897094e-06,1.0,562.0
0,1000,0.2,0.8999999761581421,0.8999999761581421,all_open,300.0,0.206931784749031,0.2772777080535888,1.319128204981331e-06,0.0019958016928285,1984.99999999929,1.0,0.51,108.89999999990096,0.2052346616983413,1.547534338897094e-06,1.0,562.0
0,1000,0.3,0.5,0.4999999701976776,random,0.1000000014901161,0.5384379625320435,0.1497298032045364,6.355672155394582e-06,3.708184124207037e-07,186.9999999999937,1.0,0.502,50.09999999999715,0.3175869584083557,1.4455143855229835e-06,1.0,902.0
0,1000,0.3,0.5,0.4999999701976776,random,0.3000000119209289,0.5447641611099243,0.1708785146474838,0.0004669718783682,6.820110866101459e-05,239.99999999999065,1.0,0.497,50.59999999999712,0.3175869584083557,1.4455143855229835e-06,1.0,902.0
0,1000,0.3,0.5,0.4999999701976776,random,1.0,0.5771029591560364,0.1657505333423614,8.322620037249828e-07,3.616239325765491e-07,146.99999999999594,1.0,0.493,50.49999999999714,0.3175869584083557,1.4455143855229835e-06,1.0,902.0
0,1000,0.3,0.5,0.4999999701976776,random,3.0,0.5754626393318176,0.1623280048370361,4.201746734595984e-06,6.784593551856233e-06,117.99999999999756,1.0,0.492,50.49999999999713,0.3175869584083557,1.4455143855229835e-06,1.0,902.0
0,1000,0.3,0.5,0.4999999701976776,random,10.0,0.5517817735671997,0.1818618327379226,1.9326158677959e-06,5.360999057302252e-05,206.99999999999253,1.0,0.513,50.09999999999715,0.3175869584083557,1.4455143855229835e-06,1.0,902.0
0,1000,0.3,0.5,0.4999999701976776,random,30.0,0.5213249325752258,0.1727446764707565,1.8979040392802783e-06,0.000189609490917,474.0000000000393,1.0,0.496,50.20000000001141,0.3175869584083557,1.4455143855229835e-06,1.0,902.0
0,1000,0.3,0.5,0.4999999701976776,random,100.0,0.5020995736122131,0.1607982665300369,8.724260682828136e-07,0.0019913469441235,1374.999999999845,1.0,0.499,111.5999999998985,0.3175869584083557,1.4455143855229835e-06,1.0,902.0
0,1000,0.3,0.5,0.4999999701976776,random,300.0,0.4504298269748688,0.1670256406068802,1.1337867038296652e-06,0.0019987057894468,3757.9999999976776,1.0,0.505,91.39999999991689,0.3175869584083557,1.4455143855229835e-06,1.0,902.0
0,1000,0.3,0.5,0.4999999701976776,all_open,0.1000000014901161,0.5932013988494873,0.1631650328636169,1.0815473740517752e-06,7.474289986930671e-08,180.999999999994,1.0,0.483,50.09999999999715,0.3175869584083557,1.4455143855229835e-06,1.0,902.0
0,1000,0.3,0.5,0.4999999701976776,all_open,0.3000000119209289,0.6502624750137329,0.1572645604610443,1.3238558817091096e-05,2.0595950900315074e-06,159.9999999999952,1.0,0.475,50.19999999999716,0.3175869584083557,1.4455143855229835e-06,1.0,902.0
0,1000,0.3,0.5,0.4999999701976776,all_open,1.0,0.6845356822013855,0.1631571054458618,3.7292132745622784e-05,1.7068734450731426e-05,240.9999999999906,1.0,0.489,50.69999999999712,0.3175869584083557,1.4455143855229835e-06,1.0,902.0
0,1000,0.3,0.5,0.4999999701976776,all_open,3.0,0.6704491972923279,0.167485162615776,5.911725784344917e-05,8.345304377144203e-05,215.999999999992,1.0,0.486,50.59999999999712,0.3175869584083557,1.4455143855229835e-06,1.0,902.0
0,1000,0.3,0.5,0.4999999701976776,all_open,10.0,0.5688482522964478,0.1777883768081665,1.027003175805768e-06,6.71076259095571e-06,213.99999999999213,1.0,0.493,50.19999999999715,0.3175869584083557,1.4455143855229835e-06,1.0,902.0
0,1000,0.3,0.5,0.4999999701976776,all_open,30.0,0.4441904723644256,0.2042947262525558,9.990171173074e-07,0.0009392941137775,230.9999999999912,1.0,0.478,50.69999999999712,0.3175869584083557,1.4455143855229835e-06,1.0,902.0
0,1000,0.3,0.5,0.4999999701976776,all_open,100.0,0.3512305915355682,0.2354148924350738,1.0656462740352829e-06,0.0019829876255244,662.000000000082,1.0,0.491,58.60000000001333,0.3175869584083557,1.4455143855229835e-06,1.0,902.0
0,1000,0.3,0.5,0.4999999701976776,all_open,300.0,0.3176947832107544,0.2308952063322067,9.23915355924377e-07,0.001997483195737,1977.9999999992965,1.0,0.479,138.79999999987376,0.3175869584083557,1.4455143855229835e-06,1.0,902.0
0,1000,0.3,0.699999988079071,0.699999988079071,random,0.1000000014901161,0.6405166387557983,0.1571238934993744,8.526463557275381e-06,5.49406934169383e-07,473.0000000000391,1.0,0.475,50.70000000001153,0.3212065696716308,1.4471474969468543e-06,1.0,902.0
0,1000,0.3,0.699999988079071,0.699999988079071,random,0.3000000119209289,0.7016603946685791,0.1276711970567703,1.5862322468615807e-05,2.037083731920575e-06,176.99999999999423,1.0,0.486,50.69999999999713,0.3212065696716308,1.4471474969468543e-06,1.0,902.0
0,1000,0.3,0.699999988079071,0.699999988079071,random,1.0,0.6626916527748108,0.1587146967649459,0.0003138190729898,0.0001390764955431,315.0000000000031,1.0,0.496,50.20000000001141,0.3212065696716308,1.4471474969468543e-06,1.0,902.0
0,1000,0.3,0.699999988079071,0.699999988079071,random,3.0,0.640031099319458,0.1562046259641647,1.1209218382809491e-06,1.3458358125717496e-06,288.9999999999972,1.0,0.499,50.00000000000651,0.3212065696716308,1.4471474969468543e-06,1.0,902.0
0,1000,0.3,0.699999988079071,0.699999988079071,random,10.0,0.6393744349479675,0.161835640668869,1.359231059765548e-06,3.874261528835632e-05,160.99999999999514,1.0,0.49,50.19999999999716,0.3212065696716308,1.4471474969468543e-06,1.0,902.0
0,1000,0.3,0.699999988079071,0.699999988079071,random,30.0,0.5863440036773682,0.1648779511451721,1.5264247275257755e-06,0.0002104439481627,581.0000000000636,1.0,0.502,50.30000000001144,0.3212065696716308,1.4471474969468543e-06,1.0,902.0
0,1000,0.3,0.699999988079071,0.699999988079071,random,100.0,0.6120319366455078,0.1692777276039123,9.09287114674728e-07,0.0019819668959826,1236.9999999999704,1.0,0.508,194.6999999998229,0.3212065696716308,1.4471474969468543e-06,1.0,902.0
0,1000,0.3,0.699999988079071,0.699999988079071,random,300.0,0.5882452130317688,0.1749773770570755,1.1402493841390778e-06,0.0019960990175604,3161.99999999822,1.0,0.487,263.1999999997606,0.3212065696716308,1.4471474969468543e-06,1.0,902.0
0,1000,0.3,0.699999988079071,0.699999988079071,all_open,0.1000000014901161,0.7299184203147888,0.1407486200332641,1.338986715296264e-05,7.508749035878282e-07,100.99999999999854,1.0,0.509,50.79999999999809,0.3212065696716308,1.4471474969468543e-06,1.0,902.0
0,1000,0.3,0.699999988079071,0.699999988079071,all_open,0.3000000119209289,0.7637228965759277,0.1318786591291427,9.965838244438869e-07,1.11724425266857e-07,88.99999999999922,1.0,0.483,50.099999999998936,0.3212065696716308,1.4471474969468543e-06,1.0,902.0
0,1000,0.3,0.699999988079071,0.699999988079071,all_open,1.0,0.7555801272392273,0.1694833487272262,1.4885511271944158e-06,5.818412773805903e-07,161.99999999999508,1.0,0.505,50.59999999999714,0.3212065696716308,1.4471474969468543e-06,1.0,902.0
0,1000,0.3,0.699999988079071,0.699999988079071,all_open,3.0,0.7142599821090698,0.17066590487957,1.1883216723286437e-06,1.51152164562518e-06,134.99999999999662,1.0,0.506,50.19999999999716,0.3212065696716308,1.4471474969468543e-06,1.0,902.0
0,1000,0.3,0.699999988079071,0.699999988079071,all_open,10.0,0.5762966275215149,0.1910748332738876,9.656919316239484e-07,8.10557776276255e-06,261.9999999999911,1.0,0.496,50.89999999999878,0.3212065696716308,1.4471474969468543e-06,1.0,902.0
0,1000,0.3,0.699999988079071,0.699999988079071,all_open,30.0,0.4466243982315063,0.2013325840234756,2.53628842322289e-06,0.0015292555326595,230.9999999999912,1.0,0.478,50.59999999999712,0.3212065696716308,1.4471474969468543e-06,1.0,902.0
0,1000,0.3,0.699999988079071,0.699999988079071,all_open,100.0,0.3367513716220855,0.200077548623085,9.929796614708858e-07,0.0019994026515632,663.0000000000822,1.0,0.5,79.40000000001805,0.3212065696716308,1.4471474969468543e-06,1.0,902.0
0,1000,0.3,0.699999988079071,0.699999988079071,all_open,300.0,0.321349561214447,0.1996019929647445,9.913311837926874e-07,0.0019956410396844,1976.9999999992967,1.0,0.485,224.69999999979564,0.3212065696716308,1.4471474969468543e-06,1.0,902.0
0,1000,0.3,0.8999999761581421,0.8999999761581421,random,0.1000000014901161,0.7599714398384094,0.1558822691440582,4.293789027224588e-05,2.79194364338764e-06,257.99999999999017,1.0,0.503,50.09999999999769,0.2744193077087402,7.290947905858047e-06,1.0,902.0
0,1000,0.3,0.8999999761581421,0.8999999761581421,random,0.3000000119209289,0.7980948090553284,0.1530427187681198,1.7580187328889208e-05,2.717592224144028e-06,223.9999999999916,1.0,0.511,50.399999999997135,0.2744193077087402,7.290947905858047e-06,1.0,902.0
0,1000,0.3,0.8999999761581421,0.8999999761581421,random,1.0,0.7712022066116333,0.1525241732597351,2.3382455195902907e-05,1.0067456059914548e-05,362.0000000000138,1.0,0.491,50.00000000001137,0.2744193077087402,7.290947905858047e-06,1.0,902.0
0,1000,0.3,0.8999999761581421,0.8999999761581421,random,3.0,0.7637389302253723,0.1499804705381393,4.362100962473223e-06,6.57230157230515e-06,126.99999999999706,1.0,0.497,50.59999999999712,0.2744193077087402,7.290947905858047e-06,1.0,902.0
0,1000,0.3,0.8999999761581421,0.8999999761581421,random,10.0,0.745447039604187,0.1531119346618652,2.859279549282407e-06,3.771402771235444e-05,233.999999999991,1.0,0.492,50.49999999999713,0.2744193077087402,7.290947905858047e-06,1.0,902.0
0,1000,0.3,0.8999999761581421,0.8999999761581421,random,30.0,0.7145971059799194,0.1600492596626281,9.327811029725956e-06,0.0010376634309068,385.00000000001904,1.0,0.496,50.90000000001157,0.2744193077087402,7.290947905858047e-06,1.0,902.0
0,1000,0.3,0.8999999761581421,0.8999999761581421,random,100.0,0.7225803732872009,0.1764375269412994,1.1753535576566055e-06,0.0019981830846518,1618.999999999623,1.0,0.483,62.599999999943066,0.2744193077087402,7.290947905858047e-06,1.0,902.0
0,1000,0.3,0.8999999761581421,0.8999999761581421,random,300.0,0.710037350654602,0.1875146180391311,1.2723852769401651e-06,0.0019949744455516,3200.999999998184,1.0,0.479,385.7999999996491,0.2744193077087402,7.290947905858047e-06,1.0,902.0
0,1000,0.3,0.8999999761581421,0.8999999761581421,all_open,0.1000000014901161,0.7790895104408264,0.1463566571474075,2.019521098081458e-06,1.326094434261904e-07,525.0000000000508,1.0,0.501,50.90000000001152,0.2744193077087402,7.290947905858047e-06,1.0,902.0
0,1000,0.3,0.8999999761581421,0.8999999761581421,all_open,0.3000000119209289,0.8156030178070068,0.1547843068838119,4.5291243991016014e-05,6.112552000558935e-06,141.99999999999622,1.0,0.479,50.19999999999716,0.2744193077087402,7.290947905858047e-06,1.0,902.0
0,1000,0.3,0.8999999761581421,0.8999999761581421,all_open,1.0,0.7657278180122375,0.1728243231773376,1.1213458711430912e-06,4.303362857172033e-07,284.9999999999963,1.0,0.476,50.00000000000537,0.2744193077087402,7.290947905858047e-06,1.0,902.0
0,1000,0.3,0.8999999761581421,0.8999999761581421,all_open,3.0,0.7125406265258789,0.1971232146024704,1.6441763605106495e-05,2.4401173504884355e-05,408.0000000000243,1.0,0.488,50.30000000001144,0.2744193077087402,7.290947905858047e-06,1.0,902.0
0,1000,0.3,0.8999999761581421,0.8999999761581421,all_open,10.0,0.6223666667938232,0.1715350002050399,2.882917729124729e-05,0.0001062968003679,152.9999999999956,1.0,0.507,50.49999999999714,0.2744193077087402,7.290947905858047e-06,1.0,902.0
0,1000,0.3,0.8999999761581421,0.8999999761581421,all_open,30.0,0.4494531750679016,0.2050831913948059,1.1904032775683045e-06,0.0019762578886002,201.9999999999928,1.0,0.474,73.09999999999584,0.2744193077087402,7.290947905858047e-06,1.0,902.0
0,1000,0.3,0.8999999761581421,0.8999999761581421,all_open,100.0,0.3518777191638946,0.2235797494649887,1.0617124401654416e-06,0.0019953434821218,661.0000000000817,1.0,0.493,171.00000000003882,0.2744193077087402,7.290947905858047e-06,1.0,902.0
0,1000,0.3,0.8999999761581421,0.8999999761581421,all_open,300.0,0.3478305041790008,0.2166127860546112,8.964696455351883e-07,0.0019999311771243,1964.9999999993083,1.0,0.481,72.9999999999336,0.2744193077087402,7.290947905858047e-06,1.0,902.0
0,1000,0.4,0.5,0.4999999701976776,random,0.1000000014901161,0.5234038829803467,0.172738641500473,1.015116659497305e-06,7.216610953264535e-08,152.9999999999956,1.0,0.487,50.69999999999713,0.2118476927280426,6.910520369274309e-06,1.0,293.0
0,1000,0.4,0.5,0.4999999701976776,random,0.3000000119209289,0.5497078895568848,0.1574473232030868,2.9580294901188107e-06,3.568255522168329e-07,219.9999999999918,1.0,0.49,50.79999999999711,0.2118476927280426,6.910520369274309e-06,1.0,293.0
0,1000,0.4,0.5,0.4999999701976776,random,1.0,0.53043532371521,0.1493694633245468,1.2529272436454727e-06,5.050263212069694e-07,168.99999999999469,1.0,0.489,50.89999999999712,0.2118476927280426,6.910520369274309e-06,1.0,293.0
0,1000,0.4,0.5,0.4999999701976776,random,3.0,0.4840064644813537,0.1715878844261169,9.50243744687271e-07,1.2165372709205258e-06,206.99999999999253,1.0,0.48,50.49999999999713,0.2118476927280426,6.910520369274309e-06,1.0,293.0
0,1000,0.4,0.5,0.4999999701976776,random,10.0,0.4769151508808136,0.1710360050201416,8.811998536727643e-07,2.670882713573519e-05,367.00000000001495,1.0,0.464,50.50000000001148,0.2118476927280426,6.910520369274309e-06,1.0,293.0
0,1000,0.4,0.5,0.4999999701976776,random,30.0,0.4609299898147583,0.2027945816516876,1.0469221890138911e-06,0.0010560349328443,457.0000000000354,1.0,0.476,50.40000000001146,0.2118476927280426,6.910520369274309e-06,1.0,293.0
0,1000,0.4,0.5,0.4999999701976776,random,100.0,0.4408591687679291,0.1700500696897506,1.272559086642467e-06,0.0019953020382672,1064.0000000001278,1.0,0.472,101.49999999997748,0.2118476927280426,6.910520369274309e-06,1.0,293.0
0,1000,0.4,0.5,0.4999999701976776,random,300.0,0.3841637372970581,0.1570239067077636,9.544945441931991e-07,0.0019949502311646,3408.999999997995,1.0,0.487,594.9999999994589,0.2118476927280426,6.910520369274309e-06,1.0,293.0
0,1000,0.4,0.5,0.4999999701976776,all_open,0.1000000014901161,0.4972574710845947,0.1730996668338775,1.139298502017965e-06,8.367464943148661e-08,231.9999999999911,1.0,0.492,50.399999999997135,0.2118476927280426,6.910520369274309e-06,1.0,293.0
0,1000,0.4,0.5,0.4999999701976776,all_open,0.3000000119209289,0.5664127469062805,0.1563874781131744,1.461177664902368e-05,2.042328105744673e-06,380.0000000000179,1.0,0.476,50.60000000001151,0.2118476927280426,6.910520369274309e-06,1.0,293.0
0,1000,0.4,0.5,0.4999999701976776,all_open,1.0,0.5982162952423096,0.1972246021032333,1.3449004845264376e-06,5.101133524476609e-07,107.99999999999814,1.0,0.483,50.8999999999976,0.2118476927280426,6.910520369274309e-06,1.0,293.0
0,1000,0.4,0.5,0.4999999701976776,all_open,3.0,0.5383378863334656,0.2273890078067779,2.0800796752919234e-06,2.4227731501014205e-06,186.9999999999937,1.0,0.462,50.399999999997135,0.2118476927280426,6.910520369274309e-06,1.0,293.0
0,1000,0.4,0.5,0.4999999701976776,all_open,10.0,0.3764159679412842,0.2054905891418457,1.3284673249228838e-06,3.391663994989358e-05,210.9999999999923,1.0,0.464,50.59999999999712,0.2118476927280426,6.910520369274309e-06,1.0,293.0
0,1000,0.4,0.5,0.4999999701976776,all_open,30.0,0.2913044393062591,0.2415649741888046,8.399629301129823e-06,0.0019833473488688,225.99999999999145,1.0,0.473,51.69999999999706,0.2118476927280426,6.910520369274309e-06,1.0,293.0
0,1000,0.4,0.5,0.4999999701976776,all_open,100.0,0.2186275720596313,0.2471259981393814,1.229474077078048e-06,0.0019876426085829,666.0000000000829,1.0,0.478,104.90000000002384,0.2118476927280426,6.910520369274309e-06,1.0,293.0
0,1000,0.4,0.5,0.4999999701976776,all_open,300.0,0.2063812464475631,0.2235157191753387,1.0559237850755557e-06,0.0019974599126726,1977.9999999992965,1.0,0.489,120.2999999998906,0.2118476927280426,6.910520369274309e-06,1.0,293.0
0,1000,0.4,0.699999988079071,0.6999998688697815,random,0.1000000014901161,0.5830578804016113,0.1422828137874603,1.3322174845466438e-06,8.934229356327705e-08,325.0000000000054,1.0,0.506,50.90000000001157,0.2322416752576828,2.412685944364057e-06,1.0,293.0
0,1000,0.4,0.699999988079071,0.6999998688697815,random,0.3000000119209289,0.5193734765052795,0.1738097965717315,2.04644247713978e-06,2.483852483692317e-07,246.99999999999025,1.0,0.485,50.09999999999715,0.2322416752576828,2.412685944364057e-06,1.0,293.0
0,1000,0.4,0.699999988079071,0.6999998688697815,random,1.0,0.617964506149292,0.1489236503839492,2.9492284773069185e-06,1.3169138810553704e-06,258.9999999999904,1.0,0.488,50.299999999997965,0.2322416752576828,2.412685944364057e-06,1.0,293.0
0,1000,0.4,0.699999988079071,0.6999998688697815,random,3.0,0.5887849926948547,0.167123332619667,1.3269374013667614e-06,1.6338614159394638e-06,247.9999999999902,1.0,0.476,50.29999999999714,0.2322416752576828,2.412685944364057e-06,1.0,293.0
0,1000,0.4,0.699999988079071,0.6999998688697815,random,10.0,0.5530474781990051,0.1606043428182602,1.8955813198830524e-06,1.4994620869401842e-05,440.0000000000316,1.0,0.477,50.40000000001146,0.2322416752576828,2.412685944364057e-06,1.0,293.0
0,1000,0.4,0.699999988079071,0.6999998688697815,random,30.0,0.537706196308136,0.159731775522232,8.858997831506279e-06,0.0019602274987846,298.9999999999995,1.0,0.468,60.80000000000874,0.2322416752576828,2.412685944364057e-06,1.0,293.0
0,1000,0.4,0.699999988079071,0.6999998688697815,random,100.0,0.4841536581516266,0.1828809827566146,8.736469146520451e-07,0.0005071744089946,1826.9999999994336,1.0,0.462,50.29999999995425,0.2322416752576828,2.412685944364057e-06,1.0,293.0
0,1000,0.4,0.699999988079071,0.6999998688697815,random,300.0,0.411352664232254,0.1691152900457382,1.24397284579315e-06,0.0018853348447009,4709.999999999604,1.0,0.484,50.80000000018481,0.2322416752576828,2.412685944364057e-06,1.0,293.0
0,1000,0.4,0.699999988079071,0.6999998688697815,all_open,0.1000000014901161,0.6115614175796509,0.168712705373764,8.552834563929146e-07,5.907335065558073e-08,207.99999999999247,1.0,0.471,50.79999999999711,0.2322416752576828,2.412685944364057e-06,1.0,293.0
0,1000,0.4,0.699999988079071,0.6999998688697815,all_open,0.3000000119209289,0.6054909825325012,0.1552730947732925,1.1361279805089091e-06,1.216236000800564e-07,635.0000000000758,1.0,0.481,50.10000000001139,0.2322416752576828,2.412685944364057e-06,1.0,293.0
0,1000,0.4,0.699999988079071,0.6999998688697815,all_open,1.0,0.6574702262878418,0.2024308741092682,4.774689518539196e-06,2.088246446874109e-06,155.99999999999542,1.0,0.486,50.39999999999715,0.2322416752576828,2.412685944364057e-06,1.0,293.0
0,1000,0.4,0.699999988079071,0.6999998688697815,all_open,3.0,0.5684837698936462,0.2082337886095047,9.746494247276107e-07,1.4064919469092274e-06,426.0000000000284,1.0,0.475,50.00000000001137,0.2322416752576828,2.412685944364057e-06,1.0,293.0
0,1000,0.4,0.699999988079071,0.6999998688697815,all_open,10.0,0.4416223764419555,0.2231475859880447,1.6744679019559133e-06,1.0775051123346202e-05,218.99999999999184,1.0,0.46,50.69999999999712,0.2322416752576828,2.412685944364057e-06,1.0,293.0
0,1000,0.4,0.699999988079071,0.6999998688697815,all_open,30.0,0.294751226902008,0.2189635038375854,1.201069023096456e-06,0.0001744816254358,298.9999999999995,1.0,0.478,50.70000000000931,0.2322416752576828,2.412685944364057e-06,1.0,293.0
0,1000,0.4,0.699999988079071,0.6999998688697815,all_open,100.0,0.2325678020715713,0.2116391062736511,1.2475637369008093e-06,0.0019854607526212,662.000000000082,1.0,0.478,238.0000000000541,0.2322416752576828,2.412685944364057e-06,1.0,293.0
0,1000,0.4,0.699999988079071,0.6999998688697815,all_open,300.0,0.232899397611618,0.1969071477651596,1.1810682149944e-06,0.0019974166061729,1968.9999999993047,1.0,0.473,364.5999999996684,0.2322416752576828,2.412685944364057e-06,1.0,293.0
0,1000,0.4,0.8999999761581421,0.8999999761581421,random,0.1000000014901161,0.6696812510490417,0.1778441220521927,1.2485289701105016e-06,8.086935565643216e-08,236.9999999999908,1.0,0.478,50.399999999997135,0.2332856208086013,1.172711336039356e-06,1.0,293.0
0,1000,0.4,0.8999999761581421,0.8999999761581421,random,0.3000000119209289,0.7266342639923096,0.1500134915113449,1.0353931592704665e-05,1.53346729803161e-06,239.99999999999065,1.0,0.47,50.89999999999711,0.2332856208086013,1.172711336039356e-06,1.0,293.0
0,1000,0.4,0.8999999761581421,0.8999999761581421,random,1.0,0.6568776965141296,0.1790325939655304,9.381916853786372e-07,4.11814653489273e-07,218.99999999999184,1.0,0.481,50.49999999999713,0.2332856208086013,1.172711336039356e-06,1.0,293.0
0,1000,0.4,0.8999999761581421,0.8999999761581421,random,3.0,0.6060881018638611,0.1698180437088012,1.961086365159172e-06,2.619808356030262e-06,571.0000000000613,1.0,0.454,50.20000000001141,0.2332856208086013,1.172711336039356e-06,1.0,293.0
0,1000,0.4,0.8999999761581421,0.8999999761581421,random,10.0,0.6052847504615784,0.1720610707998275,9.845794329831674e-07,8.419990081165452e-06,462.00000000003655,1.0,0.468,50.40000000001146,0.2332856208086013,1.172711336039356e-06,1.0,293.0
0,1000,0.4,0.8999999761581421,0.8999999761581421,random,30.0,0.5901607871055603,0.1839126050472259,1.492809440877825e-06,0.0016051731072366,587.0000000000649,1.0,0.472,50.50000000001148,0.2332856208086013,1.172711336039356e-06,1.0,293.0
0,1000,0.4,0.8999999761581421,0.8999999761581421,random,100.0,0.4799342751502991,0.1796193867921829,9.129148395968122e-07,0.0018842200515791,2052.9999999992283,1.0,0.465,50.39999999995416,0.2332856208086013,1.172711336039356e-06,1.0,293.0
0,1000,0.4,0.8999999761581421,0.8999999761581421,random,300.0,0.5558425188064575,0.1683868467807769,9.326446484523092e-07,0.0019955120515078,3129.9999999982488,1.0,0.463,371.1999999996624,0.2332856208086013,1.172711336039356e-06,1.0,293.0
0,1000,0.4,0.8999999761581421,0.8999999761581421,all_open,0.1000000014901161,0.6685017943382263,0.1743666678667068,9.3873858533747e-07,6.901621674160199e-08,337.00000000000813,1.0,0.48,50.60000000001151,0.2332856208086013,1.172711336039356e-06,1.0,293.0
0,1000,0.4,0.8999999761581421,0.8999999761581421,all_open,0.3000000119209289,0.70574951171875,0.1749293953180313,1.1030396038460875e-06,1.27179362152674e-07,172.99999999999446,1.0,0.474,50.19999999999716,0.2332856208086013,1.172711336039356e-06,1.0,293.0
0,1000,0.4,0.8999999761581421,0.8999999761581421,all_open,1.0,0.7014716267585754,0.185986191034317,6.60993077497267e-06,2.971478352264967e-06,195.99999999999315,1.0,0.475,50.49999999999713,0.2332856208086013,1.172711336039356e-06,1.0,293.0
0,1000,0.4,0.8999999761581421,0.8999999761581421,all_open,3.0,0.6713012456893921,0.1939969509840011,0.0002490795676641,0.0002844449772965,464.000000000037,1.0,0.499,50.20000000001141,0.2332856208086013,1.172711336039356e-06,1.0,293.0
0,1000,0.4,0.8999999761581421,0.8999999761581421,all_open,10.0,0.4918558299541473,0.2501915097236633,1.2105511530512775e-06,1.4509933862427715e-05,239.99999999999065,1.0,0.455,50.89999999999711,0.2332856208086013,1.172711336039356e-06,1.0,293.0
0,1000,0.4,0.8999999761581421,0.8999999761581421,all_open,30.0,0.3222427368164062,0.2107243686914444,1.1011725354314247e-06,0.0003913877008017,252.9999999999899,1.0,0.473,50.19999999999715,0.2332856208086013,1.172711336039356e-06,1.0,293.0
0,1000,0.4,0.8999999761581421,0.8999999761581421,all_open,100.0,0.2351316809654235,0.208044558763504,1.1711628202267625e-06,0.0019857604056596,666.0000000000829,1.0,0.483,250.30000000005683,0.2332856208086013,1.172711336039356e-06,1.0,293.0
0,1000,0.4,0.8999999761581421,0.8999999761581421,all_open,300.0,0.23491732776165,0.1897487193346023,1.115397199597537e-06,0.0019971386063843,1970.9999999993029,1.0,0.468,278.3999999997468,0.2332856208086013,1.172711336039356e-06,1.0,293.0
0,1000,0.5,0.5,0.4999999701976776,random,0.1000000014901161,0.5828551054000854,0.1290328353643417,2.156049771724166e-06,1.4698353822950597e-07,228.99999999999127,1.0,0.483,50.09999999999715,0.1394878327846527,7.743773494439665e-06,1.0,488.0
0,1000,0.5,0.5,0.4999999701976776,random,0.3000000119209289,0.5283046960830688,0.1490517407655716,8.832875082216139e-07,1.089861569880668e-07,350.0000000000111,1.0,0.49,50.80000000001155,0.1394878327846527,7.743773494439665e-06,1.0,488.0
0,1000,0.5,0.5,0.4999999701976776,random,1.0,0.5113053321838379,0.171079471707344,1.057765123038519e-06,4.502467163547408e-07,640.000000000077,1.0,0.477,50.90000000001157,0.1394878327846527,7.743773494439665e-06,1.0,488.0
0,1000,0.5,0.5,0.4999999701976776,random,3.0,0.4882876873016357,0.1586583852767944,9.781689929537703e-07,1.3190699519327609e-06,460.0000000000361,1.0,0.499,50.60000000001151,0.1394878327846527,7.743773494439665e-06,1.0,488.0
0,1000,0.5,0.5,0.4999999701976776,random,10.0,0.4799242913722992,0.159813567996025,8.63992928754552e-07,4.089066715096124e-05,316.0000000000033,1.0,0.485,50.90000000001157,0.1394878327846527,7.743773494439665e-06,1.0,488.0
0,1000,0.5,0.5,0.4999999701976776,random,30.0,0.4830609560012817,0.1733354479074478,8.884475024227165e-07,0.0014914663042873,344.0000000000097,1.0,0.52,50.80000000001155,0.1394878327846527,7.743773494439665e-06,1.0,488.0
0,1000,0.5,0.5,0.4999999701976776,random,100.0,0.4102523922920227,0.2142135798931121,8.64746650611811e-07,0.0015548230148851,1633.9999999996094,1.0,0.522,50.29999999995425,0.1394878327846527,7.743773494439665e-06,1.0,488.0
0,1000,0.5,0.5,0.4999999701976776,random,300.0,0.3964219987392425,0.1920676380395889,1.096887223155787e-06,0.0019976231269538,3363.999999998036,1.0,0.509,220.29999999979964,0.1394878327846527,7.743773494439665e-06,1.0,488.0
0,1000,0.5,0.5,0.4999999701976776,all_open,0.1000000014901161,0.5546731352806091,0.1488403975963592,9.774967118629466e-07,6.670543939435447e-08,229.9999999999912,1.0,0.507,50.59999999999712,0.1394878327846527,7.743773494439665e-06,1.0,488.0
0,1000,0.5,0.5,0.4999999701976776,all_open,0.3000000119209289,0.5499721169471741,0.1600371897220611,2.101972900022686e-06,2.720380791743082e-07,458.0000000000357,1.0,0.475,50.90000000001157,0.1394878327846527,7.743773494439665e-06,1.0,488.0
0,1000,0.5,0.5,0.4999999701976776,all_open,1.0,0.5790106058120728,0.1821867078542709,9.468610324915522e-07,4.030950435662817e-07,358.0000000000129,1.0,0.482,50.20000000001141,0.1394878327846527,7.743773494439665e-06,1.0,488.0
0,1000,0.5,0.5,0.4999999701976776,all_open,3.0,0.522302508354187,0.19606414437294,1.0448273182039172e-06,1.4622562503063818e-06,176.99999999999423,1.0,0.493,50.89999999999712,0.1394878327846527,7.743773494439665e-06,1.0,488.0
0,1000,0.5,0.5,0.4999999701976776,all_open,10.0,0.4540038406848907,0.1783597022294998,9.944410264681957e-07,1.845616316131781e-05,182.9999999999939,1.0,0.506,50.29999999999714,0.1394878327846527,7.743773494439665e-06,1.0,488.0
0,1000,0.5,0.5,0.4999999701976776,all_open,30.0,0.3669953048229217,0.1677928864955902,1.1042724247329754e-06,0.0003111255355179,294.9999999999986,1.0,0.516,50.40000000000819,0.1394878327846527,7.743773494439665e-06,1.0,488.0
0,1000,0.5,0.5,0.4999999701976776,all_open,100.0,0.2663829922676086,0.1741127371788025,1.158320183151835e-06,0.0019918694160878,672.0000000000842,1.0,0.505,127.90000000002908,0.1394878327846527,7.743773494439665e-06,1.0,488.0
0,1000,0.5,0.5,0.4999999701976776,all_open,300.0,0.1865972727537155,0.1995867937803268,1.1525551306819844e-06,0.0019943288061767,1987.999999999288,1.0,0.475,432.4999999996066,0.1394878327846527,7.743773494439665e-06,1.0,488.0
0,1000,0.5,0.699999988079071,0.699999988079071,random,0.1000000014901161,0.582942545413971,0.1543326675891876,3.0770077491165627e-06,2.098846181297631e-07,482.0000000000411,1.0,0.494,50.90000000001157,0.2626241445541382,1.0401582812846757e-06,1.0,488.0
0,1000,0.5,0.699999988079071,0.699999988079071,random,0.3000000119209289,0.6842380166053772,0.1439908146858215,8.18535279136006e-07,1.0285337737059309e-07,171.99999999999451,1.0,0.49,50.29999999999716,0.2626241445541382,1.0401582812846757e-06,1.0,488.0
0,1000,0.5,0.699999988079071,0.699999988079071,random,1.0,0.6315375566482544,0.1584010273218155,9.630467827852309e-07,4.461466005523107e-07,213.99999999999213,1.0,0.487,50.69999999999712,0.2626241445541382,1.0401582812846757e-06,1.0,488.0
0,1000,0.5,0.699999988079071,0.699999988079071,random,3.0,0.7188159227371216,0.1415581554174423,8.521175536162282e-07,1.312742028858338e-06,141.99999999999622,1.0,0.495,50.099999999997166,0.2626241445541382,1.0401582812846757e-06,1.0,488.0
0,1000,0.5,0.699999988079071,0.699999988079071,random,10.0,0.5436474084854126,0.1651459634304046,8.71339311997122e-06,7.542049570474774e-05,373.0000000000163,1.0,0.482,50.20000000001141,0.2626241445541382,1.0401582812846757e-06,1.0,488.0
0,1000,0.5,0.699999988079071,0.699999988079071,random,30.0,0.5262200832366943,0.1571336537599563,9.55691873972772e-07,0.0009360815165564,678.0000000000856,1.0,0.49,50.50000000001148,0.2626241445541382,1.0401582812846757e-06,1.0,488.0
0,1000,0.5,0.699999988079071,0.699999988079071,random,100.0,0.4889575839042663,0.163419559597969,9.095464565567686e-07,0.0019466835074126,902.0000000001364,1.0,0.51,50.60000000001151,0.2626241445541382,1.0401582812846757e-06,1.0,488.0
0,1000,0.5,0.699999988079071,0.699999988079071,random,300.0,0.5315950512886047,0.1996641010046005,8.383363317691156e-07,0.0019941767677664,2827.9999999985234,1.0,0.509,482.8999999995608,0.2626241445541382,1.0401582812846757e-06,1.0,488.0
0,1000,0.5,0.699999988079071,0.699999988079071,all_open,0.1000000014901161,0.7068283557891846,0.1231666877865791,1.2382299445583888e-05,7.943048103697947e-07,340.0000000000088,1.0,0.502,50.40000000001146,0.2626241445541382,1.0401582812846757e-06,1.0,488.0
0,1000,0.5,0.699999988079071,0.699999988079071,all_open,0.3000000119209289,0.7247095704078674,0.1411712616682052,1.4466872393436049e-06,2.04104040335551e-07,130.99999999999685,1.0,0.478,50.59999999999714,0.2626241445541382,1.0401582812846757e-06,1.0,488.0
0,1000,0.5,0.699999988079071,0.699999988079071,all_open,1.0,0.5587009191513062,0.1373760402202606,1.246279761240974e-06,4.997344831281225e-07,630.0000000000747,1.0,0.486,50.20000000001141,0.2626241445541382,1.0401582812846757e-06,1.0,488.0
0,1000,0.5,0.699999988079071,0.699999988079071,all_open,3.0,0.5674698352813721,0.1462217420339584,1.2315549283335196e-06,1.5827345123398118e-06,401.0000000000227,1.0,0.482,50.10000000001139,0.2626241445541382,1.0401582812846757e-06,1.0,488.0
0,1000,0.5,0.699999988079071,0.699999988079071,all_open,10.0,0.4289102256298065,0.1678106933832168,1.0336124745797698e-06,1.981093555514235e-05,185.9999999999937,1.0,0.491,50.69999999999712,0.2626241445541382,1.0401582812846757e-06,1.0,488.0
0,1000,0.5,0.699999988079071,0.699999988079071,all_open,30.0,0.3376108705997467,0.1643504351377487,1.0707939329822556e-06,0.0007531409501098,235.99999999999088,1.0,0.495,50.29999999999714,0.2626241445541382,1.0401582812846757e-06,1.0,488.0
0,1000,0.5,0.699999988079071,0.699999988079071,all_open,100.0,0.283534288406372,0.1724277287721634,1.1109211160206498e-06,0.001990488031879,693.000000000089,1.0,0.491,103.40000000002352,0.2626241445541382,1.0401582812846757e-06,1.0,488.0
0,1000,0.5,0.699999988079071,0.699999988079071,all_open,300.0,0.2677967250347137,0.181289255619049,1.161435934536555e-06,0.0019976450130343,1974.9999999992992,1.0,0.483,418.4999999996194,0.2626241445541382,1.0401582812846757e-06,1.0,488.0
0,1000,0.5,0.8999999761581421,0.8999999165534973,random,0.1000000014901161,0.7303846478462219,0.1289521753787994,7.311998770056227e-06,4.0487066144123673e-07,299.9999999999997,1.0,0.498,50.20000000000962,0.2493754625320434,1.0907715477515012e-06,1.0,488.0
0,1000,0.5,0.8999999761581421,0.8999999165534973,random,0.3000000119209289,0.7878571152687073,0.1238964200019836,5.274268845758795e-06,6.923033311068139e-07,124.99999999999716,1.0,0.501,50.49999999999713,0.2493754625320434,1.0907715477515012e-06,1.0,488.0
0,1000,0.5,0.8999999761581421,0.8999999165534973,random,1.0,0.7884562015533447,0.1168542355298996,1.3392977877303226e-05,5.487403086590348e-06,127.999999999997,1.0,0.495,50.09999999999715,0.2493754625320434,1.0907715477515012e-06,1.0,488.0
0,1000,0.5,0.8999999761581421,0.8999999165534973,random,3.0,0.7882024049758911,0.1304030567407608,8.561119452408641e-07,1.4442198335018477e-06,121.99999999999734,1.0,0.498,50.19999999999715,0.2493754625320434,1.0907715477515012e-06,1.0,488.0
0,1000,0.5,0.8999999761581421,0.8999999165534973,random,10.0,0.7093834280967712,0.152636706829071,9.329379931696176e-07,1.5819070540601388e-05,175.9999999999943,1.0,0.487,50.69999999999713,0.2493754625320434,1.0907715477515012e-06,1.0,488.0
0,1000,0.5,0.8999999761581421,0.8999999165534973,random,30.0,0.6557703614234924,0.1618522852659225,9.142624296699972e-07,0.0007655608933418,516.0000000000488,1.0,0.511,50.90000000001152,0.2493754625320434,1.0907715477515012e-06,1.0,488.0
0,1000,0.5,0.8999999761581421,0.8999999165534973,random,100.0,0.5964513421058655,0.1697260290384292,9.220960602008708e-07,0.001983709167689,1314.9999999998995,1.0,0.508,71.7999999999347,0.2493754625320434,1.0907715477515012e-06,1.0,488.0
0,1000,0.5,0.8999999761581421,0.8999999165534973,random,300.0,0.5612573027610779,0.2171051204204559,1.0875713422863196e-06,0.001997664803639,4156.999999997592,1.0,0.516,454.4999999998636,0.2493754625320434,1.0907715477515012e-06,1.0,488.0
0,1000,0.5,0.8999999761581421,0.8999999165534973,all_open,0.1000000014901161,0.777969479560852,0.1277815997600555,9.3545473121921e-07,7.183938777188814e-08,146.99999999999594,1.0,0.503,50.19999999999716,0.2493754625320434,1.0907715477515012e-06,1.0,488.0
0,1000,0.5,0.8999999761581421,0.8999999165534973,all_open,0.3000000119209289,0.7434526085853577,0.1296886056661605,3.406027887502936e-06,4.893667551186809e-07,228.99999999999127,1.0,0.495,50.89999999999711,0.2493754625320434,1.0907715477515012e-06,1.0,488.0
0,1000,0.5,0.8999999761581421,0.8999999165534973,all_open,1.0,0.7725503444671631,0.1265575289726257,8.929057060950511e-07,3.92257078374314e-07,152.9999999999956,1.0,0.491,50.69999999999713,0.2493754625320434,1.0907715477515012e-06,1.0,488.0
0,1000,0.5,0.8999999761581421,0.8999999165534973,all_open,3.0,0.7128915786743164,0.1524291485548019,1.193160687900602e-06,1.477623186474375e-06,162.99999999999503,1.0,0.509,50.29999999999716,0.2493754625320434,1.0907715477515012e-06,1.0,488.0
0,1000,0.5,0.8999999761581421,0.8999999165534973,all_open,10.0,0.4930669367313385,0.1877318769693374,1.2106209513362574e-05,5.693389539374039e-05,282.99999999999585,1.0,0.479,50.80000000000476,0.2493754625320434,1.0907715477515012e-06,1.0,488.0
0,1000,0.5,0.8999999761581421,0.8999999165534973,all_open,30.0,0.375329852104187,0.1800822913646698,1.1041719452063037e-06,0.001506452448666,214.99999999999207,1.0,0.48,50.69999999999712,0.2493754625320434,1.0907715477515012e-06,1.0,488.0
0,1000,0.5,0.8999999761581421,0.8999999165534973,all_open,100.0,0.2756585776805877,0.1817695051431656,1.3065715689392237e-06,0.001985152484849,666.0000000000829,1.0,0.506,214.7000000000488,0.2493754625320434,1.0907715477515012e-06,1.0,488.0
0,1000,0.5,0.8999999761581421,0.8999999165534973,all_open,300.0,0.2335391193628311,0.199472889304161,1.209353635040181e-06,0.0019972256850451,1993.999999999282,1.0,0.51,454.8999999995863,0.2493754625320434,1.0907715477515012e-06,1.0,488.0
1,1000,0.1,0.5,0.5,random,0.1000000014901161,0.8039664030075073,0.100087434053421,1.101423242494658e-06,6.221854675914075e-08,58.00000000000056,1.0,0.492,50.00000000000057,0.9895783066749572,1.881088110167184e-06,1.0,24.0
1,1000,0.1,0.5,0.5,random,0.3000000119209289,0.8234961032867432,0.1095635965466499,1.243565011219375e-06,1.121743054000035e-07,57.00000000000054,1.0,0.488,50.20000000000055,0.9895783066749572,1.881088110167184e-06,1.0,24.0
1,1000,0.1,0.5,0.5,random,1.0,0.8452666997909546,0.1028956323862075,1.217644039331021e-06,4.057620515141025e-07,62.00000000000061,1.0,0.489,50.00000000000064,0.9895783066749572,1.881088110167184e-06,1.0,24.0
1,1000,0.1,0.5,0.5,random,3.0,0.846230685710907,0.0996990129351615,1.2091768943771042e-06,1.3756781527263229e-06,75.99999999999996,1.0,0.495,50.09999999999986,0.9895783066749572,1.881088110167184e-06,1.0,24.0
1,1000,0.1,0.5,0.5,random,10.0,0.847669243812561,0.0992677137255668,1.1321496766199245e-06,4.849947799812071e-06,233.999999999991,1.0,0.504,50.29999999999714,0.9895783066749572,1.881088110167184e-06,1.0,24.0
1,1000,0.1,0.5,0.5,random,30.0,0.835081934928894,0.1029653921723365,9.847646882052845e-07,0.001573366113007,233.999999999991,1.0,0.494,50.29999999999714,0.9895783066749572,1.881088110167184e-06,1.0,24.0
1,1000,0.1,0.5,0.5,random,100.0,0.8419229984283447,0.1012575924396514,1.2261792970416937e-06,0.0019974829629063,925.0000000001418,1.0,0.497,140.20000000003188,0.9895783066749572,1.881088110167184e-06,1.0,24.0
1,1000,0.1,0.5,0.5,random,300.0,0.791057288646698,0.1282906979322433,1.5154763565400254e-06,0.0019982489757239,2718.9999999986226,1.0,0.496,83.59999999992397,0.9895783066749572,1.881088110167184e-06,1.0,24.0
1,1000,0.1,0.5,0.5,all_open,0.1000000014901161,0.8459492325782776,0.0928617119789123,1.0652892490462275e-06,5.8793126811451664e-08,55.00000000000051,1.0,0.491,50.50000000000051,0.9895783066749572,1.881088110167184e-06,1.0,24.0
1,1000,0.1,0.5,0.5,all_open,0.3000000119209289,0.9090432524681092,0.0971858501434326,1.2941699449759783e-06,1.1816175771173221e-07,63.00000000000063,1.0,0.496,50.80000000000065,0.9895783066749572,1.881088110167184e-06,1.0,24.0
1,1000,0.1,0.5,0.5,all_open,1.0,0.9736207127571106,0.0928675755858421,1.422497982561108e-06,4.815304350813676e-07,57.00000000000054,1.0,0.502,50.800000000000544,0.9895783066749572,1.881088110167184e-06,1.0,24.0
1,1000,0.1,0.5,0.5,all_open,3.0,0.9875686168670654,0.0904055014252662,1.3938961050567955e-06,1.5309458376577822e-06,65.00000000000058,1.0,0.493,50.20000000000062,0.9895783066749572,1.881088110167184e-06,1.0,24.0
1,1000,0.1,0.5,0.5,all_open,10.0,0.9895284175872804,0.0900199562311172,1.4676139895463618e-06,4.7345627535833046e-05,102.99999999999842,1.0,0.496,50.49999999999795,0.9895783066749572,1.881088110167184e-06,1.0,24.0
1,1000,0.1,0.5,0.5,all_open,30.0,0.9895773530006408,0.0899912118911743,1.4461768772305324e-06,0.0015502908499911,203.9999999999927,1.0,0.496,50.59999999999712,0.9895783066749572,1.881088110167184e-06,1.0,24.0
1,1000,0.1,0.5,0.5,all_open,100.0,0.98957759141922,0.0899909809231758,1.3861023460793784e-06,0.0019879499450325,655.0000000000804,1.0,0.496,144.1000000000327,0.9895783066749572,1.881088110167184e-06,1.0,24.0
1,1000,0.1,0.5,0.5,all_open,300.0,0.989578366279602,0.0899909511208534,1.2681358857481143e-06,0.0019967993721365,1963.9999999993088,1.0,0.496,430.6999999996083,0.9895783066749572,1.881088110167184e-06,1.0,24.0
1,1000,0.1,0.699999988079071,0.699999988079071,random,0.1000000014901161,0.8875203132629395,0.0876887887716293,1.211931522200976e-06,6.130522223202206e-08,54.0000000000005,1.0,0.495,50.70000000000049,0.989578366279602,1.832093289522163e-06,1.0,24.0
1,1000,0.1,0.699999988079071,0.699999988079071,random,0.3000000119209289,0.8972674608230591,0.0914297327399253,1.2939810088990172e-06,1.206101245543323e-07,56.000000000000526,1.0,0.5,50.80000000000053,0.989578366279602,1.832093289522163e-06,1.0,24.0
1,1000,0.1,0.699999988079071,0.699999988079071,random,1.0,0.9034427404403688,0.0897537544369697,1.2400133937203585e-06,4.4540851718011254e-07,61.0000000000006,1.0,0.507,50.50000000000062,0.989578366279602,1.832093289522163e-06,1.0,24.0
1,1000,0.1,0.699999988079071,0.699999988079071,random,3.0,0.9024422764778136,0.088503286242485,1.2423750944947075e-06,1.4207032563717803e-06,70.0000000000003,1.0,0.506,50.40000000000029,0.989578366279602,1.832093289522163e-06,1.0,24.0
1,1000,0.1,0.699999988079071,0.699999988079071,random,10.0,0.9041687846183776,0.0881061404943466,1.294938779928333e-06,5.559400233323686e-05,102.99999999999842,1.0,0.507,50.399999999997945,0.989578366279602,1.832093289522163e-06,1.0,24.0
1,1000,0.1,0.699999988079071,0.699999988079071,random,30.0,0.9042983651161194,0.0878714919090271,1.2616211545984167e-06,0.0013522482477128,212.99999999999216,1.0,0.508,50.79999999999711,0.989578366279602,1.832093289522163e-06,1.0,24.0
1,1000,0.1,0.699999988079071,0.699999988079071,random,100.0,0.9043254256248474,0.087838739156723,1.3045279521428472e-06,0.0019980422221124,671.000000000084,1.0,0.508,133.90000000003045,0.989578366279602,1.832093289522163e-06,1.0,24.0
1,1000,0.1,0.699999988079071,0.699999988079071,random,300.0,0.9043366312980652,0.0879080072045326,1.4817260424362708e-06,0.0019987071864306,2012.999999999265,1.0,0.508,389.199999999646,0.989578366279602,1.832093289522163e-06,1.0,24.0
1,1000,0.1,0.699999988079071,0.699999988079071,all_open,0.1000000014901161,0.9178645014762878,0.0878853574395179,1.309584373975394e-06,6.395050178298335e-08,58.00000000000056,1.0,0.501,50.40000000000057,0.989578366279602,1.832093289522163e-06,1.0,24.0
1,1000,0.1,0.699999988079071,0.699999988079071,all_open,0.3000000119209289,0.9571601748466492,0.0912156552076339,1.3246971478987118e-06,1.3012680710744462e-07,55.00000000000051,1.0,0.503,50.200000000000514,0.989578366279602,1.832093289522163e-06,1.0,24.0
1,1000,0.1,0.699999988079071,0.699999988079071,all_open,1.0,0.9841204881668092,0.0906377732753753,1.294901136366012e-06,4.750220057303523e-07,58.00000000000056,1.0,0.496,50.50000000000057,0.989578366279602,1.832093289522163e-06,1.0,24.0
1,1000,0.1,0.699999988079071,0.699999988079071,all_open,3.0,0.9891446828842164,0.0899960920214653,1.3067942362571626e-06,1.469567791900772e-06,68.00000000000041,1.0,0.497,50.80000000000044,0.989578366279602,1.832093289522163e-06,1.0,24.0
1,1000,0.1,0.699999988079071,0.699999988079071,all_open,10.0,0.9895758032798768,0.0899897068738937,1.366426073760125e-06,5.184212204767391e-05,101.99999999999848,1.0,0.496,50.49999999999802,0.989578366279602,1.832093289522163e-06,1.0,24.0
1,1000,0.1,0.699999988079071,0.699999988079071,all_open,30.0,0.9895777106285096,0.0899909138679504,1.312353365337748e-06,0.0015478453133255,203.9999999999927,1.0,0.496,50.69999999999712,0.989578366279602,1.832093289522163e-06,1.0,24.0
1,1000,0.1,0.699999988079071,0.699999988079071,all_open,100.0,0.9895776510238647,0.0899909660220146,1.4195082543579487e-06,0.0019870658870786,655.0000000000804,1.0,0.496,143.90000000003266,0.989578366279602,1.832093289522163e-06,1.0,24.0
1,1000,0.1,0.699999988079071,0.699999988079071,all_open,300.0,0.989578366279602,0.0899909511208534,1.4255240234234114e-06,0.0019964731764048,1963.9999999993088,1.0,0.496,430.49999999960846,0.989578366279602,1.832093289522163e-06,1.0,24.0
1,1000,0.1,0.8999999761581421,0.8999998569488525,random,0.1000000014901161,0.959208607673645,0.0848897472023963,1.3634899329898891e-06,6.206651192997016e-08,55.00000000000051,1.0,0.499,50.00000000000051,0.989578366279602,1.877472300293448e-06,1.0,24.0
1,1000,0.1,0.8999999761581421,0.8999998569488525,random,0.3000000119209289,0.9621406197547911,0.0851958692073822,1.321643600883786e-06,1.3123418796112676e-07,63.00000000000063,1.0,0.503,50.600000000000655,0.989578366279602,1.877472300293448e-06,1.0,24.0
1,1000,0.1,0.8999999761581421,0.8999998569488525,random,1.0,0.9636784195899964,0.0865564122796058,1.387243513968538e-06,4.6835583589199814e-07,64.00000000000064,1.0,0.515,50.70000000000067,0.989578366279602,1.877472300293448e-06,1.0,24.0
1,1000,0.1,0.8999999761581421,0.8999998569488525,random,3.0,0.9653910398483276,0.0875163376331329,1.3483478384190689e-06,1.5468835954379756e-06,102.99999999999842,1.0,0.506,50.09999999999794,0.989578366279602,1.877472300293448e-06,1.0,24.0
1,1000,0.1,0.8999999761581421,0.8999998569488525,random,10.0,0.9660044312477112,0.087823748588562,1.3060716757281114e-06,7.411477781715803e-06,167.99999999999474,1.0,0.507,50.49999999999714,0.989578366279602,1.877472300293448e-06,1.0,24.0
1,1000,0.1,0.8999999761581421,0.8999998569488525,random,30.0,0.9659649133682252,0.0878555327653884,1.3761005378033563e-06,9.421960567124188e-05,424.0000000000279,1.0,0.507,50.70000000001153,0.989578366279602,1.877472300293448e-06,1.0,24.0
1,1000,0.1,0.8999999761581421,0.8999998569488525,random,100.0,0.9659406542778016,0.0878784880042076,1.6718106360424184e-06,0.0016605331329628,1128.0000000000696,1.0,0.505,50.89999999995371,0.989578366279602,1.877472300293448e-06,1.0,24.0
1,1000,0.1,0.8999999761581421,0.8999998569488525,random,300.0,0.9659413695335388,0.0878820270299911,1.5971747849697017e-06,0.0019962287042289,3325.9999999980705,1.0,0.505,87.69999999992024,0.989578366279602,1.877472300293448e-06,1.0,24.0
1,1000,0.1,0.8999999761581421,0.8999998569488525,all_open,0.1000000014901161,0.9731290340423584,0.0864825993776321,1.328297242599528e-06,6.211421066382172e-08,56.000000000000526,1.0,0.502,50.40000000000053,0.989578366279602,1.877472300293448e-06,1.0,24.0
1,1000,0.1,0.8999999761581421,0.8999998569488525,all_open,0.3000000119209289,0.9845283031463624,0.088221438229084,1.349159530192653e-06,1.3398478415638237e-07,58.00000000000056,1.0,0.498,50.00000000000057,0.989578366279602,1.877472300293448e-06,1.0,24.0
1,1000,0.1,0.8999999761581421,0.8999998569488525,all_open,1.0,0.9896353483200072,0.0890901312232017,1.3806055422655884e-06,4.719782111806126e-07,59.00000000000057,1.0,0.499,50.90000000000058,0.989578366279602,1.877472300293448e-06,1.0,24.0
1,1000,0.1,0.8999999761581421,0.8999998569488525,all_open,3.0,0.9898884296417236,0.0896874442696571,1.3851275736686792e-06,1.5460632312169764e-06,73.00000000000013,1.0,0.497,50.90000000000008,0.989578366279602,1.877472300293448e-06,1.0,24.0
1,1000,0.1,0.8999999761581421,0.8999998569488525,all_open,10.0,0.9896116852760316,0.0899654850363731,1.3156384994457445e-06,4.678881668951362e-05,102.99999999999842,1.0,0.496,50.999999999997954,0.989578366279602,1.877472300293448e-06,1.0,24.0
1,1000,0.1,0.8999999761581421,0.8999998569488525,all_open,30.0,0.9895780682563782,0.0899906307458877,1.2674686806006995e-06,0.0015467337798327,203.9999999999927,1.0,0.496,50.49999999999713,0.989578366279602,1.877472300293448e-06,1.0,24.0
1,1000,0.1,0.8999999761581421,0.8999998569488525,all_open,100.0,0.9895776510238647,0.0899909660220146,1.4142745541048154e-06,0.0019864505156874,655.0000000000804,1.0,0.496,143.70000000003262,0.989578366279602,1.877472300293448e-06,1.0,24.0
1,1000,0.1,0.8999999761581421,0.8999998569488525,all_open,300.0,0.989578366279602,0.0899909511208534,1.419855819828594e-06,0.0019962720107287,1963.9999999993088,1.0,0.496,430.29999999960864,0.989578366279602,1.877472300293448e-06,1.0,24.0
1,1000,0.2,0.5,0.5,random,0.1000000014901161,0.6288095712661743,0.1646262854337692,1.0817542013914946e-05,7.197102149802959e-07,145.999999999996,1.0,0.477,50.19999999999716,0.348261684179306,9.177135325444397e-06,1.0,341.0
1,1000,0.2,0.5,0.5,random,0.3000000119209289,0.67546147108078,0.1373494863510131,1.4340819799777244e-05,1.966844138223678e-06,140.99999999999628,1.0,0.491,50.099999999997166,0.348261684179306,9.177135325444397e-06,1.0,341.0
1,1000,0.2,0.5,0.5,random,1.0,0.7044855952262878,0.1265043318271637,1.973953344336199e-06,7.039454317236959e-07,91.99999999999903,1.0,0.498,50.79999999999873,0.348261684179306,9.177135325444397e-06,1.0,341.0
1,1000,0.2,0.5,0.5,random,3.0,0.6676069498062134,0.1504698544740677,2.020588666621076e-05,2.963747283502016e-05,376.000000000017,1.0,0.484,50.90000000001157,0.348261684179306,9.177135325444397e-06,1.0,341.0
1,1000,0.2,0.5,0.5,random,10.0,0.6181018948554993,0.1461735218763351,2.079179461706993e-05,0.0001400436594849,404.00000000002336,1.0,0.513,50.20000000001141,0.348261684179306,9.177135325444397e-06,1.0,341.0
1,1000,0.2,0.5,0.5,random,30.0,0.5267331600189209,0.1916073262691497,1.1115729138884156e-06,0.0005006473511457,461.0000000000363,1.0,0.505,50.20000000001141,0.348261684179306,9.177135325444397e-06,1.0,341.0
1,1000,0.2,0.5,0.5,random,100.0,0.4923481941223144,0.2007544189691543,9.418161259428304e-07,0.0019979204516857,1181.0000000000214,1.0,0.482,176.59999999986155,0.348261684179306,9.177135325444397e-06,1.0,341.0
1,1000,0.2,0.5,0.5,random,300.0,0.4607440531253814,0.2018704116344452,1.243472519352326e-06,0.0019946792162954,3706.999999997724,1.0,0.513,161.1999999998534,0.348261684179306,9.177135325444397e-06,1.0,341.0
1,1000,0.2,0.5,0.5,all_open,0.1000000014901161,0.6712477207183838,0.1367475837469101,2.5076330777523548e-05,1.5020937098597642e-06,120.9999999999974,1.0,0.482,50.09999999999715,0.348261684179306,9.177135325444397e-06,1.0,341.0
1,1000,0.2,0.5,0.5,all_open,0.3000000119209289,0.7100259065628052,0.1488042324781417,2.348057970557497e-05,3.2467785331391497e-06,142.99999999999616,1.0,0.483,50.29999999999716,0.348261684179306,9.177135325444397e-06,1.0,341.0
1,1000,0.2,0.5,0.5,all_open,1.0,0.7726359963417053,0.1438923180103302,1.1092018777343429e-06,4.172134993041255e-07,88.99999999999922,1.0,0.509,50.89999999999895,0.348261684179306,9.177135325444397e-06,1.0,341.0
1,1000,0.2,0.5,0.5,all_open,3.0,0.7098886370658875,0.1618047803640365,1.2596475318892056e-06,1.4319836054710322e-06,113.9999999999978,1.0,0.508,50.599999999997166,0.348261684179306,9.177135325444397e-06,1.0,341.0
1,1000,0.2,0.5,0.5,all_open,10.0,0.6351916790008545,0.1773251593112945,1.7236463714744156e-06,3.224598549422808e-05,127.999999999997,1.0,0.512,50.69999999999712,0.348261684179306,9.177135325444397e-06,1.0,341.0
1,1000,0.2,0.5,0.5,all_open,30.0,0.521495521068573,0.2156309485435485,1.0247688919454747e-06,0.0001827950327424,272.9999999999936,1.0,0.501,50.30000000000194,0.348261684179306,9.177135325444397e-06,1.0,341.0
1,1000,0.2,0.5,0.5,all_open,100.0,0.3557408452033996,0.250848650932312,1.153941260097582e-06,0.0019849087111651,669.0000000000836,1.0,0.523,58.00000000001319,0.348261684179306,9.177135325444397e-06,1.0,341.0
1,1000,0.2,0.5,0.5,all_open,300.0,0.3483636975288391,0.2568691670894623,1.3828057273268466e-06,0.0019958622287958,1990.999999999285,1.0,0.535,86.89999999992096,0.348261684179306,9.177135325444397e-06,1.0,341.0
1,1000,0.2,0.699999988079071,0.699999988079071,random,0.1000000014901161,0.7561591267585754,0.1356289982795715,3.2481043657082177e-06,2.108694587832361e-07,136.9999999999965,1.0,0.501,50.89999999999712,0.3580744862556457,1.510965489615046e-06,1.0,341.0
1,1000,0.2,0.699999988079071,0.699999988079071,random,0.3000000119209289,0.7711170315742493,0.132515087723732,9.763720372319155e-06,1.3651526842295425e-06,106.9999999999982,1.0,0.512,50.19999999999766,0.3580744862556457,1.510965489615046e-06,1.0,341.0
1,1000,0.2,0.699999988079071,0.699999988079071,random,1.0,0.7941533327102661,0.1187533587217331,1.1434744318658812e-06,4.735422862722771e-07,120.9999999999974,1.0,0.519,50.59999999999712,0.3580744862556457,1.510965489615046e-06,1.0,341.0
1,1000,0.2,0.699999988079071,0.699999988079071,random,3.0,0.798237144947052,0.1214127987623214,1.2976448337960284e-06,1.5362795693363296e-06,90.9999999999991,1.0,0.514,50.1999999999988,0.3580744862556457,1.510965489615046e-06,1.0,341.0
1,1000,0.2,0.699999988079071,0.699999988079071,random,10.0,0.7489064931869507,0.1259519904851913,9.731656853251166e-07,5.053634140494978e-06,153.99999999999554,1.0,0.502,50.099999999997166,0.3580744862556457,1.510965489615046e-06,1.0,341.0
1,1000,0.2,0.699999988079071,0.699999988079071,random,30.0,0.7194265723228455,0.1373194754123687,1.0355600736015228e-06,0.0001127584109781,338.0000000000084,1.0,0.501,50.50000000001148,0.3580744862556457,1.510965489615046e-06,1.0,341.0
1,1000,0.2,0.699999988079071,0.699999988079071,random,100.0,0.6636675000190735,0.1533741056919098,9.881685495023895e-07,0.0019803603645414,983.000000000155,1.0,0.501,54.70000000001244,0.3580744862556457,1.510965489615046e-06,1.0,341.0
1,1000,0.2,0.699999988079071,0.699999988079071,random,300.0,0.6583521366119385,0.1452998369932174,1.4133806917244076e-06,0.0018867029575631,2749.9999999985944,1.0,0.501,50.89999999995371,0.3580744862556457,1.510965489615046e-06,1.0,341.0
1,1000,0.2,0.699999988079071,0.699999988079071,all_open,0.1000000014901161,0.762661874294281,0.1358794867992401,0.0002903352728594,1.7823485904955305e-05,117.99999999999756,1.0,0.505,50.29999999999714,0.3580744862556457,1.510965489615046e-06,1.0,341.0
1,1000,0.2,0.699999988079071,0.699999988079071,all_open,0.3000000119209289,0.800629198551178,0.1336233466863632,1.401774567944542e-06,1.514991225803897e-07,120.9999999999974,1.0,0.501,50.89999999999711,0.3580744862556457,1.510965489615046e-06,1.0,341.0
1,1000,0.2,0.699999988079071,0.699999988079071,all_open,1.0,0.845596432685852,0.1248873323202133,1.1648911609268984e-05,5.0345747695246246e-06,73.00000000000013,1.0,0.514,50.10000000000007,0.3580744862556457,1.510965489615046e-06,1.0,341.0
1,1000,0.2,0.699999988079071,0.699999988079071,all_open,3.0,0.7997589111328125,0.1412124037742614,0.000146580505052,0.0001844049547798,199.99999999999287,1.0,0.517,50.49999999999713,0.3580744862556457,1.510965489615046e-06,1.0,341.0
1,1000,0.2,0.699999988079071,0.699999988079071,all_open,10.0,0.6527437567710876,0.171144962310791,2.494724012970776e-06,5.363517630030401e-05,122.99999999999729,1.0,0.51,50.9999999999971,0.3580744862556457,1.510965489615046e-06,1.0,341.0
1,1000,0.2,0.699999988079071,0.699999988079071,all_open,30.0,0.5341224074363708,0.2211300730705261,1.245657882223302e-06,0.0007545331609435,230.9999999999912,1.0,0.496,50.79999999999711,0.3580744862556457,1.510965489615046e-06,1.0,341.0
1,1000,0.2,0.699999988079071,0.699999988079071,all_open,100.0,0.3518741726875305,0.2553685903549194,1.1190528004396225e-06,0.0019873275887221,670.0000000000838,1.0,0.518,194.7000000000442,0.3580744862556457,1.510965489615046e-06,1.0,341.0
1,1000,0.2,0.699999988079071,0.699999988079071,all_open,300.0,0.3580759763717651,0.2481247335672378,9.787097876144448e-07,0.0019985837861895,1987.999999999288,1.0,0.533,575.9999999994761,0.3580744862556457,1.510965489615046e-06,1.0,341.0
1,1000,0.2,0.8999999761581421,0.8999999165534973,random,0.1000000014901161,0.8486994504928589,0.1183869764208793,2.6903613052714523e-06,1.697374187870082e-07,159.9999999999952,1.0,0.512,50.19999999999716,0.3580745756626129,1.5721002455393318e-06,1.0,341.0
1,1000,0.2,0.8999999761581421,0.8999999165534973,random,0.3000000119209289,0.8507149815559387,0.1186229661107063,2.080073171947242e-05,2.767975729511818e-06,140.99999999999628,1.0,0.51,50.39999999999715,0.3580745756626129,1.5721002455393318e-06,1.0,341.0
1,1000,0.2,0.8999999761581421,0.8999999165534973,random,1.0,0.8692559599876404,0.1251903772354126,2.5080337809905463e-05,1.074208012141753e-05,101.99999999999848,1.0,0.511,50.79999999999802,0.3580745756626129,1.5721002455393318e-06,1.0,341.0
1,1000,0.2,0.8999999761581421,0.8999999165534973,random,3.0,0.8549553751945496,0.1224465444684028,1.2201401382420016e-06,1.6227936612267513e-06,92.999999999999,1.0,0.517,50.99999999999866,0.3580745756626129,1.5721002455393318e-06,1.0,341.0
1,1000,0.2,0.8999999761581421,0.8999999165534973,random,10.0,0.8390879034996033,0.1279699057340622,2.009550670249928e-05,8.749640983296558e-05,185.9999999999937,1.0,0.515,50.69999999999712,0.3580745756626129,1.5721002455393318e-06,1.0,341.0
1,1000,0.2,0.8999999761581421,0.8999999165534973,random,30.0,0.8207862377166748,0.1357330679893493,1.0508248457071164e-06,0.0004113829927518,248.9999999999901,1.0,0.515,50.29999999999714,0.3580745756626129,1.5721002455393318e-06,1.0,341.0
1,1000,0.2,0.8999999761581421,0.8999999165534973,random,100.0,0.8047264218330383,0.1398413330316543,1.267101046475552e-06,0.0019634526688605,986.0000000001556,1.0,0.496,50.30000000001144,0.3580745756626129,1.5721002455393318e-06,1.0,341.0
1,1000,0.2,0.8999999761581421,0.8999999165534973,random,300.0,0.8080379962921143,0.1429574489593505,1.44827141374074e-06,0.0019955937750637,2197.9999999990964,1.0,0.507,209.7999999998092,0.3580745756626129,1.5721002455393318e-06,1.0,341.0
1,1000,0.2,0.8999999761581421,0.8999999165534973,all_open,0.1000000014901161,0.8402730822563171,0.118747130036354,1.127901891658802e-06,7.051200157093265e-08,147.99999999999588,1.0,0.507,50.59999999999714,0.3580745756626129,1.5721002455393318e-06,1.0,341.0
1,1000,0.2,0.8999999761581421,0.8999999165534973,all_open,0.3000000119209289,0.8567134141921997,0.1161259412765502,1.8617063510706605e-06,1.982079993467778e-07,123.99999999999724,1.0,0.507,50.69999999999712,0.3580745756626129,1.5721002455393318e-06,1.0,341.0
1,1000,0.2,0.8999999761581421,0.8999999165534973,all_open,1.0,0.8786922693252563,0.1171901077032089,2.76122307908709e-05,1.2155438525951467e-05,118.99999999999751,1.0,0.508,50.69999999999712,0.3580745756626129,1.5721002455393318e-06,1.0,341.0
1,1000,0.2,0.8999999761581421,0.8999999165534973,all_open,3.0,0.8444413542747498,0.1296436041593551,1.223775228497769e-06,1.5170587630564114e-06,93.99999999999892,1.0,0.517,50.99999999999859,0.3580745756626129,1.5721002455393318e-06,1.0,341.0
1,1000,0.2,0.8999999761581421,0.8999999165534973,all_open,10.0,0.6629858016967773,0.1717287003993988,1.1247868224037203e-06,2.0373872757772915e-05,130.99999999999685,1.0,0.508,50.99999999999712,0.3580745756626129,1.5721002455393318e-06,1.0,341.0
1,1000,0.2,0.8999999761581421,0.8999999165534973,all_open,30.0,0.5400127172470093,0.2096558213233947,1.2176665549513197e-06,0.0002884082787204,259.9999999999906,1.0,0.506,50.39999999999824,0.3580745756626129,1.5721002455393318e-06,1.0,341.0
1,1000,0.2,0.8999999761581421,0.8999999165534973,all_open,100.0,0.3581233322620392,0.2527882158756256,1.068738389584596e-06,0.0015669215936213,693.000000000089,1.0,0.535,50.80000000001155,0.3580745756626129,1.5721002455393318e-06,1.0,341.0
1,1000,0.2,0.8999999761581421,0.8999999165534973,all_open,300.0,0.3580785095691681,0.2481807321310043,1.2763412244389782e-06,0.0019943555817008,1987.999999999288,1.0,0.534,86.29999999992151,0.3580745756626129,1.5721002455393318e-06,1.0,341.0
1,1000,0.3,0.5,0.4999999403953552,random,0.1000000014901161,0.6175321936607361,0.1283671855926513,7.986603396083315e-05,5.250818958302261e-06,128.99999999999696,1.0,0.53,50.099999999997166,0.1590694189071655,9.159205546893643e-06,1.0,596.0
1,1000,0.3,0.5,0.4999999403953552,random,0.3000000119209289,0.58925461769104,0.1465311646461486,1.716703342316927e-06,1.9565865727599885e-07,232.99999999999105,1.0,0.52,50.29999999999714,0.1590694189071655,9.159205546893643e-06,1.0,596.0
1,1000,0.3,0.5,0.4999999403953552,random,1.0,0.5597547292709351,0.1764165610074997,1.881563192518452e-05,7.982657734828535e-06,352.00000000001154,1.0,0.508,50.20000000001141,0.1590694189071655,9.159205546893643e-06,1.0,596.0
1,1000,0.3,0.5,0.4999999403953552,random,3.0,0.5270506143569946,0.193655177950859,0.0001850729803044,0.0002728542604018,150.9999999999957,1.0,0.497,50.19999999999716,0.1590694189071655,9.159205546893643e-06,1.0,596.0
1,1000,0.3,0.5,0.4999999403953552,random,10.0,0.5815433263778687,0.1557053178548813,8.811452075069236e-07,5.721517936763121e-06,238.9999999999907,1.0,0.511,50.79999999999711,0.1590694189071655,9.159205546893643e-06,1.0,596.0
1,1000,0.3,0.5,0.4999999403953552,random,30.0,0.5297669768333435,0.1744199395179748,1.214129691348577e-05,0.0009818783728405,980.0000000001544,1.0,0.52,50.70000000001153,0.1590694189071655,9.159205546893643e-06,1.0,596.0
1,1000,0.3,0.5,0.4999999403953552,random,100.0,0.4810073971748352,0.1621944457292556,9.210627758515884e-07,0.0019879210740327,1624.9999999996176,1.0,0.502,90.99999999991724,0.1590694189071655,9.159205546893643e-06,1.0,596.0
1,1000,0.3,0.5,0.4999999403953552,random,300.0,0.4689679741859436,0.1912497282028198,1.3843522358385375e-06,0.001922243158333,3414.9999999979896,1.0,0.511,50.099999999954434,0.1590694189071655,9.159205546893643e-06,1.0,596.0
1,1000,0.3,0.5,0.4999999403953552,all_open,0.1000000014901161,0.642996072769165,0.1537468880414962,6.570036017701075e-05,4.208946393191582e-06,159.9999999999952,1.0,0.524,50.79999999999713,0.1590694189071655,9.159205546893643e-06,1.0,596.0
1,1000,0.3,0.5,0.4999999403953552,all_open,0.3000000119209289,0.6316741704940796,0.1804168820381164,7.943402817329958e-06,1.0393330285296545e-06,294.9999999999986,1.0,0.516,50.60000000000818,0.1590694189071655,9.159205546893643e-06,1.0,596.0
1,1000,0.3,0.5,0.4999999403953552,all_open,1.0,0.7197756171226501,0.1457596868276596,2.249082407880204e-05,9.569563189870678e-06,162.99999999999503,1.0,0.501,50.19999999999716,0.1590694189071655,9.159205546893643e-06,1.0,596.0
1,1000,0.3,0.5,0.4999999403953552,all_open,3.0,0.6889086961746216,0.1471590846776962,1.6714052155411257e-06,2.068828734991257e-06,230.9999999999912,1.0,0.494,50.9999999999971,0.1590694189071655,9.159205546893643e-06,1.0,596.0
1,1000,0.3,0.5,0.4999999403953552,all_open,10.0,0.5241573452949524,0.1788119524717331,1.183068659075338e-06,5.019566742703319e-06,211.99999999999224,1.0,0.504,50.89999999999711,0.1590694189071655,9.159205546893643e-06,1.0,596.0
1,1000,0.3,0.5,0.4999999403953552,all_open,30.0,0.3126627802848816,0.2133373618125915,1.1755754970845828e-06,0.001995479920879,203.9999999999927,1.0,0.522,52.499999999997016,0.1590694189071655,9.159205546893643e-06,1.0,596.0
1,1000,0.3,0.5,0.4999999403953552,all_open,100.0,0.2504913806915283,0.2197572290897369,1.1761428824301877e-06,0.0017566054593771,681.0000000000863,1.0,0.501,50.20000000001141,0.1590694189071655,9.159205546893643e-06,1.0,596.0
1,1000,0.3,0.5,0.4999999403953552,all_open,300.0,0.220121681690216,0.2233015894889831,9.587884438539885e-07,0.0019995679613202,1988.9999999992865,1.0,0.498,70.89999999993552,0.1590694189071655,9.159205546893643e-06,1.0,596.0
1,1000,0.3,0.699999988079071,0.6999999284744263,random,0.1000000014901161,0.6972220540046692,0.1522631645202636,0.000101301429846,6.553154435096076e-06,456.0000000000352,1.0,0.506,50.90000000001157,0.1824233382940292,1.51243477830576e-06,1.0,596.0
1,1000,0.3,0.699999988079071,0.6999999284744263,random,0.3000000119209289,0.6681858897209167,0.1497730463743209,1.1275932150337476e-06,1.3341615101580828e-07,289.99999999999744,1.0,0.511,50.50000000000677,0.1824233382940292,1.51243477830576e-06,1.0,596.0
1,1000,0.3,0.699999988079071,0.6999999284744263,random,1.0,0.6998140811920166,0.1412639170885086,5.443795129853956e-06,2.5134379484370584e-06,150.9999999999957,1.0,0.506,50.69999999999713,0.1824233382940292,1.51243477830576e-06,1.0,596.0
1,1000,0.3,0.699999988079071,0.6999999284744263,random,3.0,0.700803816318512,0.1437925994396209,4.232474018397409e-05,5.856961433892138e-05,328.0000000000061,1.0,0.503,50.90000000001157,0.1824233382940292,1.51243477830576e-06,1.0,596.0
1,1000,0.3,0.699999988079071,0.6999999284744263,random,10.0,0.6658729910850525,0.1629025638103485,0.0001110604234826,0.0006554394494742,314.0000000000029,1.0,0.495,50.40000000001146,0.1824233382940292,1.51243477830576e-06,1.0,596.0
1,1000,0.3,0.699999988079071,0.6999999284744263,random,30.0,0.6090152859687805,0.1842089742422104,8.125201617222795e-07,0.0006984649226069,436.0000000000306,1.0,0.511,50.10000000001139,0.1824233382940292,1.51243477830576e-06,1.0,596.0
1,1000,0.3,0.699999988079071,0.6999999284744263,random,100.0,0.6309083104133606,0.1600001752376556,6.215812407715228e-06,0.0019951192662119,920.0000000001406,1.0,0.498,68.2000000000155,0.1824233382940292,1.51243477830576e-06,1.0,596.0
1,1000,0.3,0.699999988079071,0.6999999284744263,random,300.0,0.6172441244125366,0.1590861231088638,1.130414076217411e-06,0.0019959255587309,3550.999999997866,1.0,0.494,325.0999999997043,0.1824233382940292,1.51243477830576e-06,1.0,596.0
1,1000,0.3,0.699999988079071,0.6999999284744263,all_open,0.1000000014901161,0.7319211959838867,0.1587033122777938,3.591176524167216e-06,2.519137467515975e-07,161.99999999999508,1.0,0.507,50.89999999999712,0.1824233382940292,1.51243477830576e-06,1.0,596.0
1,1000,0.3,0.699999988079071,0.6999999284744263,all_open,0.3000000119209289,0.7657251954078674,0.1390483081340789,6.286837048009212e-06,8.083055149654683e-07,150.9999999999957,1.0,0.505,50.19999999999716,0.1824233382940292,1.51243477830576e-06,1.0,596.0
1,1000,0.3,0.699999988079071,0.6999999284744263,all_open,1.0,0.8143904805183411,0.1388232707977295,2.6042553804431267e-06,1.0567512163106585e-06,87.99999999999928,1.0,0.49,50.29999999999901,0.1824233382940292,1.51243477830576e-06,1.0,596.0
1,1000,0.3,0.699999988079071,0.6999999284744263,all_open,3.0,0.7606699466705322,0.1325729936361313,9.930499833420131e-05,0.0001331751118414,119.99999999999746,1.0,0.503,50.09999999999715,0.1824233382940292,1.51243477830576e-06,1.0,596.0
1,1000,0.3,0.699999988079071,0.6999999284744263,all_open,10.0,0.5939496755599976,0.1884345859289169,9.654733654779084e-07,5.947782938164892e-06,328.0000000000061,1.0,0.499,50.80000000001155,0.1824233382940292,1.51243477830576e-06,1.0,596.0
1,1000,0.3,0.699999988079071,0.6999999284744263,all_open,30.0,0.3889851868152618,0.2264204770326614,1.0478424832801392e-06,0.0011638405267149,219.9999999999918,1.0,0.516,50.29999999999714,0.1824233382940292,1.51243477830576e-06,1.0,596.0
1,1000,0.3,0.699999988079071,0.6999999284744263,all_open,100.0,0.2411853522062301,0.2674769461154938,1.190258965310073e-06,0.0016144010005518,691.0000000000886,1.0,0.493,50.70000000001153,0.1824233382940292,1.51243477830576e-06,1.0,596.0
1,1000,0.3,0.699999988079071,0.6999999284744263,all_open,300.0,0.195029929280281,0.2147214114665985,1.1848647587343042e-06,0.0019974973984062,1994.999999999281,1.0,0.493,539.3999999995094,0.1824233382940292,1.51243477830576e-06,1.0,596.0
1,1000,0.3,0.8999999761581421,0.8999999761581421,random,0.1000000014901161,0.8716732859611511,0.1110508367419242,4.043821150501419e-06,2.778910470624396e-07,159.9999999999952,1.0,0.497,50.39999999999715,0.2228948920965194,1.4767069842491765e-06,1.0,596.0
1,1000,0.3,0.8999999761581421,0.8999999761581421,random,0.3000000119209289,0.8759231567382812,0.1120991855859756,1.3640168410738585e-06,1.7007528185786216e-07,103.99999999999837,1.0,0.5,50.69999999999788,0.2228948920965194,1.4767069842491765e-06,1.0,596.0
1,1000,0.3,0.8999999761581421,0.8999999761581421,random,1.0,0.8244482278823853,0.1407056897878646,2.5737663536592505e-06,1.1279115597062628e-06,140.99999999999628,1.0,0.49,50.69999999999713,0.2228948920965194,1.4767069842491765e-06,1.0,596.0
1,1000,0.3,0.8999999761581421,0.8999999761581421,random,3.0,0.8213124871253967,0.1436907351016998,1.4746894452462764e-05,2.392024725850206e-05,141.99999999999622,1.0,0.493,50.19999999999716,0.2228948920965194,1.4767069842491765e-06,1.0,596.0
1,1000,0.3,0.8999999761581421,0.8999999761581421,random,10.0,0.7896894812583923,0.1443752497434616,9.978484420030522e-07,1.436800721421605e-05,191.9999999999933,1.0,0.502,50.69999999999712,0.2228948920965194,1.4767069842491765e-06,1.0,596.0
1,1000,0.3,0.8999999761581421,0.8999999761581421,random,30.0,0.8021897077560425,0.1316297501325607,8.564212193486074e-07,0.0004277525295037,289.99999999999744,1.0,0.514,50.50000000000677,0.2228948920965194,1.4767069842491765e-06,1.0,596.0
1,1000,0.3,0.8999999761581421,0.8999999761581421,random,100.0,0.743251383304596,0.1332172453403473,9.143354482280972e-07,0.0016575912013649,1079.000000000114,1.0,0.49,50.7999999999538,0.2228948920965194,1.4767069842491765e-06,1.0,596.0
1,1000,0.3,0.8999999761581421,0.8999999761581421,random,300.0,0.7292513251304626,0.15200175344944,9.445269499926968e-07,0.0019944719970226,3576.999999997842,1.0,0.486,470.9999999995716,0.2228948920965194,1.4767069842491765e-06,1.0,596.0
1,1000,0.3,0.8999999761581421,0.8999999761581421,all_open,0.1000000014901161,0.8319995403289795,0.1316308230161667,1.186380562292687e-06,9.445066240232337e-08,162.99999999999503,1.0,0.502,50.79999999999713,0.2228948920965194,1.4767069842491765e-06,1.0,596.0
1,1000,0.3,0.8999999761581421,0.8999999761581421,all_open,0.3000000119209289,0.8319801092147827,0.126883789896965,2.939867487573916e-05,4.431636625668034e-06,201.9999999999928,1.0,0.51,50.49999999999713,0.2228948920965194,1.4767069842491765e-06,1.0,596.0
1,1000,0.3,0.8999999761581421,0.8999999761581421,all_open,1.0,0.8331987857818604,0.1277640014886856,1.0420920497937074e-06,4.930925570079125e-07,129.9999999999969,1.0,0.496,50.99999999999712,0.2228948920965194,1.4767069842491765e-06,1.0,596.0
1,1000,0.3,0.8999999761581421,0.8999999761581421,all_open,3.0,0.7952219843864441,0.1371339559555053,1.8000735856389068e-05,2.611083436931949e-05,132.99999999999673,1.0,0.493,50.49999999999714,0.2228948920965194,1.4767069842491765e-06,1.0,596.0
1,1000,0.3,0.8999999761581421,0.8999999761581421,all_open,10.0,0.622692883014679,0.1744273751974105,5.627238202467498e-06,5.865879938937724e-05,175.9999999999943,1.0,0.489,50.99999999999712,0.2228948920965194,1.4767069842491765e-06,1.0,596.0
1,1000,0.3,0.8999999761581421,0.8999999761581421,all_open,30.0,0.3965833783149719,0.2042374163866043,1.0441171398789308e-06,0.0019680424593389,205.99999999999253,1.0,0.521,57.69999999999672,0.2228948920965194,1.4767069842491765e-06,1.0,596.0
1,1000,0.3,0.8999999761581421,0.8999999761581421,all_open,100.0,0.2371595650911331,0.2236372679471969,1.2104474460342934e-06,0.0013605464482679,706.000000000092,1.0,0.478,50.20000000001141,0.2228948920965194,1.4767069842491765e-06,1.0,596.0
1,1000,0.3,0.8999999761581421,0.8999999761581421,all_open,300.0,0.2229009717702865,0.2154578119516372,1.0367185703890545e-06,0.0019999931100755,1976.9999999992967,1.0,0.484,286.59999999973934,0.2228948920965194,1.4767069842491765e-06,1.0,596.0
1,1000,0.4,0.5,0.4999999403953552,random,0.1000000014901161,0.536906361579895,0.1336585134267807,1.8318557939066268e-06,1.189315312899453e-07,148.99999999999582,1.0,0.504,50.69999999999713,0.1956321150064468,9.80082745627442e-07,1.0,772.0
1,1000,0.4,0.5,0.4999999403953552,random,0.3000000119209289,0.4959306120872497,0.1574294418096542,9.476072719931746e-06,1.4159774082145304e-06,206.99999999999253,1.0,0.497,50.19999999999715,0.1956321150064468,9.80082745627442e-07,1.0,772.0
1,1000,0.4,0.5,0.4999999403953552,random,1.0,0.5178380012512207,0.1509898900985717,1.4187421641243306e-06,5.654943606714369e-07,514.0000000000483,1.0,0.513,50.30000000001138,0.1956321150064468,9.80082745627442e-07,1.0,772.0
1,1000,0.4,0.5,0.4999999403953552,random,3.0,0.5171962976455688,0.1430436074733734,7.858217708207927e-07,1.3045297464486794e-06,137.99999999999645,1.0,0.502,50.29999999999716,0.1956321150064468,9.80082745627442e-07,1.0,772.0
1,1000,0.4,0.5,0.4999999403953552,random,10.0,0.535030722618103,0.1736133992671966,1.113726146846104e-06,3.195786484866403e-05,191.9999999999933,1.0,0.504,50.59999999999712,0.1956321150064468,9.80082745627442e-07,1.0,772.0
1,1000,0.4,0.5,0.4999999403953552,random,30.0,0.4277838468551636,0.1621686816215515,8.090850954432695e-07,7.396654109470546e-05,1344.9999999998722,1.0,0.516,50.29999999995425,0.1956321150064468,9.80082745627442e-07,1.0,772.0
1,1000,0.4,0.5,0.4999999403953552,random,100.0,0.4542650878429413,0.1511354297399521,8.390570842702735e-07,0.0019855068530887,1063.0000000001287,1.0,0.508,52.799999999967554,0.1956321150064468,9.80082745627442e-07,1.0,772.0
1,1000,0.4,0.5,0.4999999403953552,random,300.0,0.3927283585071563,0.1833468228578567,1.0467929870639831e-06,0.0019997044000774,4127.999999997486,1.0,0.497,78.40000000007376,0.1956321150064468,9.80082745627442e-07,1.0,772.0
1,1000,0.4,0.5,0.4999999403953552,all_open,0.1000000014901161,0.5495659112930298,0.1425688862800598,3.6443761510464456e-06,2.478710143805074e-07,286.9999999999968,1.0,0.497,50.50000000000591,0.1956321150064468,9.80082745627442e-07,1.0,772.0
1,1000,0.4,0.5,0.4999999403953552,all_open,0.3000000119209289,0.6127232909202576,0.1418690830469131,9.423621978910398e-07,1.1147625400553809e-07,174.99999999999434,1.0,0.495,50.59999999999714,0.1956321150064468,9.80082745627442e-07,1.0,772.0
1,1000,0.4,0.5,0.4999999403953552,all_open,1.0,0.584820032119751,0.1682689040899276,1.0666100944639687e-06,4.248386460403708e-07,192.9999999999933,1.0,0.491,50.49999999999713,0.1956321150064468,9.80082745627442e-07,1.0,772.0
1,1000,0.4,0.5,0.4999999403953552,all_open,3.0,0.5415471792221069,0.2039801627397537,1.2661645399126929e-06,1.4889207022861228e-06,102.99999999999842,1.0,0.497,50.79999999999795,0.1956321150064468,9.80082745627442e-07,1.0,772.0
1,1000,0.4,0.5,0.4999999403953552,all_open,10.0,0.4058409035205841,0.2379646599292755,2.050727115396592e-05,0.0001536227064207,163.99999999999497,1.0,0.485,50.79999999999713,0.1956321150064468,9.80082745627442e-07,1.0,772.0
1,1000,0.4,0.5,0.4999999403953552,all_open,30.0,0.3119097948074341,0.1986755728721618,1.106499055565008e-06,0.00048162220628,245.9999999999903,1.0,0.517,50.59999999999712,0.1956321150064468,9.80082745627442e-07,1.0,772.0
1,1000,0.4,0.5,0.4999999403953552,all_open,100.0,0.2535395920276642,0.2090074270963668,1.022595780985319e-06,0.0013073188019916,707.0000000000922,1.0,0.528,50.30000000001144,0.1956321150064468,9.80082745627442e-07,1.0,772.0
1,1000,0.4,0.5,0.4999999403953552,all_open,300.0,0.1986854523420334,0.210061028599739,1.1106254268607927e-06,0.001999574014917,1985.9999999992888,1.0,0.521,264.69999999975926,0.1956321150064468,9.80082745627442e-07,1.0,772.0
1,1000,0.4,0.699999988079071,0.6999998688697815,random,0.1000000014901161,0.6312184929847717,0.1429432928562164,9.287983542043228e-07,6.726795476197367e-08,255.9999999999897,1.0,0.5,50.69999999999712,0.2128468006849289,9.83239942797809e-07,1.0,772.0
1,1000,0.4,0.699999988079071,0.6999998688697815,random,0.3000000119209289,0.6591337323188782,0.1440501064062118,1.5276943019534251e-06,1.7854401335171133e-07,129.9999999999969,1.0,0.501,50.19999999999716,0.2128468006849289,9.83239942797809e-07,1.0,772.0
1,1000,0.4,0.699999988079071,0.6999998688697815,random,1.0,0.616728663444519,0.1480435729026794,8.794873312784027e-07,4.1124945937554003e-07,231.9999999999911,1.0,0.503,50.9999999999971,0.2128468006849289,9.83239942797809e-07,1.0,772.0
1,1000,0.4,0.699999988079071,0.6999998688697815,random,3.0,0.6011145114898682,0.1733655631542205,5.63154444661145e-05,8.354484452866018e-05,295.9999999999988,1.0,0.492,50.30000000000848,0.2128468006849289,9.83239942797809e-07,1.0,772.0
1,1000,0.4,0.699999988079071,0.6999998688697815,random,10.0,0.5951974391937256,0.1537891179323196,1.2872788789273285e-06,8.855668966134544e-06,303.0000000000004,1.0,0.5,50.50000000001046,0.2128468006849289,9.83239942797809e-07,1.0,772.0
1,1000,0.4,0.699999988079071,0.6999998688697815,random,30.0,0.5793260931968689,0.1826654523611068,5.517759440383687e-05,0.0011991978390142,624.0000000000733,1.0,0.51,50.70000000001153,0.2128468006849289,9.83239942797809e-07,1.0,772.0
1,1000,0.4,0.699999988079071,0.6999998688697815,random,100.0,0.5748403668403625,0.169307604432106,9.264726000767178e-07,0.0019960016943514,948.000000000147,1.0,0.507,86.10000000001958,0.2128468006849289,9.83239942797809e-07,1.0,772.0
1,1000,0.4,0.699999988079071,0.6999998688697815,random,300.0,0.5534761548042297,0.1775104403495788,1.014545281571021e-06,0.0019947930704802,4825.000000000022,1.0,0.513,311.8000000011343,0.2128468006849289,9.83239942797809e-07,1.0,772.0
1,1000,0.4,0.699999988079071,0.6999998688697815,all_open,0.1000000014901161,0.6373459100723267,0.1596394926309585,8.498598161658534e-07,5.920701084960456e-08,336.0000000000079,1.0,0.501,50.00000000001137,0.2128468006849289,9.83239942797809e-07,1.0,772.0
1,1000,0.4,0.699999988079071,0.6999998688697815,all_open,0.3000000119209289,0.6573227643966675,0.1618029922246933,3.981469537528404e-06,5.439780466076627e-07,300.99999999999994,1.0,0.51,50.50000000000989,0.2128468006849289,9.83239942797809e-07,1.0,772.0
1,1000,0.4,0.699999988079071,0.6999998688697815,all_open,1.0,0.6138079166412354,0.1970016211271286,1.1560033856190906e-06,4.709747543074627e-07,447.00000000003314,1.0,0.491,50.20000000001141,0.2128468006849289,9.83239942797809e-07,1.0,772.0
1,1000,0.4,0.699999988079071,0.6999998688697815,all_open,3.0,0.6276857852935791,0.1848023980855941,9.9640905829889e-07,1.4053034647076856e-06,152.9999999999956,1.0,0.499,50.89999999999712,0.2128468006849289,9.83239942797809e-07,1.0,772.0
1,1000,0.4,0.699999988079071,0.6999998688697815,all_open,10.0,0.4676106572151184,0.1965329647064209,9.189213358211108e-07,1.2481477824621834e-05,233.999999999991,1.0,0.503,50.29999999999714,0.2128468006849289,9.83239942797809e-07,1.0,772.0
1,1000,0.4,0.699999988079071,0.6999998688697815,all_open,30.0,0.3530744612216949,0.2171453237533569,1.0609218759381806e-06,0.0019715065136551,201.9999999999928,1.0,0.501,50.19999999999715,0.2128468006849289,9.83239942797809e-07,1.0,772.0
1,1000,0.4,0.699999988079071,0.6999998688697815,all_open,100.0,0.2576906085014343,0.2000071406364441,1.097345374383018e-06,0.0017299428582191,683.0000000000867,1.0,0.532,50.40000000001146,0.2128468006849289,9.83239942797809e-07,1.0,772.0
1,1000,0.4,0.699999988079071,0.6999998688697815,all_open,300.0,0.2177686244249344,0.2013321667909622,1.2074564611803236e-06,0.0019995998591184,1986.9999999992883,1.0,0.501,167.49999999984766,0.2128468006849289,9.83239942797809e-07,1.0,772.0
1,1000,0.4,0.8999999761581421,0.8999999165534973,random,0.1000000014901161,0.6575533151626587,0.1725716143846511,1.4643442616866712e-06,9.928273669856936e-08,532.0000000000524,1.0,0.507,50.00000000001131,0.1588103473186493,6.736849627486663e-06,1.0,772.0
1,1000,0.4,0.8999999761581421,0.8999999165534973,random,0.3000000119209289,0.7140361070632935,0.1610515266656875,1.17803869643576e-06,1.399310889382832e-07,160.99999999999514,1.0,0.508,50.69999999999713,0.1588103473186493,6.736849627486663e-06,1.0,772.0
1,1000,0.4,0.8999999761581421,0.8999999165534973,random,1.0,0.7225289344787598,0.1725233793258667,1.28473338461872e-06,5.086125725028978e-07,136.9999999999965,1.0,0.501,50.39999999999715,0.1588103473186493,6.736849627486663e-06,1.0,772.0
1,1000,0.4,0.8999999761581421,0.8999999165534973,random,3.0,0.7396450042724609,0.1617729514837265,9.381625660176752e-07,1.4277338777901605e-06,145.999999999996,1.0,0.504,50.59999999999714,0.1588103473186493,6.736849627486663e-06,1.0,772.0
1,1000,0.4,0.8999999761581421,0.8999999165534973,random,10.0,0.6989718675613403,0.1577155292034149,1.2068812987215717e-06,1.3014508112974e-05,263.9999999999916,1.0,0.504,50.89999999999935,0.1588103473186493,6.736849627486663e-06,1.0,772.0
1,1000,0.4,0.8999999761581421,0.8999999165534973,random,30.0,0.6670743227005005,0.1592731028795242,8.690446355511765e-07,0.0002147882187273,446.0000000000329,1.0,0.514,50.20000000001141,0.1588103473186493,6.736849627486663e-06,1.0,772.0
1,1000,0.4,0.8999999761581421,0.8999999165534973,random,100.0,0.6387066841125488,0.1721796989440918,8.05303041929807e-07,0.0019807899370789,1368.9999999998504,1.0,0.496,109.3999999999005,0.1588103473186493,6.736849627486663e-06,1.0,772.0
1,1000,0.4,0.8999999761581421,0.8999999165534973,random,300.0,0.6508400440216064,0.1551854759454727,9.108668824785682e-07,0.0019995693583041,3927.999999997523,1.0,0.496,235.1999999997861,0.1588103473186493,6.736849627486663e-06,1.0,772.0
1,1000,0.4,0.8999999761581421,0.8999999165534973,all_open,0.1000000014901161,0.6469838619232178,0.1784114092588424,0.0001666850892996,1.1804853784269652e-05,198.99999999999287,1.0,0.5,50.09999999999715,0.1588103473186493,6.736849627486663e-06,1.0,772.0
1,1000,0.4,0.8999999761581421,0.8999999165534973,all_open,0.3000000119209289,0.7016093730926514,0.1955810040235519,1.2693453067858196e-05,1.7928949773704517e-06,501.0000000000454,1.0,0.5,50.80000000001155,0.1588103473186493,6.736849627486663e-06,1.0,772.0
1,1000,0.4,0.8999999761581421,0.8999999165534973,all_open,1.0,0.7595183253288269,0.1685632765293121,1.6154599195981692e-06,6.097434379626065e-07,106.9999999999982,1.0,0.502,50.69999999999767,0.1588103473186493,6.736849627486663e-06,1.0,772.0
1,1000,0.4,0.8999999761581421,0.8999999165534973,all_open,3.0,0.723063588142395,0.166105106472969,1.72222635809898e-05,2.5553878003847785e-05,78.99999999999979,1.0,0.502,50.59999999999965,0.1588103473186493,6.736849627486663e-06,1.0,772.0
1,1000,0.4,0.8999999761581421,0.8999999165534973,all_open,10.0,0.4896677732467651,0.1986943185329437,1.002412993274292e-06,9.309848792327102e-06,197.99999999999304,1.0,0.503,50.09999999999715,0.1588103473186493,6.736849627486663e-06,1.0,772.0
1,1000,0.4,0.8999999761581421,0.8999999165534973,all_open,30.0,0.3322592079639435,0.2010907679796219,9.49259796715266e-07,9.330932516604662e-05,298.9999999999995,1.0,0.498,50.60000000000932,0.1588103473186493,6.736849627486663e-06,1.0,772.0
1,1000,0.4,0.8999999761581421,0.8999999165534973,all_open,100.0,0.2468400001525879,0.2123152464628219,1.059371483102233e-06,0.0012062756577506,718.0000000000947,1.0,0.503,50.50000000001148,0.1588103473186493,6.736849627486663e-06,1.0,772.0
1,1000,0.4,0.8999999761581421,0.8999999165534973,all_open,300.0,0.1830977201461792,0.2085979282855987,1.102858037779901e-06,0.0019948056433349,1991.999999999284,1.0,0.518,237.499999999784,0.1588103473186493,6.736849627486663e-06,1.0,772.0
1,1000,0.5,0.5,0.4999999701976776,random,0.1000000014901161,0.5203408598899841,0.1385570019483566,7.652456475564197e-07,6.309009847882407e-08,111.99999999999793,1.0,0.5,50.89999999999731,0.20461505651474,1.0320918590878136e-06,1.0,286.0
1,1000,0.5,0.5,0.4999999701976776,random,0.3000000119209289,0.4924820065498352,0.1343036442995071,8.57147122013452e-07,1.085026397618094e-07,198.99999999999287,1.0,0.535,50.89999999999711,0.20461505651474,1.0320918590878136e-06,1.0,286.0
1,1000,0.5,0.5,0.4999999701976776,random,1.0,0.5472676753997803,0.1357035785913467,0.0006976545871451,0.0003119784232694,181.99999999999395,1.0,0.507,50.69999999999712,0.20461505651474,1.0320918590878136e-06,1.0,286.0
1,1000,0.5,0.5,0.4999999701976776,random,3.0,0.4297133684158325,0.1958216726779937,2.156701185519495e-06,2.832710606526234e-06,274.99999999999403,1.0,0.503,50.30000000000251,0.20461505651474,1.0320918590878136e-06,1.0,286.0
1,1000,0.5,0.5,0.4999999701976776,random,10.0,0.3906291425228119,0.1955600827932357,1.1013925232864992e-06,7.4998206400778145e-06,331.0000000000068,1.0,0.504,50.70000000001153,0.20461505651474,1.0320918590878136e-06,1.0,286.0
1,1000,0.5,0.5,0.4999999701976776,random,30.0,0.3763985335826874,0.2014873474836349,9.480027281588642e-07,0.0005229802336543,404.00000000002336,1.0,0.498,50.70000000001153,0.20461505651474,1.0320918590878136e-06,1.0,286.0
1,1000,0.5,0.5,0.4999999701976776,random,100.0,0.2783294916152954,0.1690823137760162,9.467247329932576e-07,0.0015906069893389,1644.9999999995994,1.0,0.501,50.49999999995407,0.20461505651474,1.0320918590878136e-06,1.0,286.0
1,1000,0.5,0.5,0.4999999701976776,random,300.0,0.3027940690517425,0.1823148429393768,1.0390753039875536e-06,0.0019972261507064,2355.9999999989527,1.0,0.499,380.399999999654,0.20461505651474,1.0320918590878136e-06,1.0,286.0
1,1000,0.5,0.5,0.4999999701976776,all_open,0.1000000014901161,0.4914759993553161,0.1615733057260513,1.5891655886322828e-06,1.1076588890546193e-07,204.99999999999264,1.0,0.526,50.29999999999714,0.20461505651474,1.0320918590878136e-06,1.0,286.0
1,1000,0.5,0.5,0.4999999701976776,all_open,0.3000000119209289,0.5046138763427734,0.1580102741718292,9.285122364005832e-07,1.1334172000943e-07,300.99999999999994,1.0,0.516,50.90000000000987,0.20461505651474,1.0320918590878136e-06,1.0,286.0
1,1000,0.5,0.5,0.4999999701976776,all_open,1.0,0.5538585782051086,0.1494717746973037,4.819289207816835e-06,2.1115947674843483e-06,207.99999999999247,1.0,0.51,50.09999999999715,0.20461505651474,1.0320918590878136e-06,1.0,286.0
1,1000,0.5,0.5,0.4999999701976776,all_open,3.0,0.4706253707408905,0.179055705666542,9.54874776907397e-07,1.3880123788112542e-06,220.99999999999173,1.0,0.51,50.59999999999712,0.20461505651474,1.0320918590878136e-06,1.0,286.0
1,1000,0.5,0.5,0.4999999701976776,all_open,10.0,0.3824145495891571,0.2051835656166076,1.0394067662485431e-06,4.286584044166375e-06,464.000000000037,1.0,0.511,50.40000000001146,0.20461505651474,1.0320918590878136e-06,1.0,286.0
1,1000,0.5,0.5,0.4999999701976776,all_open,30.0,0.2674085199832916,0.2326913923025131,1.0866299323344078e-06,0.0006962349871173,260.99999999999085,1.0,0.508,50.799999999998505,0.20461505651474,1.0320918590878136e-06,1.0,286.0
1,1000,0.5,0.5,0.4999999701976776,all_open,100.0,0.2081332057714462,0.206240639090538,1.0640014487832696e-06,0.0019992382731288,666.0000000000829,1.0,0.524,53.80000000001223,0.20461505651474,1.0320918590878136e-06,1.0,286.0
1,1000,0.5,0.5,0.4999999701976776,all_open,300.0,0.2046808451414108,0.2052398324012756,9.476839651669344e-07,0.0019964394159615,1979.9999999992947,1.0,0.529,304.49999999972306,0.20461505651474,1.0320918590878136e-06,1.0,286.0
1,1000,0.5,0.699999988079071,0.6999999284744263,random,0.1000000014901161,0.5893167853355408,0.1334551274776458,9.05936990558472e-07,5.8701214555867416e-08,157.9999999999953,1.0,0.526,50.69999999999713,0.2356119006872177,1.1223635283386102e-06,1.0,286.0
1,1000,0.5,0.699999988079071,0.6999999284744263,random,0.3000000119209289,0.5751584768295288,0.1654660254716873,1.0012371173480163e-06,1.2941875127125968e-07,149.99999999999577,1.0,0.517,50.59999999999714,0.2356119006872177,1.1223635283386102e-06,1.0,286.0
1,1000,0.5,0.699999988079071,0.6999999284744263,random,1.0,0.568595826625824,0.1491791903972625,9.404088445501712e-07,4.256445151895605e-07,173.9999999999944,1.0,0.516,50.099999999997166,0.2356119006872177,1.1223635283386102e-06,1.0,286.0
1,1000,0.5,0.699999988079071,0.6999999284744263,random,3.0,0.6062706112861633,0.1507250368595123,8.687102011532153e-07,1.272537701879628e-06,194.9999999999932,1.0,0.511,50.59999999999712,0.2356119006872177,1.1223635283386102e-06,1.0,286.0
1,1000,0.5,0.699999988079071,0.6999999284744263,random,10.0,0.5061713457107544,0.1806336045265197,9.612741475366076e-07,1.5579011233057827e-05,288.9999999999972,1.0,0.502,50.60000000000648,0.2356119006872177,1.1223635283386102e-06,1.0,286.0
1,1000,0.5,0.699999988079071,0.6999999284744263,random,30.0,0.457015722990036,0.2039570361375808,9.759138987048289e-07,0.001446675742045,802.0000000001138,1.0,0.519,50.10000000001139,0.2356119006872177,1.1223635283386102e-06,1.0,286.0
1,1000,0.5,0.699999988079071,0.6999999284744263,random,100.0,0.4638275802135467,0.1679337918758392,9.447511570412544e-07,0.0019877534359693,925.0000000001418,1.0,0.491,82.50000000001876,0.2356119006872177,1.1223635283386102e-06,1.0,286.0
1,1000,0.5,0.699999988079071,0.6999999284744263,random,300.0,0.487444132566452,0.1720226556062698,1.0621434625907064e-06,0.0019946398679167,2428.9999999988863,1.0,0.507,215.79999999980373,0.2356119006872177,1.1223635283386102e-06,1.0,286.0
1,1000,0.5,0.699999988079071,0.6999999284744263,all_open,0.1000000014901161,0.6488901376724243,0.130746454000473,9.156759769380798e-07,6.195399748776255e-08,263.9999999999916,1.0,0.517,50.59999999999937,0.2356119006872177,1.1223635283386102e-06,1.0,286.0
1,1000,0.5,0.699999988079071,0.6999999284744263,all_open,0.3000000119209289,0.6074241995811462,0.1572843939065933,1.2825999044315911e-06,1.5571934852687266e-07,153.99999999999554,1.0,0.522,50.099999999997166,0.2356119006872177,1.1223635283386102e-06,1.0,286.0
1,1000,0.5,0.699999988079071,0.6999999284744263,all_open,1.0,0.6134527325630188,0.1839262098073959,1.0398178024824528e-06,4.459795093225694e-07,190.99999999999343,1.0,0.501,50.29999999999714,0.2356119006872177,1.1223635283386102e-06,1.0,286.0
1,1000,0.5,0.699999988079071,0.6999999284744263,all_open,3.0,0.5881076455116272,0.2235181927680969,9.60397532384102e-07,1.3006336985199596e-06,141.99999999999622,1.0,0.505,50.29999999999716,0.2356119006872177,1.1223635283386102e-06,1.0,286.0
1,1000,0.5,0.699999988079071,0.6999999284744263,all_open,10.0,0.451184868812561,0.2345616519451141,3.2400135298484704e-05,0.0001780311431502,187.9999999999936,1.0,0.512,50.19999999999715,0.2356119006872177,1.1223635283386102e-06,1.0,286.0
1,1000,0.5,0.699999988079071,0.6999999284744263,all_open,30.0,0.3078542053699493,0.2113905996084213,3.041768157229384e-05,0.0006389525951817,256.99999999998994,1.0,0.486,50.59999999999738,0.2356119006872177,1.1223635283386102e-06,1.0,286.0
1,1000,0.5,0.699999988079071,0.6999999284744263,all_open,100.0,0.2759750485420227,0.2380597293376922,1.0856311196875484e-06,0.0019835415296256,668.0000000000833,1.0,0.502,82.90000000001885,0.2356119006872177,1.1223635283386102e-06,1.0,286.0
1,1000,0.5,0.699999988079071,0.6999999284744263,all_open,300.0,0.2322468906641006,0.1949482411146164,1.1921081629932352e-06,0.0019999821670353,1987.999999999288,1.0,0.512,74.0999999999326,0.2356119006872177,1.1223635283386102e-06,1.0,286.0
1,1000,0.5,0.8999999761581421,0.8999999761581421,random,0.1000000014901161,0.7132046222686768,0.1671567261219024,7.733590815530618e-07,6.297189258930302e-08,234.99999999999093,1.0,0.517,50.49999999999713,0.2743611633777618,2.773125515886932e-06,1.0,286.0
1,1000,0.5,0.8999999761581421,0.8999999761581421,random,0.3000000119209289,0.6736052632331848,0.1599576771259308,1.19467195989168e-06,1.477522744153248e-07,165.99999999999486,1.0,0.51,50.19999999999716,0.2743611633777618,2.773125515886932e-06,1.0,286.0
1,1000,0.5,0.8999999761581421,0.8999999761581421,random,1.0,0.5952292084693909,0.1697660535573959,1.15806539997656e-06,4.813009581994265e-07,359.0000000000132,1.0,0.529,50.40000000001146,0.2743611633777618,2.773125515886932e-06,1.0,286.0
1,1000,0.5,0.8999999761581421,0.8999999761581421,random,3.0,0.662021815776825,0.1739143431186676,9.042368241262684e-07,1.2516666174633428e-06,336.0000000000079,1.0,0.515,50.00000000001137,0.2743611633777618,2.773125515886932e-06,1.0,286.0
1,1000,0.5,0.8999999761581421,0.8999999761581421,random,10.0,0.6432876586914062,0.1638776212930679,8.885318272863817e-07,1.5015281860542018e-05,159.9999999999952,1.0,0.494,50.099999999997166,0.2743611633777618,2.773125515886932e-06,1.0,286.0
1,1000,0.5,0.8999999761581421,0.8999999761581421,random,30.0,0.5354881882667542,0.1943609714508056,1.0110234995877502e-06,0.0003726985596586,382.0000000000184,1.0,0.502,50.00000000001137,0.2743611633777618,2.773125515886932e-06,1.0,286.0
1,1000,0.5,0.8999999761581421,0.8999999761581421,random,100.0,0.519029438495636,0.2030694484710693,9.86021185624503e-07,0.0019910631235688,1022.0000000001638,1.0,0.505,60.30000000001371,0.2743611633777618,2.773125515886932e-06,1.0,286.0
1,1000,0.5,0.8999999761581421,0.8999999761581421,random,300.0,0.5117071866989136,0.1983288377523422,1.2540554091481502e-06,0.0019956459291279,3915.999999997534,1.0,0.52,168.8999999998464,0.2743611633777618,2.773125515886932e-06,1.0,286.0
1,1000,0.5,0.8999999761581421,0.8999999761581421,all_open,0.1000000014901161,0.6874111294746399,0.1513068377971649,9.06004621836851e-07,6.468673774406852e-08,250.99999999999,1.0,0.491,50.29999999999714,0.2743611633777618,2.773125515886932e-06,1.0,286.0
1,1000,0.5,0.8999999761581421,0.8999999761581421,all_open,0.3000000119209289,0.6531304717063904,0.1953351497650146,9.738607045978774e-07,1.0771524472374949e-07,264.99999999999176,1.0,0.519,50.69999999999965,0.2743611633777618,2.773125515886932e-06,1.0,286.0
1,1000,0.5,0.8999999761581421,0.8999999761581421,all_open,1.0,0.6731676459312439,0.198862224817276,3.68235737513511e-06,1.5618059023836397e-06,214.99999999999207,1.0,0.515,50.19999999999715,0.2743611633777618,2.773125515886932e-06,1.0,286.0
1,1000,0.5,0.8999999761581421,0.8999999761581421,all_open,3.0,0.623428463935852,0.2217638790607452,1.3534062771004533e-06,1.5906906583040836e-06,228.99999999999127,1.0,0.507,50.59999999999712,0.2743611633777618,2.773125515886932e-06,1.0,286.0
1,1000,0.5,0.8999999761581421,0.8999999761581421,all_open,10.0,0.4756100475788116,0.2131442874670028,1.0218799100429402e-06,1.9055980374105275e-05,167.99999999999474,1.0,0.493,50.29999999999716,0.2743611633777618,2.773125515886932e-06,1.0,286.0
1,1000,0.5,0.8999999761581421,0.8999999761581421,all_open,30.0,0.3223854005336761,0.2061740756034851,1.0970738048252726e-06,0.0007731187506578,234.99999999999093,1.0,0.502,50.69999999999712,0.2743611633777618,2.773125515886932e-06,1.0,286.0
1,1000,0.5,0.8999999761581421,0.8999999761581421,all_open,100.0,0.2887758314609527,0.2019556015729904,1.1601030108586073e-06,0.0019927222747355,660.0000000000815,1.0,0.5,93.50000000002126,0.2743611633777618,2.773125515886932e-06,1.0,286.0
1,1000,0.5,0.8999999761581421,0.8999999761581421,all_open,300.0,0.274718314409256,0.2010146826505661,1.0836765612612551e-06,0.0019984780810773,1973.9999999993,1.0,0.505,515.4999999995312,0.2743611633777618,2.773125515886932e-06,1.0,286.0
2,1000,0.1,0.5,0.5,random,0.1000000014901161,0.7929654717445374,0.0840125754475593,1.106336317560047e-06,5.8492116039587953e-08,57.00000000000054,1.0,0.512,50.10000000000055,0.996620774269104,2.081221055050264e-06,1.0,25.0
2,1000,0.1,0.5,0.5,random,0.3000000119209289,0.8121941089630127,0.0884019061923027,1.1617175595568328e-06,1.2828164130951336e-07,60.00000000000058,1.0,0.521,50.6000000000006,0.996620774269104,2.081221055050264e-06,1.0,25.0
2,1000,0.1,0.5,0.5,random,1.0,0.8371108770370483,0.078142337501049,1.1459673695976531e-06,4.499280521486071e-07,65.00000000000058,1.0,0.533,50.00000000000062,0.996620774269104,2.081221055050264e-06,1.0,25.0
2,1000,0.1,0.5,0.5,random,3.0,0.8571272492408752,0.0766486227512359,1.203775094709793e-06,1.4371797760759364e-06,82.99999999999956,1.0,0.532,50.89999999999937,0.996620774269104,2.081221055050264e-06,1.0,25.0
2,1000,0.1,0.5,0.5,random,10.0,0.8586982488632202,0.0804217308759689,1.208152713137656e-06,5.58834517505602e-06,137.99999999999645,1.0,0.527,50.89999999999712,0.996620774269104,2.081221055050264e-06,1.0,25.0
2,1000,0.1,0.5,0.5,random,30.0,0.8681341409683228,0.0785416662693023,1.1651337194964935e-06,0.000327496236423,516.0000000000488,1.0,0.522,50.00000000001131,0.996620774269104,2.081221055050264e-06,1.0,25.0
2,1000,0.1,0.5,0.5,random,100.0,0.866066038608551,0.0810358896851539,1.572740153880515e-06,0.0019928917754441,866.0000000001284,1.0,0.524,105.70000000002403,0.996620774269104,2.081221055050264e-06,1.0,25.0
2,1000,0.1,0.5,0.5,random,300.0,0.8661218285560608,0.0810187384486198,1.5614279444665522e-06,0.0019935797899961,2791.999999998556,1.0,0.524,266.69999999975744,0.996620774269104,2.081221055050264e-06,1.0,25.0
2,1000,0.1,0.5,0.5,all_open,0.1000000014901161,0.8339205384254456,0.0903558209538459,1.152376520968472e-06,6.189478796159166e-08,55.00000000000051,1.0,0.502,50.60000000000051,0.996620774269104,2.081221055050264e-06,1.0,25.0
2,1000,0.1,0.5,0.5,all_open,0.3000000119209289,0.8991497159004211,0.0922861620783805,1.2301117728722945e-06,1.2321429210260249e-07,59.00000000000057,1.0,0.508,50.40000000000058,0.996620774269104,2.081221055050264e-06,1.0,25.0
2,1000,0.1,0.5,0.5,all_open,1.0,0.9659532308578492,0.0933429524302482,1.3543553348374607e-06,4.85418468088028e-07,60.00000000000058,1.0,0.509,50.100000000000605,0.996620774269104,2.081221055050264e-06,1.0,25.0
2,1000,0.1,0.5,0.5,all_open,3.0,0.9862446188926696,0.092920646071434,1.45551517874772e-06,1.44233206356148e-06,67.00000000000047,1.0,0.505,50.90000000000051,0.996620774269104,2.081221055050264e-06,1.0,25.0
2,1000,0.1,0.5,0.5,all_open,10.0,0.9955310225486756,0.0871279388666153,1.45353949842253e-06,1.5199850167846307e-05,114.99999999999774,1.0,0.51,50.89999999999711,0.996620774269104,2.081221055050264e-06,1.0,25.0
2,1000,0.1,0.5,0.5,all_open,30.0,0.99661523103714,0.0861794799566268,1.484788401079836e-06,0.0011098552495241,214.99999999999207,1.0,0.51,50.29999999999714,0.996620774269104,2.081221055050264e-06,1.0,25.0
2,1000,0.1,0.5,0.5,all_open,100.0,0.996620237827301,0.0861751064658165,1.4459702636855048e-06,0.0019911506678909,658.0000000000811,1.0,0.51,107.50000000002444,0.996620774269104,2.081221055050264e-06,1.0,25.0
2,1000,0.1,0.5,0.5,all_open,300.0,0.9966208338737488,0.0861750692129135,1.3396264167951748e-06,0.0019985151011496,1972.999999999301,1.0,0.51,320.2999999997087,0.996620774269104,2.081221055050264e-06,1.0,25.0
2,1000,0.1,0.699999988079071,0.6999998688697815,random,0.1000000014901161,0.8767167925834656,0.0809573903679847,1.2632619728814449e-06,6.392166795876619e-08,55.00000000000051,1.0,0.528,50.90000000000051,0.9966208338737488,1.7403153833583929e-06,1.0,25.0
2,1000,0.1,0.699999988079071,0.6999998688697815,random,0.3000000119209289,0.8889148235321045,0.0831271260976791,1.3428807886191424e-06,1.3302957313499064e-07,58.00000000000056,1.0,0.535,50.50000000000057,0.9966208338737488,1.7403153833583929e-06,1.0,25.0
2,1000,0.1,0.699999988079071,0.6999998688697815,random,1.0,0.9040834307670592,0.0823240205645561,1.3222560838621032e-06,4.693375217357243e-07,59.00000000000057,1.0,0.533,50.60000000000058,0.9966208338737488,1.7403153833583929e-06,1.0,25.0
2,1000,0.1,0.699999988079071,0.6999998688697815,random,3.0,0.9095028638839722,0.0836145877838134,1.3100886353503385e-06,1.391818841511849e-06,75.00000000000001,1.0,0.541,50.19999999999993,0.9966208338737488,1.7403153833583929e-06,1.0,25.0
2,1000,0.1,0.699999988079071,0.6999998688697815,random,10.0,0.9132025837898254,0.0849335193634033,1.257754070843189e-06,1.7161681171273813e-05,116.99999999999764,1.0,0.536,50.19999999999715,0.9966208338737488,1.7403153833583929e-06,1.0,25.0
2,1000,0.1,0.699999988079071,0.6999998688697815,random,30.0,0.9142908453941344,0.0856338739395141,1.3130585517292309e-06,0.0006895046681165,268.99999999999267,1.0,0.536,50.10000000000082,0.9966208338737488,1.7403153833583929e-06,1.0,25.0
2,1000,0.1,0.699999988079071,0.6999998688697815,random,100.0,0.9145451188087464,0.085829421877861,1.4168943139637725e-06,0.001991624943912,675.0000000000849,1.0,0.536,100.80000000002292,0.9966208338737488,1.7403153833583929e-06,1.0,25.0
2,1000,0.1,0.699999988079071,0.6999998688697815,random,300.0,0.9145662784576416,0.0858295559883117,1.531401050331066e-06,0.0019983982201665,2023.999999999255,1.0,0.536,306.59999999972115,0.9966208338737488,1.7403153833583929e-06,1.0,25.0
2,1000,0.1,0.699999988079071,0.6999998688697815,all_open,0.1000000014901161,0.9143345952033995,0.0829298645257949,1.2150598435738777e-06,6.190241919057371e-08,56.000000000000526,1.0,0.519,50.00000000000053,0.9966208338737488,1.7403153833583929e-06,1.0,25.0
2,1000,0.1,0.699999988079071,0.6999998688697815,all_open,0.3000000119209289,0.9556988477706908,0.0871953219175338,1.3804010912829871e-06,1.340023914053745e-07,57.00000000000054,1.0,0.512,50.50000000000055,0.9966208338737488,1.7403153833583929e-06,1.0,25.0
2,1000,0.1,0.699999988079071,0.6999998688697815,all_open,1.0,0.98773854970932,0.0877279266715049,1.443221256932391e-06,5.112640337756602e-07,56.000000000000526,1.0,0.512,50.20000000000053,0.9966208338737488,1.7403153833583929e-06,1.0,25.0
2,1000,0.1,0.699999988079071,0.6999998688697815,all_open,3.0,0.995399534702301,0.0868369564414024,1.4134841408435448e-06,1.5885344737398557e-06,75.00000000000001,1.0,0.51,50.09999999999993,0.9966208338737488,1.7403153833583929e-06,1.0,25.0
2,1000,0.1,0.699999988079071,0.6999998688697815,all_open,10.0,0.9965432286262512,0.0862340852618217,1.4655822930773248e-06,9.03545424080221e-06,120.9999999999974,1.0,0.511,50.59999999999712,0.9966208338737488,1.7403153833583929e-06,1.0,25.0
2,1000,0.1,0.699999988079071,0.6999998688697815,all_open,30.0,0.996619999408722,0.0861752927303314,1.2996641269695718e-06,0.0010699582053348,215.999999999992,1.0,0.51,50.79999999999711,0.9966208338737488,1.7403153833583929e-06,1.0,25.0
2,1000,0.1,0.699999988079071,0.6999998688697815,all_open,100.0,0.996620237827301,0.0861751064658165,1.3262481070681946e-06,0.0019896675366908,658.0000000000811,1.0,0.51,107.10000000002437,0.9966208338737488,1.7403153833583929e-06,1.0,25.0
2,1000,0.1,0.699999988079071,0.6999998688697815,all_open,300.0,0.9966208338737488,0.0861750692129135,1.3419111576637218e-06,0.001998022198677,1972.999999999301,1.0,0.51,319.89999999970905,0.9966208338737488,1.7403153833583929e-06,1.0,25.0
2,1000,0.1,0.8999999761581421,0.8999998569488525,random,0.1000000014901161,0.9596739411354064,0.0847365856170654,1.6160171916519598e-06,6.256940565663173e-08,52.00000000000047,1.0,0.521,50.40000000000047,0.9966208338737488,1.79462551841425e-06,1.0,25.0
2,1000,0.1,0.8999999761581421,0.8999998569488525,random,0.3000000119209289,0.9618711471557616,0.0852074772119522,1.4398152281536864e-06,1.340379043313078e-07,56.000000000000526,1.0,0.522,50.80000000000053,0.9966208338737488,1.79462551841425e-06,1.0,25.0
2,1000,0.1,0.8999999761581421,0.8999998569488525,random,1.0,0.967924177646637,0.0853786095976829,1.470669183531714e-06,4.518627179095347e-07,58.00000000000056,1.0,0.531,50.800000000000566,0.9966208338737488,1.79462551841425e-06,1.0,25.0
2,1000,0.1,0.8999999761581421,0.8999998569488525,random,3.0,0.9704020023345948,0.0859476029872894,1.4095605010715336e-06,1.536562876935932e-06,66.00000000000053,1.0,0.531,50.300000000000566,0.9966208338737488,1.79462551841425e-06,1.0,25.0
2,1000,0.1,0.8999999761581421,0.8999998569488525,random,10.0,0.9713393449783324,0.0865128114819526,1.3906213193400397e-06,5.734325895900838e-06,127.999999999997,1.0,0.531,50.59999999999712,0.9966208338737488,1.79462551841425e-06,1.0,25.0
2,1000,0.1,0.8999999761581421,0.8999998569488525,random,30.0,0.9715761542320251,0.0866972506046295,1.3343936678006097e-06,0.0002925524313468,255.9999999999897,1.0,0.531,50.399999999997135,0.9966208338737488,1.79462551841425e-06,1.0,25.0
2,1000,0.1,0.8999999761581421,0.8999998569488525,random,100.0,0.9716394543647766,0.0867488458752632,1.580803911572179e-06,0.0008353201556019,748.0000000001015,1.0,0.53,50.70000000001153,0.9966208338737488,1.79462551841425e-06,1.0,25.0
2,1000,0.1,0.8999999761581421,0.8999998569488525,random,300.0,0.9716435074806212,0.08675117790699,1.666453728909123e-06,0.0019980641081929,1982.999999999292,1.0,0.529,55.59999999994943,0.9966208338737488,1.79462551841425e-06,1.0,25.0
2,1000,0.1,0.8999999761581421,0.8999998569488525,all_open,0.1000000014901161,0.9728648066520692,0.0846378281712532,1.6423453824220937e-06,6.317749523532258e-08,54.0000000000005,1.0,0.518,50.5000000000005,0.9966208338737488,1.79462551841425e-06,1.0,25.0
2,1000,0.1,0.8999999761581421,0.8999998569488525,all_open,0.3000000119209289,0.986751139163971,0.085360586643219,1.7154468988678274e-06,1.294979199428781e-07,53.00000000000048,1.0,0.514,50.100000000000485,0.9966208338737488,1.79462551841425e-06,1.0,25.0
2,1000,0.1,0.8999999761581421,0.8999998569488525,all_open,1.0,0.9957701563835144,0.0855280235409736,1.730123704946916e-06,4.7382087586811394e-07,57.00000000000054,1.0,0.51,50.800000000000544,0.9966208338737488,1.79462551841425e-06,1.0,25.0
2,1000,0.1,0.8999999761581421,0.8999998569488525,all_open,3.0,0.9970906972885132,0.0856231525540351,1.6537036384087593e-06,1.5627017546648858e-06,72.00000000000018,1.0,0.509,50.30000000000015,0.9966208338737488,1.79462551841425e-06,1.0,25.0
2,1000,0.1,0.8999999761581421,0.8999998569488525,all_open,10.0,0.9967151880264282,0.0860833078622818,1.44853832373662e-06,4.584782345773419e-06,132.99999999999673,1.0,0.512,50.39999999999715,0.9966208338737488,1.79462551841425e-06,1.0,25.0
2,1000,0.1,0.8999999761581421,0.8999998569488525,all_open,30.0,0.9966208338737488,0.0861745327711105,1.3728253176128974e-06,0.0010695565724745,215.999999999992,1.0,0.51,50.59999999999712,0.9966208338737488,1.79462551841425e-06,1.0,25.0
2,1000,0.1,0.8999999761581421,0.8999998569488525,all_open,100.0,0.996620237827301,0.0861750915646553,1.3439088055969374e-06,0.0019889154937118,658.0000000000811,1.0,0.51,106.9000000000243,0.9966208338737488,1.79462551841425e-06,1.0,25.0
2,1000,0.1,0.8999999761581421,0.8999998569488525,all_open,300.0,0.9966208338737488,0.0861750692129135,1.477111786032761e-06,0.0019977437332272,1972.999999999301,1.0,0.51,319.79999999970914,0.9966208338737488,1.79462551841425e-06,1.0,25.0
2,1000,0.2,0.5,0.5,random,0.1000000014901161,0.6418898701667786,0.1455617994070053,6.397861831810862e-06,3.871024318868877e-07,103.99999999999837,1.0,0.491,50.99999999999788,0.2792336642742157,1.489949340793828e-06,1.0,515.0
2,1000,0.2,0.5,0.5,random,0.3000000119209289,0.6556656956672668,0.1503775715827942,2.1727301750665288e-06,2.931553240159701e-07,274.99999999999403,1.0,0.496,50.30000000000251,0.2792336642742157,1.489949340793828e-06,1.0,515.0
2,1000,0.2,0.5,0.5,random,1.0,0.6878015398979187,0.1519342362880706,1.909709451111501e-06,7.471526828339847e-07,84.99999999999945,1.0,0.474,50.19999999999922,0.2792336642742157,1.489949340793828e-06,1.0,515.0
2,1000,0.2,0.5,0.5,random,3.0,0.6634789705276489,0.1552331447601318,1.590311446407774e-05,2.2135722247185186e-05,124.99999999999716,1.0,0.499,50.69999999999712,0.2792336642742157,1.489949340793828e-06,1.0,515.0
2,1000,0.2,0.5,0.5,random,10.0,0.6378298401832581,0.1795953065156936,7.233218481500122e-05,0.0003670986043289,247.9999999999902,1.0,0.493,50.59999999999712,0.2792336642742157,1.489949340793828e-06,1.0,515.0
2,1000,0.2,0.5,0.5,random,30.0,0.621575117111206,0.1558064520359039,2.669175672135128e-05,0.0019643162377178,317.0000000000036,1.0,0.488,57.30000000001303,0.2792336642742157,1.489949340793828e-06,1.0,515.0
2,1000,0.2,0.5,0.5,random,100.0,0.6378770470619202,0.1712799966335296,8.441418696744579e-07,0.0019992631860077,1392.9999999998286,1.0,0.483,108.99999999990088,0.2792336642742157,1.489949340793828e-06,1.0,515.0
2,1000,0.2,0.5,0.5,random,300.0,0.6166938543319702,0.1622772514820099,1.305080628357416e-06,0.0019933860749006,3313.9999999980814,1.0,0.483,199.5999999998185,0.2792336642742157,1.489949340793828e-06,1.0,515.0
2,1000,0.2,0.5,0.5,all_open,0.1000000014901161,0.6640838980674744,0.163646787405014,1.2747795269406175e-06,8.602845014138438e-08,136.9999999999965,1.0,0.494,50.49999999999714,0.2792336642742157,1.489949340793828e-06,1.0,515.0
2,1000,0.2,0.5,0.5,all_open,0.3000000119209289,0.7173436880111694,0.1599896848201751,1.1815913656372828e-06,1.3410868859864422e-07,107.99999999999814,1.0,0.506,50.9999999999976,0.2792336642742157,1.489949340793828e-06,1.0,515.0
2,1000,0.2,0.5,0.5,all_open,1.0,0.7296484708786011,0.1604035347700119,7.999185775608766e-06,3.2181890219362685e-06,129.9999999999969,1.0,0.493,50.49999999999714,0.2792336642742157,1.489949340793828e-06,1.0,515.0
2,1000,0.2,0.5,0.5,all_open,3.0,0.72282874584198,0.1714676171541214,2.429797483556021e-06,3.732107643372729e-06,75.00000000000001,1.0,0.488,50.59999999999994,0.2792336642742157,1.489949340793828e-06,1.0,515.0
2,1000,0.2,0.5,0.5,all_open,10.0,0.628815233707428,0.1927042156457901,0.0001308913425851,0.0006546451477333,172.99999999999446,1.0,0.501,50.29999999999716,0.2792336642742157,1.489949340793828e-06,1.0,515.0
2,1000,0.2,0.5,0.5,all_open,30.0,0.4069655537605285,0.2995748817920685,1.12785471213355e-06,0.0009400269482284,225.99999999999145,1.0,0.476,50.59999999999712,0.2792336642742157,1.489949340793828e-06,1.0,515.0
2,1000,0.2,0.5,0.5,all_open,100.0,0.3143733143806457,0.2794406712055206,1.2473430942922208e-06,0.0019823247566819,664.0000000000824,1.0,0.493,71.20000000001619,0.2792336642742157,1.489949340793828e-06,1.0,515.0
2,1000,0.2,0.5,0.5,all_open,300.0,0.2792908847332001,0.2428023517131805,1.3841963705366682e-06,0.0017599470447748,2008.9999999992683,1.0,0.495,50.69999999995389,0.2792336642742157,1.489949340793828e-06,1.0,515.0
2,1000,0.2,0.699999988079071,0.6999999284744263,random,0.1000000014901161,0.7375596165657043,0.1540454030036926,1.033941093144301e-06,7.973832083507659e-08,130.99999999999685,1.0,0.488,50.19999999999716,0.2947944104671478,1.4507747891912004e-06,1.0,515.0
2,1000,0.2,0.699999988079071,0.6999999284744263,random,0.3000000119209289,0.7584595084190369,0.1475457996129989,9.696980110983012e-07,1.1994644921742292e-07,123.99999999999724,1.0,0.488,50.19999999999715,0.2947944104671478,1.4507747891912004e-06,1.0,515.0
2,1000,0.2,0.699999988079071,0.6999999284744263,random,1.0,0.7767313122749329,0.1452817469835281,1.5293404298895251e-06,6.191654620124609e-07,162.99999999999503,1.0,0.483,50.29999999999716,0.2947944104671478,1.4507747891912004e-06,1.0,515.0
2,1000,0.2,0.699999988079071,0.6999999284744263,random,3.0,0.7771498560905457,0.1465013772249221,1.9725606297359604e-06,2.817611630234751e-06,127.999999999997,1.0,0.479,50.79999999999711,0.2947944104671478,1.4507747891912004e-06,1.0,515.0
2,1000,0.2,0.699999988079071,0.6999999284744263,random,10.0,0.7405539155006409,0.1661985665559768,1.245709886484828e-06,1.088839053409174e-05,153.99999999999554,1.0,0.482,50.19999999999716,0.2947944104671478,1.4507747891912004e-06,1.0,515.0
2,1000,0.2,0.699999988079071,0.6999999284744263,random,30.0,0.6988853216171265,0.1680047512054443,2.1634519243492133e-05,0.0018130491953343,305.00000000000085,1.0,0.487,50.30000000001104,0.2947944104671478,1.4507747891912004e-06,1.0,515.0
2,1000,0.2,0.699999988079071,0.6999999284744263,random,100.0,0.6672151684761047,0.163226380944252,9.468261046282896e-07,0.001989344600588,1151.0000000000489,1.0,0.489,177.39999999989584,0.2947944104671478,1.4507747891912004e-06,1.0,515.0
2,1000,0.2,0.699999988079071,0.6999999284744263,random,300.0,0.6717929840087891,0.1680088341236114,1.3236380183462465e-06,0.0019993602763861,2460.999999998857,1.0,0.492,324.39999999970496,0.2947944104671478,1.4507747891912004e-06,1.0,515.0
2,1000,0.2,0.699999988079071,0.6999999284744263,all_open,0.1000000014901161,0.7586070895195007,0.1511504352092743,1.5698801779631734e-06,1.0410026618501433e-07,231.9999999999911,1.0,0.492,50.9999999999971,0.2947944104671478,1.4507747891912004e-06,1.0,515.0
2,1000,0.2,0.699999988079071,0.6999999284744263,all_open,0.3000000119209289,0.7919919490814209,0.1578013151884079,6.028864536266423e-06,8.062561391852796e-07,123.99999999999724,1.0,0.49,50.399999999997135,0.2947944104671478,1.4507747891912004e-06,1.0,515.0
2,1000,0.2,0.699999988079071,0.6999999284744263,all_open,1.0,0.8166148066520691,0.1513062119483947,2.61968111378755e-05,1.1435130545578431e-05,119.99999999999746,1.0,0.485,50.29999999999714,0.2947944104671478,1.4507747891912004e-06,1.0,515.0
2,1000,0.2,0.699999988079071,0.6999999284744263,all_open,3.0,0.8080599904060364,0.1516946107149124,1.3312124281274103e-06,1.7535319329908816e-06,94.99999999999888,1.0,0.477,50.29999999999851,0.2947944104671478,1.4507747891912004e-06,1.0,515.0
2,1000,0.2,0.699999988079071,0.6999999284744263,all_open,10.0,0.6808903813362122,0.1872148960828781,1.0196661578007277e-06,1.893659828056116e-05,124.99999999999716,1.0,0.49,50.399999999997135,0.2947944104671478,1.4507747891912004e-06,1.0,515.0
2,1000,0.2,0.699999988079071,0.6999999284744263,all_open,30.0,0.4868326187133789,0.2599025964736938,3.1207612018832e-06,0.0011327222455292,218.99999999999184,1.0,0.501,50.49999999999713,0.2947944104671478,1.4507747891912004e-06,1.0,515.0
2,1000,0.2,0.699999988079071,0.6999999284744263,all_open,100.0,0.3461447656154632,0.235486164689064,1.2599473352524468e-06,0.001999627565965,668.0000000000833,1.0,0.482,79.10000000001799,0.2947944104671478,1.4507747891912004e-06,1.0,515.0
2,1000,0.2,0.699999988079071,0.6999999284744263,all_open,300.0,0.2946901619434356,0.2182510048151016,1.0654020798118104e-06,0.0019987432751804,1977.9999999992965,1.0,0.489,598.5999999994556,0.2947944104671478,1.4507747891912004e-06,1.0,515.0
2,1000,0.2,0.8999999761581421,0.8999999761581421,random,0.1000000014901161,0.8676345348358154,0.1439514458179474,7.736980660679599e-05,4.503767740970943e-06,191.9999999999933,1.0,0.494,50.59999999999712,0.2507970035076141,7.506239853682928e-06,1.0,515.0
2,1000,0.2,0.8999999761581421,0.8999999761581421,random,0.3000000119209289,0.8489370942115784,0.1455620378255844,1.1041825545481097e-06,1.2038243824008532e-07,224.9999999999915,1.0,0.507,50.399999999997135,0.2507970035076141,7.506239853682928e-06,1.0,515.0
2,1000,0.2,0.8999999761581421,0.8999999761581421,random,1.0,0.9308924674987792,0.1103349179029464,9.873163931010098e-05,3.7458408769452944e-05,92.999999999999,1.0,0.473,50.299999999998654,0.2507970035076141,7.506239853682928e-06,1.0,515.0
2,1000,0.2,0.8999999761581421,0.8999999761581421,random,3.0,0.8506673574447632,0.1417283415794372,9.634298289764248e-07,1.4861932413623435e-06,257.99999999999017,1.0,0.504,50.599999999997664,0.2507970035076141,7.506239853682928e-06,1.0,515.0
2,1000,0.2,0.8999999761581421,0.8999999761581421,random,10.0,0.832714319229126,0.1352912932634353,9.70128585426076e-07,1.910846731334459e-05,176.99999999999423,1.0,0.491,50.19999999999716,0.2507970035076141,7.506239853682928e-06,1.0,515.0
2,1000,0.2,0.8999999761581421,0.8999999761581421,random,30.0,0.8259283900260925,0.1410469710826873,1.0499031264381198e-06,0.0001526768173789,331.0000000000068,1.0,0.509,50.90000000001157,0.2507970035076141,7.506239853682928e-06,1.0,515.0
2,1000,0.2,0.8999999761581421,0.8999999761581421,random,100.0,0.7791615128517151,0.1471506804227829,9.188129460394222e-07,0.0019936172757297,898.0000000001356,1.0,0.497,121.90000000002772,0.2507970035076141,7.506239853682928e-06,1.0,515.0
2,1000,0.2,0.8999999761581421,0.8999999761581421,random,300.0,0.7709457278251648,0.1509260833263397,1.1304953283552128e-06,0.0019942731596529,4327.999999998214,1.0,0.496,187.20000000068103,0.2507970035076141,7.506239853682928e-06,1.0,515.0
2,1000,0.2,0.8999999761581421,0.8999999761581421,all_open,0.1000000014901161,0.9248714447021484,0.1162370294332504,7.300475953329964e-05,4.171740783931455e-06,86.99999999999933,1.0,0.484,50.49999999999908,0.2507970035076141,7.506239853682928e-06,1.0,515.0
2,1000,0.2,0.8999999761581421,0.8999999761581421,all_open,0.3000000119209289,0.9408620595932008,0.1151288375258445,4.8211101991010745e-06,6.364465434671729e-07,97.9999999999987,1.0,0.483,50.099999999998296,0.2507970035076141,7.506239853682928e-06,1.0,515.0
2,1000,0.2,0.8999999761581421,0.8999999761581421,all_open,1.0,0.8730773329734802,0.1473409086465835,1.1985656394023034e-06,4.943002522850293e-07,129.9999999999969,1.0,0.498,50.39999999999715,0.2507970035076141,7.506239853682928e-06,1.0,515.0
2,1000,0.2,0.8999999761581421,0.8999999761581421,all_open,3.0,0.8383169174194336,0.1485000699758529,1.530272180615779e-06,1.936603894137079e-06,186.9999999999937,1.0,0.486,50.89999999999711,0.2507970035076141,7.506239853682928e-06,1.0,515.0
2,1000,0.2,0.8999999761581421,0.8999999761581421,all_open,10.0,0.7346000075340271,0.1694695502519607,1.0036380244593918e-06,9.471406883676536e-06,124.99999999999716,1.0,0.499,50.69999999999712,0.2507970035076141,7.506239853682928e-06,1.0,515.0
2,1000,0.2,0.8999999761581421,0.8999999761581421,all_open,30.0,0.5135030150413513,0.2472113072872162,1.1291414151144292e-06,0.0014753870200365,211.99999999999224,1.0,0.495,50.49999999999713,0.2507970035076141,7.506239853682928e-06,1.0,515.0
2,1000,0.2,0.8999999761581421,0.8999999761581421,all_open,100.0,0.3602494597434997,0.2722650170326233,1.1272785609830456e-06,0.0019979982171207,663.0000000000822,1.0,0.486,124.20000000002824,0.2507970035076141,7.506239853682928e-06,1.0,515.0
2,1000,0.2,0.8999999761581421,0.8999999761581421,all_open,300.0,0.3389917910099029,0.26442351937294,1.3071469828975302e-06,0.0019990880973637,1980.999999999293,1.0,0.496,69.09999999993715,0.2507970035076141,7.506239853682928e-06,1.0,515.0
2,1000,0.3,0.5,0.5,random,0.1000000014901161,0.5626686215400696,0.1375905126333236,8.645378219729662e-05,5.436769242805895e-06,208.9999999999924,1.0,0.506,50.09999999999715,0.1400274485349655,8.858934961608611e-06,1.0,674.0
2,1000,0.3,0.5,0.5,random,0.3000000119209289,0.6176798939704895,0.1233448311686515,4.795051129736254e-06,6.738930551364319e-07,292.9999999999981,1.0,0.509,50.60000000000761,0.1400274485349655,8.858934961608611e-06,1.0,674.0
2,1000,0.3,0.5,0.5,random,1.0,0.5883294939994812,0.1593214571475982,5.8128704742766345e-05,2.601640517241321e-05,210.9999999999923,1.0,0.502,50.19999999999715,0.1400274485349655,8.858934961608611e-06,1.0,674.0
2,1000,0.3,0.5,0.5,random,3.0,0.5755087733268738,0.1666307747364044,1.2036265666571991e-05,1.8954542611027136e-05,186.9999999999937,1.0,0.492,50.399999999997135,0.1400274485349655,8.858934961608611e-06,1.0,674.0
2,1000,0.3,0.5,0.5,random,10.0,0.5045811533927917,0.1425088196992874,2.4018387275212576e-05,0.000116852344945,431.0000000000295,1.0,0.484,50.80000000001155,0.1400274485349655,8.858934961608611e-06,1.0,674.0
2,1000,0.3,0.5,0.5,random,30.0,0.4726016223430633,0.1638660430908203,9.812554552964015e-07,0.0019813016988337,325.0000000000054,1.0,0.48,54.50000000001239,0.1400274485349655,8.858934961608611e-06,1.0,674.0
2,1000,0.3,0.5,0.5,random,100.0,0.4388968348503113,0.2054444402456283,9.057816251848863e-07,0.001994592603296,1381.9999999998386,1.0,0.478,87.09999999992078,0.1400274485349655,8.858934961608611e-06,1.0,674.0
2,1000,0.3,0.5,0.5,random,300.0,0.450966477394104,0.1681355088949203,1.149973023050071e-06,0.0019976226612925,3137.999999998241,1.0,0.498,408.49999999962847,0.1400274485349655,8.858934961608611e-06,1.0,674.0
2,1000,0.3,0.5,0.5,all_open,0.1000000014901161,0.5648936629295349,0.147146388888359,9.411621207695303e-06,6.165100217003783e-07,273.9999999999938,1.0,0.513,50.30000000000223,0.1400274485349655,8.858934961608611e-06,1.0,674.0
2,1000,0.3,0.5,0.5,all_open,0.3000000119209289,0.6308888792991638,0.1560394316911697,2.6881626235056147e-06,3.489512039323017e-07,590.0000000000656,1.0,0.5,50.50000000001148,0.1400274485349655,8.858934961608611e-06,1.0,674.0
2,1000,0.3,0.5,0.5,all_open,1.0,0.6838439106941223,0.163492202758789,2.0475165985371906e-06,8.384756711166119e-07,139.99999999999633,1.0,0.498,50.49999999999714,0.1400274485349655,8.858934961608611e-06,1.0,674.0
2,1000,0.3,0.5,0.5,all_open,3.0,0.5909506678581238,0.2008709013462066,6.717684681174794e-06,8.976707249530591e-06,155.99999999999542,1.0,0.498,50.89999999999712,0.1400274485349655,8.858934961608611e-06,1.0,674.0
2,1000,0.3,0.5,0.5,all_open,10.0,0.4735671281814575,0.2207014411687851,9.050814436059236e-06,0.0001137811559601,181.99999999999395,1.0,0.483,50.19999999999715,0.1400274485349655,8.858934961608611e-06,1.0,674.0
2,1000,0.3,0.5,0.5,all_open,30.0,0.3123841285705566,0.2004562765359878,1.5361964581261504e-06,0.0015573250129818,213.99999999999213,1.0,0.509,50.399999999997135,0.1400274485349655,8.858934961608611e-06,1.0,674.0
2,1000,0.3,0.5,0.5,all_open,100.0,0.1558300405740738,0.2280031889677047,1.2425454055859035e-06,0.0019917185418307,673.0000000000845,1.0,0.514,140.20000000003188,0.1400274485349655,8.858934961608611e-06,1.0,674.0
2,1000,0.3,0.5,0.5,all_open,300.0,0.1501345932483673,0.223547488451004,1.2083867966506084e-06,0.0019938487093895,1985.9999999992888,1.0,0.487,260.599999999763,0.1400274485349655,8.858934961608611e-06,1.0,674.0
2,1000,0.3,0.699999988079071,0.699999988079071,random,0.1000000014901161,0.7179833054542542,0.1301439255475998,1.825409515585292e-05,1.1646528719211346e-06,170.99999999999457,1.0,0.515,50.79999999999713,0.1373272985219955,1.5611855133101926e-06,1.0,674.0
2,1000,0.3,0.699999988079071,0.699999988079071,random,0.3000000119209289,0.695084273815155,0.148461639881134,2.483416572700564e-06,3.0913841442270495e-07,235.99999999999088,1.0,0.501,50.79999999999711,0.1373272985219955,1.5611855133101926e-06,1.0,674.0
2,1000,0.3,0.699999988079071,0.699999988079071,random,1.0,0.7410157322883606,0.1366820186376571,2.032517566380525e-05,9.09443315322278e-06,99.9999999999986,1.0,0.51,50.29999999999816,0.1373272985219955,1.5611855133101926e-06,1.0,674.0
2,1000,0.3,0.699999988079071,0.699999988079071,random,3.0,0.7360793352127075,0.1279080063104629,1.226888550843828e-06,1.6977196537482089e-06,435.0000000000304,1.0,0.516,50.30000000001144,0.1373272985219955,1.5611855133101926e-06,1.0,674.0
2,1000,0.3,0.699999988079071,0.699999988079071,random,10.0,0.6192485690116882,0.1819862574338913,3.260376561765172e-05,0.0002299206098541,335.0000000000077,1.0,0.506,50.00000000001137,0.1373272985219955,1.5611855133101926e-06,1.0,674.0
2,1000,0.3,0.699999988079071,0.699999988079071,random,30.0,0.6036585569381714,0.1682149171829223,2.912069991375184e-05,0.0006400936399586,562.0000000000592,1.0,0.504,50.50000000001143,0.1373272985219955,1.5611855133101926e-06,1.0,674.0
2,1000,0.3,0.699999988079071,0.699999988079071,random,100.0,0.5497485399246216,0.170586422085762,8.432369347742098e-07,0.001993017271161,1369.9999999998497,1.0,0.489,90.89999999991733,0.1373272985219955,1.5611855133101926e-06,1.0,674.0
2,1000,0.3,0.699999988079071,0.699999988079071,random,300.0,0.5092183947563171,0.1799928396940231,1.0579119405437009e-06,0.0019551294390112,5094.000000001,1.0,0.485,50.700000000184446,0.1373272985219955,1.5611855133101926e-06,1.0,674.0
2,1000,0.3,0.699999988079071,0.699999988079071,all_open,0.1000000014901161,0.741102397441864,0.1565388888120651,1.5113815456248866e-05,9.98990003608924e-07,239.99999999999065,1.0,0.515,50.9999999999971,0.1373272985219955,1.5611855133101926e-06,1.0,674.0
2,1000,0.3,0.699999988079071,0.699999988079071,all_open,0.3000000119209289,0.7724924087524414,0.1320695430040359,2.0500431720110167e-06,2.719763756431348e-07,134.99999999999662,1.0,0.496,50.79999999999713,0.1373272985219955,1.5611855133101926e-06,1.0,674.0
2,1000,0.3,0.699999988079071,0.699999988079071,all_open,1.0,0.7735604047775269,0.1417393386363983,4.454607333575481e-05,1.9149410945829004e-05,311.0000000000022,1.0,0.495,50.20000000001141,0.1373272985219955,1.5611855133101926e-06,1.0,674.0
2,1000,0.3,0.699999988079071,0.699999988079071,all_open,3.0,0.7607111930847168,0.1554225087165832,1.141198003003392e-05,1.6725778550608084e-05,166.9999999999948,1.0,0.507,50.59999999999714,0.1373272985219955,1.5611855133101926e-06,1.0,674.0
2,1000,0.3,0.699999988079071,0.699999988079071,all_open,10.0,0.5965191721916199,0.1964583992958068,2.589921975017847e-06,4.332120806793682e-05,141.99999999999622,1.0,0.49,50.59999999999714,0.1373272985219955,1.5611855133101926e-06,1.0,674.0
2,1000,0.3,0.699999988079071,0.699999988079071,all_open,30.0,0.4196345806121826,0.1757741868495941,1.032115229510273e-06,0.0008391786250285,329.0000000000063,1.0,0.475,50.60000000001151,0.1373272985219955,1.5611855133101926e-06,1.0,674.0
2,1000,0.3,0.699999988079071,0.699999988079071,all_open,100.0,0.1854762285947799,0.2510311603546142,1.1682692323766735e-06,0.0019956363830715,679.0000000000858,1.0,0.486,67.20000000001528,0.1373272985219955,1.5611855133101926e-06,1.0,674.0
2,1000,0.3,0.699999988079071,0.699999988079071,all_open,300.0,0.1947657465934753,0.2151758968830108,1.105947945429453e-06,0.0019999395590275,1991.999999999284,1.0,0.494,67.99999999993815,0.1373272985219955,1.5611855133101926e-06,1.0,674.0
2,1000,0.3,0.8999999761581421,0.8999999761581421,random,0.1000000014901161,0.8254427313804626,0.1208287626504898,1.6507787211661132e-05,1.034426873047778e-06,126.99999999999706,1.0,0.498,50.49999999999713,0.1687259376049041,1.4122757647783146e-06,1.0,674.0
2,1000,0.3,0.8999999761581421,0.8999999761581421,random,0.3000000119209289,0.828202486038208,0.1211731284856796,1.3255725368487734e-06,1.7114992090228045e-07,131.9999999999968,1.0,0.492,50.79999999999713,0.1687259376049041,1.4122757647783146e-06,1.0,674.0
2,1000,0.3,0.8999999761581421,0.8999999761581421,random,1.0,0.8083027601242065,0.1394018828868866,1.253332291000901e-06,5.610734774563753e-07,126.99999999999706,1.0,0.494,50.399999999997135,0.1687259376049041,1.4122757647783146e-06,1.0,674.0
2,1000,0.3,0.8999999761581421,0.8999999761581421,random,3.0,0.824383020401001,0.132602110505104,8.857253724342441e-06,1.3724060409003869e-05,196.9999999999931,1.0,0.511,50.9999999999971,0.1687259376049041,1.4122757647783146e-06,1.0,674.0
2,1000,0.3,0.8999999761581421,0.8999999761581421,random,10.0,0.799484133720398,0.1513362824916839,3.576315869415101e-05,0.0003290898457635,157.9999999999953,1.0,0.502,50.99999999999712,0.1687259376049041,1.4122757647783146e-06,1.0,674.0
2,1000,0.3,0.8999999761581421,0.8999999761581421,random,30.0,0.7341944575309753,0.1455152928829193,1.116176651363559e-06,0.0008712889975868,424.0000000000279,1.0,0.492,50.60000000001151,0.1687259376049041,1.4122757647783146e-06,1.0,674.0
2,1000,0.3,0.8999999761581421,0.8999999761581421,random,100.0,0.7108228206634521,0.1707936823368072,8.05658988689057e-07,0.0019954957533627,965.0000000001507,1.0,0.494,120.30000000002735,0.1687259376049041,1.4122757647783146e-06,1.0,674.0
2,1000,0.3,0.8999999761581421,0.8999999761581421,random,300.0,0.6987320780754089,0.1821506917476654,1.05350598417125e-06,0.0019964184612035,2337.999999998969,1.0,0.5,109.3999999999005,0.1687259376049041,1.4122757647783146e-06,1.0,674.0
2,1000,0.3,0.8999999761581421,0.8999999761581421,all_open,0.1000000014901161,0.8055988550186157,0.1310107707977295,8.29507518305597e-07,6.595568891043514e-08,131.9999999999968,1.0,0.503,50.69999999999713,0.1687259376049041,1.4122757647783146e-06,1.0,674.0
2,1000,0.3,0.8999999761581421,0.8999999761581421,all_open,0.3000000119209289,0.8202489614486694,0.1264583617448806,2.6899881447905576e-05,3.798669695243007e-06,176.99999999999423,1.0,0.501,50.99999999999712,0.1687259376049041,1.4122757647783146e-06,1.0,674.0
2,1000,0.3,0.8999999761581421,0.8999999761581421,all_open,1.0,0.8559682369232178,0.1270286738872528,1.0446836166510266e-06,4.52798190053727e-07,123.99999999999724,1.0,0.499,50.59999999999712,0.1687259376049041,1.4122757647783146e-06,1.0,674.0
2,1000,0.3,0.8999999761581421,0.8999999761581421,all_open,3.0,0.8173459768295288,0.1351445466279983,1.0779883398543842e-06,1.530986764919362e-06,128.99999999999696,1.0,0.511,50.59999999999714,0.1687259376049041,1.4122757647783146e-06,1.0,674.0
2,1000,0.3,0.8999999761581421,0.8999999761581421,all_open,10.0,0.6505603790283203,0.2121804058551788,7.836733415995146e-07,4.752326731249923e-06,159.9999999999952,1.0,0.492,50.39999999999715,0.1687259376049041,1.4122757647783146e-06,1.0,674.0
2,1000,0.3,0.8999999761581421,0.8999999761581421,all_open,30.0,0.4149220585823059,0.1765407174825668,9.796676476065404e-07,0.0006157633033581,245.9999999999903,1.0,0.506,50.29999999999714,0.1687259376049041,1.4122757647783146e-06,1.0,674.0
2,1000,0.3,0.8999999761581421,0.8999999761581421,all_open,100.0,0.2243976593017578,0.2091134339570999,1.0367856461179665e-06,0.0019981989171355,672.0000000000842,1.0,0.491,143.10000000003254,0.1687259376049041,1.4122757647783146e-06,1.0,674.0
2,1000,0.3,0.8999999761581421,0.8999999761581421,all_open,300.0,0.1689008474349975,0.2446804791688919,1.14140543518954e-06,0.0019960454665124,1991.999999999284,1.0,0.491,178.79999999983738,0.1687259376049041,1.4122757647783146e-06,1.0,674.0
2,1000,0.4,0.5,0.5,random,0.1000000014901161,0.6021226644515991,0.1738271415233612,1.2957877782694243e-06,8.621883296200394e-08,282.99999999999585,1.0,0.535,50.90000000000475,0.1759378612041473,6.661288352916017e-06,1.0,708.0
2,1000,0.4,0.5,0.5,random,0.3000000119209289,0.5888631343841553,0.1748681962490081,4.536244630071445e-05,7.087465291988337e-06,150.9999999999957,1.0,0.517,50.69999999999713,0.1759378612041473,6.661288352916017e-06,1.0,708.0
2,1000,0.4,0.5,0.5,random,1.0,0.5800723433494568,0.1387920081615448,9.254305230337644e-07,4.017744856810168e-07,274.99999999999403,1.0,0.494,50.00000000000253,0.1759378612041473,6.661288352916017e-06,1.0,708.0
2,1000,0.4,0.5,0.5,random,3.0,0.5987566709518433,0.1785317212343216,9.786183592901823e-07,1.322869934483606e-06,216.999999999992,1.0,0.499,50.59999999999712,0.1759378612041473,6.661288352916017e-06,1.0,708.0
2,1000,0.4,0.5,0.5,random,10.0,0.5250324010848999,0.1732599139213562,8.926847029007186e-07,7.61566188884899e-05,182.9999999999939,1.0,0.509,50.19999999999715,0.1759378612041473,6.661288352916017e-06,1.0,708.0
2,1000,0.4,0.5,0.5,random,30.0,0.4918617010116577,0.2084350883960724,3.580916112125642e-06,0.0007330440566875,514.0000000000483,1.0,0.505,50.100000000011335,0.1759378612041473,6.661288352916017e-06,1.0,708.0
2,1000,0.4,0.5,0.5,random,100.0,0.4689512252807617,0.2054301500320434,8.827062996518539e-07,0.0019983719103038,1225.9999999999804,1.0,0.511,60.6999999999448,0.1759378612041473,6.661288352916017e-06,1.0,708.0
2,1000,0.4,0.5,0.5,random,300.0,0.4053467214107513,0.1783672571182251,1.2049767467997198e-06,0.0019975309260189,4984.0000000006,1.0,0.505,114.30000000041582,0.1759378612041473,6.661288352916017e-06,1.0,708.0
2,1000,0.4,0.5,0.5,all_open,0.1000000014901161,0.5878135561943054,0.1752738654613495,4.184911799356034e-06,2.812028014886892e-07,201.9999999999928,1.0,0.529,50.9999999999971,0.1759378612041473,6.661288352916017e-06,1.0,708.0
2,1000,0.4,0.5,0.5,all_open,0.3000000119209289,0.6170008182525635,0.1671197861433029,4.216066364242669e-05,6.43891871732194e-06,185.9999999999937,1.0,0.502,50.09999999999715,0.1759378612041473,6.661288352916017e-06,1.0,708.0
2,1000,0.4,0.5,0.5,all_open,1.0,0.647845447063446,0.170063316822052,3.590402967995702e-05,1.747620990499854e-05,259.9999999999906,1.0,0.497,50.59999999999823,0.1759378612041473,6.661288352916017e-06,1.0,708.0
2,1000,0.4,0.5,0.5,all_open,3.0,0.6191552877426147,0.1770565211772918,1.4654298155029453e-05,2.0425888578756712e-05,195.99999999999315,1.0,0.494,50.89999999999711,0.1759378612041473,6.661288352916017e-06,1.0,708.0
2,1000,0.4,0.5,0.5,all_open,10.0,0.5141539573669434,0.2001279890537262,1.3098466517141156e-06,8.721053745830432e-06,215.999999999992,1.0,0.489,50.49999999999713,0.1759378612041473,6.661288352916017e-06,1.0,708.0
2,1000,0.4,0.5,0.5,all_open,30.0,0.4160522222518921,0.2268204689025879,1.075041321046216e-06,0.0008079187246039,227.99999999999133,1.0,0.514,50.19999999999715,0.1759378612041473,6.661288352916017e-06,1.0,708.0
2,1000,0.4,0.5,0.5,all_open,100.0,0.3146700859069824,0.238564595580101,1.114730118848122e-06,0.0019885401707142,682.0000000000865,1.0,0.51,88.4000000000201,0.1759378612041473,6.661288352916017e-06,1.0,708.0
2,1000,0.4,0.5,0.5,all_open,300.0,0.2053628414869308,0.2254240661859512,1.1017681147857835e-06,0.0019975225441157,1995.99999999928,1.0,0.518,436.09999999960337,0.1759378612041473,6.661288352916017e-06,1.0,708.0
2,1000,0.4,0.699999988079071,0.699999988079071,random,0.1000000014901161,0.6614111661911011,0.1706637740135193,8.274846677999897e-07,6.152973242024018e-08,286.9999999999968,1.0,0.529,50.7000000000059,0.2791836261749267,1.037184233609878e-06,1.0,708.0
2,1000,0.4,0.699999988079071,0.699999988079071,random,0.3000000119209289,0.6551413536071777,0.1789804995059967,1.671841985932927e-06,2.018829832195479e-07,365.0000000000145,1.0,0.512,50.10000000001139,0.2791836261749267,1.037184233609878e-06,1.0,708.0
2,1000,0.4,0.699999988079071,0.699999988079071,random,1.0,0.6890001893043518,0.1440155953168869,9.851783170636614e-07,4.3472419974932563e-07,218.99999999999184,1.0,0.518,50.399999999997135,0.2791836261749267,1.037184233609878e-06,1.0,708.0
2,1000,0.4,0.699999988079071,0.699999988079071,random,3.0,0.6745587587356567,0.1683293879032135,1.1894786446656794e-06,1.419396994606359e-06,206.99999999999253,1.0,0.494,50.89999999999711,0.2791836261749267,1.037184233609878e-06,1.0,708.0
2,1000,0.4,0.699999988079071,0.699999988079071,random,10.0,0.6778470873832703,0.1688433587551117,2.839889497412986e-06,0.0001882157666841,616.0000000000715,1.0,0.508,50.40000000001146,0.2791836261749267,1.037184233609878e-06,1.0,708.0
2,1000,0.4,0.699999988079071,0.699999988079071,random,30.0,0.6232337355613708,0.1695039123296737,3.873458410024513e-06,0.0005221990286372,568.0000000000606,1.0,0.514,50.20000000001141,0.2791836261749267,1.037184233609878e-06,1.0,708.0
2,1000,0.4,0.699999988079071,0.699999988079071,random,100.0,0.6223891377449036,0.1683955043554306,8.134561463267889e-07,0.0019988133572041,1058.0000000001332,1.0,0.506,199.3000000000065,0.2791836261749267,1.037184233609878e-06,1.0,708.0
2,1000,0.4,0.699999988079071,0.699999988079071,random,300.0,0.5562413930892944,0.1862976998090744,1.0765245597375129e-06,0.0019998948555439,5895.0000000039145,1.0,0.481,425.0000000015461,0.2791836261749267,1.037184233609878e-06,1.0,708.0
2,1000,0.4,0.699999988079071,0.699999988079071,all_open,0.1000000014901161,0.6806918978691101,0.16523177921772,0.0001900951375498,1.3629300156026147e-05,481.00000000004087,1.0,0.506,50.10000000001139,0.2791836261749267,1.037184233609878e-06,1.0,708.0
2,1000,0.4,0.699999988079071,0.699999988079071,all_open,0.3000000119209289,0.7540881633758545,0.1441666483879089,1.1723872290127965e-06,1.455441065445484e-07,155.99999999999542,1.0,0.515,50.99999999999712,0.2791836261749267,1.037184233609878e-06,1.0,708.0
2,1000,0.4,0.699999988079071,0.699999988079071,all_open,1.0,0.7109327912330627,0.1491344720125198,4.21819092363197e-05,1.7957661839318462e-05,203.9999999999927,1.0,0.483,50.89999999999711,0.2791836261749267,1.037184233609878e-06,1.0,708.0
2,1000,0.4,0.699999988079071,0.699999988079071,all_open,3.0,0.6668004989624023,0.1660056859254837,1.244316203732568e-06,1.6191100939977332e-06,371.0000000000159,1.0,0.501,50.80000000001155,0.2791836261749267,1.037184233609878e-06,1.0,708.0
2,1000,0.4,0.699999988079071,0.699999988079071,all_open,10.0,0.5950051546096802,0.1921864748001098,1.3414959131782931e-06,1.4901894246577284e-05,183.99999999999383,1.0,0.495,50.89999999999711,0.2791836261749267,1.037184233609878e-06,1.0,708.0
2,1000,0.4,0.699999988079071,0.699999988079071,all_open,30.0,0.4438202083110809,0.1988312304019928,8.784457036259336e-07,0.0016911124112084,210.9999999999923,1.0,0.501,50.89999999999711,0.2791836261749267,1.037184233609878e-06,1.0,708.0
2,1000,0.4,0.699999988079071,0.699999988079071,all_open,100.0,0.3015620708465576,0.2830581963062286,1.101310711051474e-06,0.0015414447989314,713.0000000000936,1.0,0.491,50.70000000001153,0.2791836261749267,1.037184233609878e-06,1.0,708.0
2,1000,0.4,0.699999988079071,0.699999988079071,all_open,300.0,0.2747229933738708,0.2922438979148865,9.112421830245644e-07,0.0019943166989833,1977.9999999992965,1.0,0.485,324.6999999997047,0.2791836261749267,1.037184233609878e-06,1.0,708.0
2,1000,0.4,0.8999999761581421,0.8999999761581421,random,0.1000000014901161,0.8380109667778015,0.1251131445169448,0.0002609943651048,1.714380232442636e-05,129.9999999999969,1.0,0.518,50.19999999999716,0.2711942493915558,1.0487335657671792e-06,1.0,708.0
2,1000,0.4,0.8999999761581421,0.8999999761581421,random,0.3000000119209289,0.7744940519332886,0.1437152773141861,9.532790170418312e-07,1.1551760081829344e-07,268.99999999999267,1.0,0.491,50.30000000000081,0.2711942493915558,1.0487335657671792e-06,1.0,708.0
2,1000,0.4,0.8999999761581421,0.8999999761581421,random,1.0,0.7222742438316345,0.1501140892505645,1.5925373098380084e-06,6.044462566023867e-07,456.0000000000352,1.0,0.493,50.60000000001151,0.2711942493915558,1.0487335657671792e-06,1.0,708.0
2,1000,0.4,0.8999999761581421,0.8999999761581421,random,3.0,0.797120988368988,0.1394086927175521,1.022956577797774e-06,1.4266746575231082e-06,240.9999999999906,1.0,0.497,50.79999999999711,0.2711942493915558,1.0487335657671792e-06,1.0,708.0
2,1000,0.4,0.8999999761581421,0.8999999761581421,random,10.0,0.7813320159912109,0.1403430849313736,3.795559504028031e-05,0.0002210973761975,147.99999999999588,1.0,0.51,50.99999999999712,0.2711942493915558,1.0487335657671792e-06,1.0,708.0
2,1000,0.4,0.8999999761581421,0.8999999761581421,random,30.0,0.7380399107933044,0.1425657719373703,9.360063725068228e-07,8.77346028573811e-05,410.0000000000247,1.0,0.512,50.60000000001151,0.2711942493915558,1.0487335657671792e-06,1.0,708.0
2,1000,0.4,0.8999999761581421,0.8999999761581421,random,100.0,0.6575261354446411,0.1813945025205612,1.030261270746466e-06,0.0019954703748226,949.0000000001472,1.0,0.495,154.30000000003508,0.2711942493915558,1.0487335657671792e-06,1.0,708.0
2,1000,0.4,0.8999999761581421,0.8999999761581421,random,300.0,0.7011850476264954,0.1527592539787292,8.414853729070132e-07,0.0018625461962074,2338.999999998968,1.0,0.49,50.59999999995398,0.2711942493915558,1.0487335657671792e-06,1.0,708.0
2,1000,0.4,0.8999999761581421,0.8999999761581421,all_open,0.1000000014901161,0.8302625417709351,0.1329631507396698,0.0001239666041984,7.724203896941617e-06,144.99999999999605,1.0,0.511,50.099999999997166,0.2711942493915558,1.0487335657671792e-06,1.0,708.0
2,1000,0.4,0.8999999761581421,0.8999999761581421,all_open,0.3000000119209289,0.834282636642456,0.1303890198469162,9.614908976899646e-07,1.1968360524861057e-07,160.99999999999514,1.0,0.518,50.39999999999715,0.2711942493915558,1.0487335657671792e-06,1.0,708.0
2,1000,0.4,0.8999999761581421,0.8999999761581421,all_open,1.0,0.8672918677330017,0.1286298036575317,8.798443478570507e-07,4.2962102497767773e-07,145.999999999996,1.0,0.514,50.89999999999712,0.2711942493915558,1.0487335657671792e-06,1.0,708.0
2,1000,0.4,0.8999999761581421,0.8999999761581421,all_open,3.0,0.7307446002960205,0.1532535851001739,9.430868984290452e-07,1.2933894595335005e-06,211.99999999999224,1.0,0.505,50.59999999999712,0.2711942493915558,1.0487335657671792e-06,1.0,708.0
2,1000,0.4,0.8999999761581421,0.8999999761581421,all_open,10.0,0.5998302698135376,0.1782209873199463,1.7355002307518548e-06,3.651977385743521e-05,142.99999999999616,1.0,0.496,50.79999999999713,0.2711942493915558,1.0487335657671792e-06,1.0,708.0
2,1000,0.4,0.8999999761581421,0.8999999761581421,all_open,30.0,0.454511284828186,0.1948599368333816,9.663086466737628e-07,0.0009911697125062,223.9999999999916,1.0,0.506,50.19999999999715,0.2711942493915558,1.0487335657671792e-06,1.0,708.0
2,1000,0.4,0.8999999761581421,0.8999999761581421,all_open,100.0,0.3080413341522217,0.2801206707954407,1.1711453757316523e-06,0.0019935378804802,669.0000000000836,1.0,0.499,179.60000000004078,0.2711942493915558,1.0487335657671792e-06,1.0,708.0
2,1000,0.4,0.8999999761581421,0.8999999761581421,all_open,300.0,0.2785721123218536,0.2760231792926788,1.023376406658554e-06,0.0019954449962824,1975.9999999992983,1.0,0.494,155.09999999985894,0.2711942493915558,1.0487335657671792e-06,1.0,708.0
2,1000,0.5,0.5,0.4999999701976776,random,0.1000000014901161,0.5042833089828491,0.1552700698375702,9.398444214134212e-07,5.9018699261059744e-08,286.9999999999968,1.0,0.496,50.40000000000592,0.2103091031312942,1.150080834122491e-06,1.0,307.0
2,1000,0.5,0.5,0.4999999701976776,random,0.3000000119209289,0.5024747252464294,0.1509767770767212,8.979924361791547e-07,9.978552384382057e-08,140.99999999999628,1.0,0.483,50.39999999999715,0.2103091031312942,1.150080834122491e-06,1.0,307.0
2,1000,0.5,0.5,0.4999999701976776,random,1.0,0.4938537180423736,0.1757649183273315,8.664897535129222e-07,4.002963294169604e-07,404.00000000002336,1.0,0.492,50.10000000001139,0.2103091031312942,1.150080834122491e-06,1.0,307.0
2,1000,0.5,0.5,0.4999999701976776,random,3.0,0.4949153065681457,0.1609629839658737,9.862941084948667e-07,1.3491354593497815e-06,166.9999999999948,1.0,0.505,50.29999999999716,0.2103091031312942,1.150080834122491e-06,1.0,307.0
2,1000,0.5,0.5,0.4999999701976776,random,10.0,0.4764982163906097,0.1852921396493911,9.499746558050384e-07,4.759144303534413e-06,286.9999999999968,1.0,0.489,50.00000000000594,0.2103091031312942,1.150080834122491e-06,1.0,307.0
2,1000,0.5,0.5,0.4999999701976776,random,30.0,0.4611798226833343,0.1711188107728958,9.17410857118264e-07,0.0005732795107178,410.0000000000247,1.0,0.483,50.60000000001151,0.2103091031312942,1.150080834122491e-06,1.0,307.0
2,1000,0.5,0.5,0.4999999701976776,random,100.0,0.4032506942749023,0.1819737702608108,9.811230783971764e-07,0.0019808986689895,1212.9999999999925,1.0,0.495,64.19999999994161,0.2103091031312942,1.150080834122491e-06,1.0,307.0
2,1000,0.5,0.5,0.4999999701976776,random,300.0,0.4169052839279175,0.1742661744356155,8.739796298627677e-07,0.001999950967729,3153.999999998227,1.0,0.489,517.5999999995292,0.2103091031312942,1.150080834122491e-06,1.0,307.0
2,1000,0.5,0.5,0.4999999701976776,all_open,0.1000000014901161,0.4967163205146789,0.159030944108963,7.924329862185664e-06,5.338438882063201e-07,124.99999999999716,1.0,0.496,50.59999999999712,0.2103091031312942,1.150080834122491e-06,1.0,307.0
2,1000,0.5,0.5,0.4999999701976776,all_open,0.3000000119209289,0.5610751509666443,0.1488502770662307,1.1095739152908186e-05,1.4997389143900364e-06,126.99999999999706,1.0,0.477,50.69999999999712,0.2103091031312942,1.150080834122491e-06,1.0,307.0
2,1000,0.5,0.5,0.4999999701976776,all_open,1.0,0.5841001868247986,0.1685421764850616,9.490314760679736e-07,4.113726959076304e-07,165.99999999999486,1.0,0.48,50.099999999997166,0.2103091031312942,1.150080834122491e-06,1.0,307.0
2,1000,0.5,0.5,0.4999999701976776,all_open,3.0,0.5796361565589905,0.1623380035161972,9.770392725401371e-07,1.3725402823183686e-06,89.99999999999916,1.0,0.494,50.29999999999887,0.2103091031312942,1.150080834122491e-06,1.0,307.0
2,1000,0.5,0.5,0.4999999701976776,all_open,10.0,0.432238757610321,0.1572223454713821,3.4029205303050346e-06,7.152721809688956e-05,171.99999999999451,1.0,0.499,50.19999999999716,0.2103091031312942,1.150080834122491e-06,1.0,307.0
2,1000,0.5,0.5,0.4999999701976776,all_open,30.0,0.3727151155471802,0.1802730560302734,1.0869053551029454e-06,0.0002475985966157,271.9999999999933,1.0,0.504,50.30000000000166,0.2103091031312942,1.150080834122491e-06,1.0,307.0
2,1000,0.5,0.5,0.4999999701976776,all_open,100.0,0.2511493563652038,0.2064932733774185,1.037791926193941e-06,0.00199786410667,674.0000000000847,1.0,0.513,204.6000000000465,0.2103091031312942,1.150080834122491e-06,1.0,307.0
2,1000,0.5,0.5,0.4999999701976776,all_open,300.0,0.2105609029531479,0.2191594839096069,1.0536853796850146e-06,0.0019954000599682,1993.999999999282,1.0,0.524,513.6999999995328,0.2103091031312942,1.150080834122491e-06,1.0,307.0
2,1000,0.5,0.699999988079071,0.699999988079071,random,0.1000000014901161,0.5535656809806824,0.1570761054754257,8.47823507305297e-07,6.362161286688206e-08,279.9999999999952,1.0,0.487,50.300000000003934,0.2374822944402694,1.1828605011032778e-06,1.0,307.0
2,1000,0.5,0.699999988079071,0.699999988079071,random,0.3000000119209289,0.5018960237503052,0.1706320345401764,9.755923775293209e-07,1.0807755757014093e-07,527.0000000000513,1.0,0.498,50.4000000000114,0.2374822944402694,1.1828605011032778e-06,1.0,307.0
2,1000,0.5,0.699999988079071,0.699999988079071,random,1.0,0.5677455067634583,0.1608323603868484,1.1385474289024218e-06,4.545136675915274e-07,353.00000000001177,1.0,0.495,50.20000000001141,0.2374822944402694,1.1828605011032778e-06,1.0,307.0
2,1000,0.5,0.699999988079071,0.699999988079071,random,3.0,0.6031389236450195,0.1696019470691681,8.773933789472075e-07,1.2317875643930163e-06,238.9999999999907,1.0,0.486,50.79999999999711,0.2374822944402694,1.1828605011032778e-06,1.0,307.0
2,1000,0.5,0.699999988079071,0.699999988079071,random,10.0,0.5815241932868958,0.1579672694206237,9.58013183922056e-07,2.8519023544504307e-05,173.9999999999944,1.0,0.516,50.29999999999716,0.2374822944402694,1.1828605011032778e-06,1.0,307.0
2,1000,0.5,0.699999988079071,0.699999988079071,random,30.0,0.5174617767333984,0.1473310738801956,9.18619146420931e-07,0.0004898458719253,611.0000000000704,1.0,0.496,50.30000000001144,0.2374822944402694,1.1828605011032778e-06,1.0,307.0
2,1000,0.5,0.699999988079071,0.699999988079071,random,100.0,0.5406261086463928,0.1498310714960098,9.445881906316038e-07,0.0013439048780128,834.0000000001211,1.0,0.504,50.70000000001153,0.2374822944402694,1.1828605011032778e-06,1.0,307.0
2,1000,0.5,0.699999988079071,0.699999988079071,random,300.0,0.4889962077140808,0.1618183106184005,9.885939186273049e-07,0.0019970613066107,3401.9999999980014,1.0,0.503,232.29999999978872,0.2374822944402694,1.1828605011032778e-06,1.0,307.0
2,1000,0.5,0.699999988079071,0.699999988079071,all_open,0.1000000014901161,0.5335957407951355,0.1589858382940292,1.0152306082806198e-06,6.51816876029443e-08,194.9999999999932,1.0,0.484,50.59999999999712,0.2374822944402694,1.1828605011032778e-06,1.0,307.0
2,1000,0.5,0.699999988079071,0.699999988079071,all_open,0.3000000119209289,0.5720362663269043,0.1497444212436676,9.789533037385236e-07,1.1556587509176097e-07,263.9999999999916,1.0,0.473,50.39999999999938,0.2374822944402694,1.1828605011032778e-06,1.0,307.0
2,1000,0.5,0.699999988079071,0.699999988079071,all_open,1.0,0.6256468296051025,0.1476881355047226,1.302215237971711e-06,5.038450012762041e-07,136.9999999999965,1.0,0.483,50.099999999997166,0.2374822944402694,1.1828605011032778e-06,1.0,307.0
2,1000,0.5,0.699999988079071,0.699999988079071,all_open,3.0,0.5976429581642151,0.1685346662998199,1.50320712728783e-05,2.1433395886560905e-05,237.9999999999908,1.0,0.476,50.9999999999971,0.2374822944402694,1.1828605011032778e-06,1.0,307.0
2,1000,0.5,0.699999988079071,0.699999988079071,all_open,10.0,0.4510643780231476,0.1674458682537078,1.0330834939680776e-06,1.1460259884188416e-05,175.9999999999943,1.0,0.487,50.79999999999713,0.2374822944402694,1.1828605011032778e-06,1.0,307.0
2,1000,0.5,0.699999988079071,0.699999988079071,all_open,30.0,0.3699327707290649,0.1986244171857834,1.050561834016415e-06,0.0016465835506096,231.9999999999911,1.0,0.479,50.69999999999712,0.2374822944402694,1.1828605011032778e-06,1.0,307.0
2,1000,0.5,0.699999988079071,0.699999988079071,all_open,100.0,0.2334604114294052,0.2174295037984848,1.1537137978009296e-06,0.0015324761625379,708.0000000000924,1.0,0.49,50.40000000001146,0.2374822944402694,1.1828605011032778e-06,1.0,307.0
2,1000,0.5,0.699999988079071,0.699999988079071,all_open,300.0,0.2374798953533172,0.2047460228204727,9.93292158132698e-07,0.0019935702439397,1975.9999999992983,1.0,0.494,457.399999999584,0.2374822944402694,1.1828605011032778e-06,1.0,307.0
2,1000,0.5,0.8999999761581421,0.8999999165534973,random,0.1000000014901161,0.5872736573219299,0.1705203801393509,1.3077455641209469e-06,9.450200622040938e-08,259.9999999999906,1.0,0.471,50.39999999999824,0.222297117114067,3.396772854102892e-06,1.0,307.0
2,1000,0.5,0.8999999761581421,0.8999999165534973,random,0.3000000119209289,0.6215177774429321,0.1789083182811737,2.7039634599627334e-06,3.615390369304805e-07,434.0000000000302,1.0,0.478,50.40000000001146,0.222297117114067,3.396772854102892e-06,1.0,307.0
2,1000,0.5,0.8999999761581421,0.8999999165534973,random,1.0,0.6671858429908752,0.1684490740299224,9.085669937976316e-07,4.356663794169436e-07,222.9999999999916,1.0,0.483,50.9999999999971,0.222297117114067,3.396772854102892e-06,1.0,307.0
2,1000,0.5,0.8999999761581421,0.8999999165534973,random,3.0,0.6456352472305298,0.1597898155450821,9.77216322700777e-07,1.4457223187491763e-06,193.9999999999933,1.0,0.478,50.29999999999714,0.222297117114067,3.396772854102892e-06,1.0,307.0
2,1000,0.5,0.8999999761581421,0.8999999165534973,random,10.0,0.639755368232727,0.1364236176013946,9.738994674755785e-07,2.8496644517872483e-05,206.99999999999253,1.0,0.473,50.09999999999715,0.222297117114067,3.396772854102892e-06,1.0,307.0
2,1000,0.5,0.8999999761581421,0.8999999165534973,random,30.0,0.6111876368522644,0.1539555937051773,9.60045376088309e-07,0.0009562242194078,386.00000000001927,1.0,0.479,50.70000000001153,0.222297117114067,3.396772854102892e-06,1.0,307.0
2,1000,0.5,0.8999999761581421,0.8999999165534973,random,100.0,0.6066138744354248,0.1469976007938385,9.954125694014286e-07,0.0019803219474852,1535.9999999996985,1.0,0.498,219.0999999998008,0.222297117114067,3.396772854102892e-06,1.0,307.0
2,1000,0.5,0.8999999761581421,0.8999999165534973,random,300.0,0.5409325361251831,0.1895105242729187,9.87710000524547e-07,0.0019979735370725,3354.999999998044,1.0,0.484,378.3999999996559,0.222297117114067,3.396772854102892e-06,1.0,307.0
2,1000,0.5,0.8999999761581421,0.8999999165534973,all_open,0.1000000014901161,0.6243234872817993,0.1674944162368774,9.94682561580439e-07,7.743655316971856e-08,225.99999999999145,1.0,0.477,50.89999999999711,0.222297117114067,3.396772854102892e-06,1.0,307.0
2,1000,0.5,0.8999999761581421,0.8999999165534973,all_open,0.3000000119209289,0.6506931781768799,0.1642838567495346,9.183825208811912e-07,1.0425387841905832e-07,179.99999999999406,1.0,0.477,50.19999999999715,0.222297117114067,3.396772854102892e-06,1.0,307.0
2,1000,0.5,0.8999999761581421,0.8999999165534973,all_open,1.0,0.5836660265922546,0.1759451627731323,9.88368275276193e-07,4.530346302544786e-07,230.9999999999912,1.0,0.486,50.49999999999713,0.222297117114067,3.396772854102892e-06,1.0,307.0
2,1000,0.5,0.8999999761581421,0.8999999165534973,all_open,3.0,0.6456169486045837,0.1754534095525741,9.495713231689444e-07,1.3221822428022278e-06,253.99999999998985,1.0,0.49,50.59999999999712,0.222297117114067,3.396772854102892e-06,1.0,307.0
2,1000,0.5,0.8999999761581421,0.8999999165534973,all_open,10.0,0.5403797626495361,0.152522012591362,9.709258741557443e-07,1.1124157026642932e-05,189.9999999999935,1.0,0.485,50.09999999999715,0.222297117114067,3.396772854102892e-06,1.0,307.0
2,1000,0.5,0.8999999761581421,0.8999999165534973,all_open,30.0,0.4139141738414764,0.1922342777252197,1.0493281056547849e-06,0.0019626601133495,210.9999999999923,1.0,0.492,55.499999999996845,0.222297117114067,3.396772854102892e-06,1.0,307.0
2,1000,0.5,0.8999999761581421,0.8999999165534973,all_open,100.0,0.3323957920074463,0.1861419975757599,1.1135074219143845e-06,0.0019990818109363,677.0000000000854,1.0,0.479,171.70000000003898,0.222297117114067,3.396772854102892e-06,1.0,307.0
2,1000,0.5,0.8999999761581421,0.8999999165534973,all_open,300.0,0.2525712549686432,0.1916126310825348,1.1696294178541168e-06,0.0019940654747188,1983.999999999291,1.0,0.478,541.0999999995079,0.222297117114067,3.396772854102892e-06,1.0,307.0
3,1000,0.1,0.5,0.5,random,0.1000000014901161,0.8202981948852539,0.0817985162138938,1.117712534961965e-06,5.661438962079046e-08,59.00000000000057,1.0,0.494,50.200000000000585,0.9954773187637328,1.6393780697399052e-06,1.0,19.0
3,1000,0.1,0.5,0.5,random,0.3000000119209289,0.8433263897895813,0.0766283944249153,1.1948937160868057e-06,1.202744357442498e-07,58.00000000000056,1.0,0.495,50.800000000000566,0.9954773187637328,1.6393780697399052e-06,1.0,19.0
3,1000,0.1,0.5,0.5,random,1.0,0.8646320104598999,0.0705552771687507,1.2312944333955845e-06,4.415535386215197e-07,60.00000000000058,1.0,0.512,50.2000000000006,0.9954773187637328,1.6393780697399052e-06,1.0,19.0
3,1000,0.1,0.5,0.5,random,3.0,0.8712618350982666,0.0726479366421699,1.1821762701784872e-06,1.4814572750765365e-06,74.00000000000007,1.0,0.501,50.60000000000001,0.9954773187637328,1.6393780697399052e-06,1.0,19.0
3,1000,0.1,0.5,0.5,random,10.0,0.8787682056427002,0.0718269348144531,1.2106921696393178e-06,1.1317501957819331e-05,144.99999999999605,1.0,0.504,50.39999999999715,0.9954773187637328,1.6393780697399052e-06,1.0,19.0
3,1000,0.1,0.5,0.5,random,30.0,0.8826233744621277,0.0718621015548706,1.1307637493404106e-06,0.0004478686314541,317.0000000000036,1.0,0.503,50.40000000001146,0.9954773187637328,1.6393780697399052e-06,1.0,19.0
3,1000,0.1,0.5,0.5,random,100.0,0.8826784491539001,0.0718668922781944,1.5711214499348242e-06,0.0019993013702332,912.0000000001388,1.0,0.502,85.90000000001953,0.9954773187637328,1.6393780697399052e-06,1.0,19.0
3,1000,0.1,0.5,0.5,random,300.0,0.8827275037765503,0.0718151181936264,1.3834640858621017e-06,0.0017740050097927,2784.9999999985625,1.0,0.501,50.29999999995425,0.9954773187637328,1.6393780697399052e-06,1.0,19.0
3,1000,0.1,0.5,0.5,all_open,0.1000000014901161,0.8563752770423889,0.0844201892614364,1.217296843527737e-06,6.080173164946245e-08,59.00000000000057,1.0,0.493,50.30000000000058,0.9954773187637328,1.6393780697399052e-06,1.0,19.0
3,1000,0.1,0.5,0.5,all_open,0.3000000119209289,0.9205820560455322,0.0763792917132377,1.2361074964322883e-06,1.309694255269278e-07,55.00000000000051,1.0,0.506,50.50000000000051,0.9954773187637328,1.6393780697399052e-06,1.0,19.0
3,1000,0.1,0.5,0.5,all_open,1.0,0.9812630414962769,0.0807835832238197,1.4610115769475348e-06,4.927251211483963e-07,57.00000000000054,1.0,0.512,50.800000000000544,0.9954773187637328,1.6393780697399052e-06,1.0,19.0
3,1000,0.1,0.5,0.5,all_open,3.0,0.992701292037964,0.0758455097675323,1.427648482395536e-06,1.4388467661774484e-06,69.00000000000036,1.0,0.512,50.80000000000037,0.9954773187637328,1.6393780697399052e-06,1.0,19.0
3,1000,0.1,0.5,0.5,all_open,10.0,0.9954028129577636,0.0735870972275734,1.3488620813546617e-06,4.96087113788235e-06,149.99999999999577,1.0,0.515,50.39999999999715,0.9954773187637328,1.6393780697399052e-06,1.0,19.0
3,1000,0.1,0.5,0.5,all_open,30.0,0.995476245880127,0.073526807129383,1.431683628715203e-06,0.0004003588983323,244.9999999999904,1.0,0.515,50.69999999999712,0.9954773187637328,1.6393780697399052e-06,1.0,19.0
3,1000,0.1,0.5,0.5,all_open,100.0,0.9954773187637328,0.0735267698764801,1.472869842768983e-06,0.0012944198679178,699.0000000000904,1.0,0.515,50.30000000001144,0.9954773187637328,1.6393780697399052e-06,1.0,19.0
3,1000,0.1,0.5,0.5,all_open,300.0,0.9954773187637328,0.0735267698764801,1.460413489980836e-06,0.0017995923990383,1997.9999999992783,1.0,0.515,50.999999999953616,0.9954773187637328,1.6393780697399052e-06,1.0,19.0
3,1000,0.1,0.699999988079071,0.7000000476837158,random,0.1000000014901161,0.8974812030792236,0.0671200677752494,1.28509477803405e-06,6.252893314240282e-08,56.000000000000526,1.0,0.503,50.80000000000053,0.9954773187637328,1.609903620192199e-06,1.0,19.0
3,1000,0.1,0.699999988079071,0.7000000476837158,random,0.3000000119209289,0.9059116840362548,0.075116217136383,1.3195195733289452e-06,1.307549695184207e-07,57.00000000000054,1.0,0.518,50.60000000000055,0.9954773187637328,1.609903620192199e-06,1.0,19.0
3,1000,0.1,0.699999988079071,0.7000000476837158,random,1.0,0.9165738821029664,0.0758246332406997,1.3454364288714617e-06,4.334160905727913e-07,61.0000000000006,1.0,0.515,50.60000000000062,0.9954773187637328,1.609903620192199e-06,1.0,19.0
3,1000,0.1,0.699999988079071,0.7000000476837158,random,3.0,0.9192932844161988,0.0761536061763763,1.287546429027396e-06,1.4066871472095954e-06,75.99999999999996,1.0,0.518,50.499999999999865,0.9954773187637328,1.609903620192199e-06,1.0,19.0
3,1000,0.1,0.699999988079071,0.7000000476837158,random,10.0,0.9206987023353576,0.0751261338591575,1.419193538222273e-06,2.126051185769029e-05,118.99999999999751,1.0,0.515,50.9999999999971,0.9954773187637328,1.609903620192199e-06,1.0,19.0
3,1000,0.1,0.699999988079071,0.7000000476837158,random,30.0,0.9212221503257751,0.074403241276741,1.5794774777481035e-06,0.0012169789988547,219.9999999999918,1.0,0.513,50.79999999999711,0.9954773187637328,1.609903620192199e-06,1.0,19.0
3,1000,0.1,0.699999988079071,0.7000000476837158,random,100.0,0.9212411642074584,0.0743995383381843,1.429616206855661e-06,0.0019830495584756,684.000000000087,1.0,0.513,121.90000000002772,0.9954773187637328,1.609903620192199e-06,1.0,19.0
3,1000,0.1,0.699999988079071,0.7000000476837158,random,300.0,0.9212669730186462,0.0744124576449394,1.6571410205270916e-06,0.0019963071681559,2049.999999999231,1.0,0.513,364.1999999996688,0.9954773187637328,1.609903620192199e-06,1.0,19.0
3,1000,0.1,0.699999988079071,0.7000000476837158,all_open,0.1000000014901161,0.9249675273895264,0.0684213489294052,1.2759324773221712e-06,6.360227899904204e-08,54.0000000000005,1.0,0.513,50.300000000000495,0.9954773187637328,1.609903620192199e-06,1.0,19.0
3,1000,0.1,0.699999988079071,0.7000000476837158,all_open,0.3000000119209289,0.96558678150177,0.0735687837004661,1.2831957081203538e-06,1.4107533274909656e-07,55.00000000000051,1.0,0.515,50.80000000000051,0.9954773187637328,1.609903620192199e-06,1.0,19.0
3,1000,0.1,0.699999988079071,0.7000000476837158,all_open,1.0,0.9909886717796326,0.0754587352275848,1.4426645380763624e-06,4.76535177540427e-07,58.00000000000056,1.0,0.516,50.20000000000056,0.9954773187637328,1.609903620192199e-06,1.0,19.0
3,1000,0.1,0.699999988079071,0.7000000476837158,all_open,3.0,0.9949814677238464,0.0738725289702415,1.4579913443757542e-06,1.53511791722849e-06,71.00000000000024,1.0,0.515,50.50000000000022,0.9954773187637328,1.609903620192199e-06,1.0,19.0
3,1000,0.1,0.699999988079071,0.7000000476837158,all_open,10.0,0.9954660534858704,0.0735351964831352,1.4357072040317548e-06,1.2272156709514093e-05,116.99999999999764,1.0,0.515,50.19999999999715,0.9954773187637328,1.609903620192199e-06,1.0,19.0
3,1000,0.1,0.699999988079071,0.7000000476837158,all_open,30.0,0.995476245880127,0.0735267773270607,1.457880808649847e-06,0.000399383570766,244.9999999999904,1.0,0.515,50.59999999999712,0.9954773187637328,1.609903620192199e-06,1.0,19.0
3,1000,0.1,0.699999988079071,0.7000000476837158,all_open,100.0,0.9954773187637328,0.0735267698764801,1.4177449951796672e-06,0.0012936063576489,699.0000000000904,1.0,0.515,50.20000000001141,0.9954773187637328,1.609903620192199e-06,1.0,19.0
3,1000,0.1,0.699999988079071,0.7000000476837158,all_open,300.0,0.9954773187637328,0.0735267698764801,1.5277869245977755e-06,0.0017988443141803,1997.9999999992783,1.0,0.515,50.89999999995371,0.9954773187637328,1.609903620192199e-06,1.0,19.0
3,1000,0.1,0.8999999761581421,0.8999998569488525,random,0.1000000014901161,0.9621586799621582,0.0731251090764999,1.3576520939229946e-06,7.260748446924481e-08,56.000000000000526,1.0,0.522,50.500000000000526,0.9954773187637328,1.6680495491527836e-06,1.0,19.0
3,1000,0.1,0.8999999761581421,0.8999998569488525,random,0.3000000119209289,0.9667177796363832,0.0744296312332153,1.360831097619482e-06,1.297144507361736e-07,62.00000000000061,1.0,0.521,50.50000000000064,0.9954773187637328,1.6680495491527836e-06,1.0,19.0
3,1000,0.1,0.8999999761581421,0.8999998569488525,random,1.0,0.9704723358154296,0.0738465785980224,1.39523438433534e-06,4.613995372437785e-07,56.000000000000526,1.0,0.522,50.30000000000053,0.9954773187637328,1.6680495491527836e-06,1.0,19.0
3,1000,0.1,0.8999999761581421,0.8999998569488525,random,3.0,0.9715228080749512,0.0734555274248123,1.3695238151874148e-06,1.454011339774297e-06,70.0000000000003,1.0,0.521,50.20000000000029,0.9954773187637328,1.6680495491527836e-06,1.0,19.0
3,1000,0.1,0.8999999761581421,0.8999998569488525,random,10.0,0.9718362092971802,0.0730840936303138,1.3579476843075178e-06,1.459483610233292e-05,115.99999999999768,1.0,0.522,50.89999999999711,0.9954773187637328,1.6680495491527836e-06,1.0,19.0
3,1000,0.1,0.8999999761581421,0.8999998569488525,random,30.0,0.9718647003173828,0.0730361342430114,1.4680410403493551e-06,0.0006090275128372,234.99999999999093,1.0,0.522,50.9999999999971,0.9954773187637328,1.6680495491527836e-06,1.0,19.0
3,1000,0.1,0.8999999761581421,0.8999998569488525,random,100.0,0.9718742966651917,0.0730405747890472,1.5143175890081326e-06,0.0019856123253703,665.0000000000827,1.0,0.522,58.40000000001328,0.9954773187637328,1.6680495491527836e-06,1.0,19.0
3,1000,0.1,0.8999999761581421,0.8999998569488525,random,300.0,0.9718790054321288,0.0730405747890472,1.6670318149882652e-06,0.0019997544586658,1992.9999999992829,1.0,0.522,177.09999999983893,0.9954773187637328,1.6680495491527836e-06,1.0,19.0
3,1000,0.1,0.8999999761581421,0.8999998569488525,all_open,0.1000000014901161,0.9774150252342224,0.0712216645479202,1.4122433983014248e-06,6.443845990133923e-08,56.000000000000526,1.0,0.519,50.80000000000053,0.9954773187637328,1.6680495491527836e-06,1.0,19.0
3,1000,0.1,0.8999999761581421,0.8999998569488525,all_open,0.3000000119209289,0.98866468667984,0.0733857825398445,1.4438108220025895e-06,1.328314169768419e-07,61.0000000000006,1.0,0.517,50.20000000000062,0.9954773187637328,1.6680495491527836e-06,1.0,19.0
3,1000,0.1,0.8999999761581421,0.8999998569488525,all_open,1.0,0.9949349761009216,0.0734393894672393,1.5352924025861907e-06,4.82264965739887e-07,57.00000000000054,1.0,0.516,50.10000000000055,0.9954773187637328,1.6680495491527836e-06,1.0,19.0
3,1000,0.1,0.8999999761581421,0.8999998569488525,all_open,3.0,0.9956204891204834,0.0733719766139984,1.5163255063116414e-06,1.5574034932797076e-06,75.99999999999996,1.0,0.515,50.39999999999986,0.9954773187637328,1.6680495491527836e-06,1.0,19.0
3,1000,0.1,0.8999999761581421,0.8999998569488525,all_open,10.0,0.9954908490180968,0.0735172778367996,1.4479334517620269e-06,1.4806859326199628e-05,114.99999999999774,1.0,0.515,50.19999999999715,0.9954773187637328,1.6680495491527836e-06,1.0,19.0
3,1000,0.1,0.8999999761581421,0.8999998569488525,all_open,30.0,0.9954763054847716,0.0735267698764801,1.451717742755162e-06,0.0003989071701653,244.9999999999904,1.0,0.515,50.49999999999713,0.9954773187637328,1.6680495491527836e-06,1.0,19.0
3,1000,0.1,0.8999999761581421,0.8999998569488525,all_open,100.0,0.9954773187637328,0.0735267698764801,1.389226861693193e-06,0.0012931001838296,699.0000000000904,1.0,0.515,50.10000000001139,0.9954773187637328,1.6680495491527836e-06,1.0,19.0
3,1000,0.1,0.8999999761581421,0.8999998569488525,all_open,300.0,0.9954773187637328,0.0735267698764801,1.5466666207748102e-06,0.0017986110178753,1997.9999999992783,1.0,0.515,50.7999999999538,0.9954773187637328,1.6680495491527836e-06,1.0,19.0
3,1000,0.2,0.5,0.4999999403953552,random,0.1000000014901161,0.5846896767616272,0.2178664356470108,5.654018306688819e-06,3.541721298461198e-07,150.9999999999957,1.0,0.507,50.69999999999713,0.2632440328598022,8.0979598351405e-06,1.0,360.0
3,1000,0.2,0.5,0.4999999403953552,random,0.3000000119209289,0.6382536888122559,0.1860904842615127,1.5118973406391458e-06,1.761947174827583e-07,177.99999999999417,1.0,0.495,50.69999999999713,0.2632440328598022,8.0979598351405e-06,1.0,360.0
3,1000,0.2,0.5,0.4999999403953552,random,1.0,0.6622694134712219,0.1881212741136551,4.255276344087849e-06,1.7574087678440264e-06,144.99999999999605,1.0,0.499,50.19999999999716,0.2632440328598022,8.0979598351405e-06,1.0,360.0
3,1000,0.2,0.5,0.4999999403953552,random,3.0,0.6683098673820496,0.1911313533782959,1.941699155726634e-06,2.415525386822992e-06,144.99999999999605,1.0,0.484,50.89999999999712,0.2632440328598022,8.0979598351405e-06,1.0,360.0
3,1000,0.2,0.5,0.4999999403953552,random,10.0,0.6589052677154541,0.1771316230297088,7.514977160912471e-06,6.493019463960081e-05,191.9999999999933,1.0,0.485,50.9999999999971,0.2632440328598022,8.0979598351405e-06,1.0,360.0
3,1000,0.2,0.5,0.4999999403953552,random,30.0,0.6342906355857849,0.1553165465593338,8.892523700846061e-07,5.4572647059103474e-05,663.0000000000822,1.0,0.475,50.60000000001151,0.2632440328598022,8.0979598351405e-06,1.0,360.0
3,1000,0.2,0.5,0.4999999403953552,random,100.0,0.5998338460922241,0.1485161036252975,8.792389143017804e-07,0.0017420530784875,818.0000000001174,1.0,0.496,50.30000000001144,0.2632440328598022,8.0979598351405e-06,1.0,360.0
3,1000,0.2,0.5,0.4999999403953552,random,300.0,0.5854149460792542,0.186398759484291,1.2338904130498212e-06,0.0019977958872914,3190.9999999981933,1.0,0.489,442.69999999959737,0.2632440328598022,8.0979598351405e-06,1.0,360.0
3,1000,0.2,0.5,0.4999999403953552,all_open,0.1000000014901161,0.6416584849357605,0.1931190490722656,1.1906377481014472e-05,7.227691298794525e-07,128.99999999999696,1.0,0.493,50.19999999999716,0.2632440328598022,8.0979598351405e-06,1.0,360.0
3,1000,0.2,0.5,0.4999999403953552,all_open,0.3000000119209289,0.6891867518424988,0.2085213363170623,3.507859438227513e-05,4.518962668953464e-06,173.9999999999944,1.0,0.506,50.29999999999716,0.2632440328598022,8.0979598351405e-06,1.0,360.0
3,1000,0.2,0.5,0.4999999403953552,all_open,1.0,0.6931406855583191,0.2253183871507644,1.4649584436326649e-06,4.948353193867661e-07,178.99999999999412,1.0,0.502,50.09999999999715,0.2632440328598022,8.0979598351405e-06,1.0,360.0
3,1000,0.2,0.5,0.4999999403953552,all_open,3.0,0.6870694756507874,0.2190073877573013,1.5202403516764302e-06,1.6701316098988173e-06,121.99999999999734,1.0,0.492,50.49999999999713,0.2632440328598022,8.0979598351405e-06,1.0,360.0
3,1000,0.2,0.5,0.4999999403953552,all_open,10.0,0.5818652510643005,0.2426166832447052,2.256626713491828e-06,3.875966649502516e-05,154.99999999999548,1.0,0.481,50.19999999999716,0.2632440328598022,8.0979598351405e-06,1.0,360.0
3,1000,0.2,0.5,0.4999999403953552,all_open,30.0,0.4657036066055298,0.2701896727085113,1.106236926273221e-06,0.0019640983082354,200.99999999999287,1.0,0.498,58.69999999999666,0.2632440328598022,8.0979598351405e-06,1.0,360.0
3,1000,0.2,0.5,0.4999999403953552,all_open,100.0,0.3420765399932861,0.2203115224838256,1.1075363491624196e-06,0.0019932787399739,665.0000000000827,1.0,0.498,87.70000000001994,0.2632440328598022,8.0979598351405e-06,1.0,360.0
3,1000,0.2,0.5,0.4999999403953552,all_open,300.0,0.2548191249370575,0.2372241914272308,1.315908822862953e-06,0.0019983972888439,1995.99999999928,1.0,0.529,83.19999999992433,0.2632440328598022,8.0979598351405e-06,1.0,360.0
3,1000,0.2,0.699999988079071,0.699999988079071,random,0.1000000014901161,0.7114580869674683,0.1750683039426803,1.0458116351672536e-06,7.353750675065386e-08,152.9999999999956,1.0,0.497,50.39999999999715,0.2720848619937897,4.311332304496318e-06,1.0,360.0
3,1000,0.2,0.699999988079071,0.699999988079071,random,0.3000000119209289,0.7332183122634888,0.1590577363967895,1.227997559205368e-06,1.401655964627935e-07,270.9999999999931,1.0,0.498,50.50000000000136,0.2720848619937897,4.311332304496318e-06,1.0,360.0
3,1000,0.2,0.699999988079071,0.699999988079071,random,1.0,0.8182682991027832,0.1551492810249328,1.1120881161836598e-06,4.840649125981145e-07,113.9999999999978,1.0,0.519,50.99999999999717,0.2720848619937897,4.311332304496318e-06,1.0,360.0
3,1000,0.2,0.699999988079071,0.699999988079071,random,3.0,0.838172197341919,0.1399623453617096,2.3788228524984235e-05,3.1897765438770875e-05,100.99999999999854,1.0,0.508,50.79999999999809,0.2720848619937897,4.311332304496318e-06,1.0,360.0
3,1000,0.2,0.699999988079071,0.699999988079071,random,10.0,0.7896235585212708,0.1568540185689926,2.0496678298300217e-06,1.996060746023432e-05,246.99999999999025,1.0,0.501,50.59999999999712,0.2720848619937897,4.311332304496318e-06,1.0,360.0
3,1000,0.2,0.699999988079071,0.699999988079071,random,30.0,0.7439883947372437,0.1608702838420868,0.0001008523223354,0.0018918655114248,310.000000000002,1.0,0.501,50.60000000001151,0.2720848619937897,4.311332304496318e-06,1.0,360.0
3,1000,0.2,0.699999988079071,0.699999988079071,random,100.0,0.7543352246284485,0.1639468967914581,8.787916316131522e-07,0.0019952289294451,857.0000000001263,1.0,0.506,102.20000000002324,0.2720848619937897,4.311332304496318e-06,1.0,360.0
3,1000,0.2,0.699999988079071,0.699999988079071,random,300.0,0.7450301647186279,0.175974428653717,1.386766004964984e-06,0.0019981930963695,2728.999999998613,1.0,0.496,130.19999999988158,0.2720848619937897,4.311332304496318e-06,1.0,360.0
3,1000,0.2,0.699999988079071,0.699999988079071,all_open,0.1000000014901161,0.7574161291122437,0.1687615364789962,8.191675666776469e-06,5.142508143762825e-07,226.9999999999914,1.0,0.496,50.09999999999715,0.2720848619937897,4.311332304496318e-06,1.0,360.0
3,1000,0.2,0.699999988079071,0.699999988079071,all_open,0.3000000119209289,0.8247968554496765,0.1612149327993393,1.2944691132635578e-06,1.4209807375209493e-07,145.999999999996,1.0,0.5,50.49999999999714,0.2720848619937897,4.311332304496318e-06,1.0,360.0
3,1000,0.2,0.699999988079071,0.699999988079071,all_open,1.0,0.8328077793121338,0.1787841618061065,1.0374381424200194e-06,4.240838507030276e-07,171.99999999999451,1.0,0.507,50.79999999999713,0.2720848619937897,4.311332304496318e-06,1.0,360.0
3,1000,0.2,0.699999988079071,0.699999988079071,all_open,3.0,0.7664788365364075,0.1974051147699356,1.3689793672460592e-05,2.066140223178081e-05,104.99999999999832,1.0,0.472,50.1999999999978,0.2720848619937897,4.311332304496318e-06,1.0,360.0
3,1000,0.2,0.699999988079071,0.699999988079071,all_open,10.0,0.6271864771842957,0.2415514886379242,1.8987980281778788e-06,1.310083462158218e-05,212.99999999999216,1.0,0.471,50.59999999999712,0.2720848619937897,4.311332304496318e-06,1.0,360.0
3,1000,0.2,0.699999988079071,0.699999988079071,all_open,30.0,0.4332669079303741,0.249880701303482,1.0282672987924808e-06,0.0001877524045994,277.9999999999947,1.0,0.512,50.20000000000337,0.2720848619937897,4.311332304496318e-06,1.0,360.0
3,1000,0.2,0.699999988079071,0.699999988079071,all_open,100.0,0.319934606552124,0.2502788007259369,9.312153289362554e-07,0.001983790192753,671.000000000084,1.0,0.512,74.70000000001698,0.2720848619937897,4.311332304496318e-06,1.0,360.0
3,1000,0.2,0.699999988079071,0.699999988079071,all_open,300.0,0.2735755741596222,0.2724274098873138,9.862337962231728e-07,0.0019965185783803,1983.999999999291,1.0,0.528,225.6999999997948,0.2720848619937897,4.311332304496318e-06,1.0,360.0
3,1000,0.2,0.8999999761581421,0.8999999165534973,random,0.1000000014901161,0.8802394270896912,0.1463103294372558,3.4703806316388206e-05,2.126339950336842e-06,181.99999999999395,1.0,0.506,50.49999999999713,0.2720849812030792,4.041410647914745e-06,1.0,360.0
3,1000,0.2,0.8999999761581421,0.8999999165534973,random,0.3000000119209289,0.8929550051689148,0.1526509821414947,2.782168017260886e-06,3.387856963854574e-07,95.99999999999882,1.0,0.502,50.39999999999844,0.2720849812030792,4.041410647914745e-06,1.0,360.0
3,1000,0.2,0.8999999761581421,0.8999999165534973,random,1.0,0.9015305042266846,0.14959317445755,1.658972607950046e-05,6.586266863450874e-06,115.99999999999768,1.0,0.494,50.89999999999711,0.2720849812030792,4.041410647914745e-06,1.0,360.0
3,1000,0.2,0.8999999761581421,0.8999999165534973,random,3.0,0.910853624343872,0.1447138637304306,1.3664249433432691e-06,1.6631331618555123e-06,150.9999999999957,1.0,0.502,50.99999999999712,0.2720849812030792,4.041410647914745e-06,1.0,360.0
3,1000,0.2,0.8999999761581421,0.8999999165534973,random,10.0,0.8910608887672424,0.1581173986196518,2.042234565244689e-05,0.0002207251527579,272.9999999999936,1.0,0.503,50.90000000000191,0.2720849812030792,4.041410647914745e-06,1.0,360.0
3,1000,0.2,0.8999999761581421,0.8999999165534973,random,30.0,0.875960111618042,0.1543241441249847,8.802809270995834e-07,0.0001351849205093,336.0000000000079,1.0,0.501,50.40000000001146,0.2720849812030792,4.041410647914745e-06,1.0,360.0
3,1000,0.2,0.8999999761581421,0.8999999165534973,random,100.0,0.8632500171661377,0.1587568968534469,8.19697684444803e-07,0.0016479204641655,1257.9999999999511,1.0,0.503,50.999999999953616,0.2720849812030792,4.041410647914745e-06,1.0,360.0
3,1000,0.2,0.8999999761581421,0.8999999165534973,random,300.0,0.8554767966270447,0.1657174080610275,1.1579408104011262e-06,0.0019946726970374,2517.9999999988054,1.0,0.496,254.79999999976823,0.2720849812030792,4.041410647914745e-06,1.0,360.0
3,1000,0.2,0.8999999761581421,0.8999999165534973,all_open,0.1000000014901161,0.9002954363822937,0.1561158448457718,2.1720011209372347e-06,1.350829279544996e-07,124.99999999999716,1.0,0.498,50.69999999999712,0.2720849812030792,4.041410647914745e-06,1.0,360.0
3,1000,0.2,0.8999999761581421,0.8999999165534973,all_open,0.3000000119209289,0.8920845985412598,0.1615534424781799,9.808109688719996e-07,1.2537898896880506e-07,93.99999999999892,1.0,0.503,50.399999999998585,0.2720849812030792,4.041410647914745e-06,1.0,360.0
3,1000,0.2,0.8999999761581421,0.8999999165534973,all_open,1.0,0.8985869288444519,0.1634096056222915,1.375482378811736e-06,5.593321930064121e-07,113.9999999999978,1.0,0.507,50.39999999999716,0.2720849812030792,4.041410647914745e-06,1.0,360.0
3,1000,0.2,0.8999999761581421,0.8999999165534973,all_open,3.0,0.8280925154685974,0.1879032254219055,3.904504483245515e-06,5.664766831614543e-06,217.9999999999919,1.0,0.497,50.09999999999715,0.2720849812030792,4.041410647914745e-06,1.0,360.0
3,1000,0.2,0.8999999761581421,0.8999999165534973,all_open,10.0,0.6606521606445312,0.2381071150302887,8.531501153102624e-06,0.0001347178040305,142.99999999999616,1.0,0.474,50.19999999999716,0.2720849812030792,4.041410647914745e-06,1.0,360.0
3,1000,0.2,0.8999999761581421,0.8999999165534973,all_open,30.0,0.4260651469230652,0.2478939443826675,1.3871548501344162e-06,0.0015615146839991,210.9999999999923,1.0,0.5,50.79999999999711,0.2720849812030792,4.041410647914745e-06,1.0,360.0
3,1000,0.2,0.8999999761581421,0.8999999165534973,all_open,100.0,0.3185499012470245,0.2472060024738311,1.141300325762175e-06,0.0019961802754551,670.0000000000838,1.0,0.512,145.70000000003313,0.2720849812030792,4.041410647914745e-06,1.0,360.0
3,1000,0.2,0.8999999761581421,0.8999999165534973,all_open,300.0,0.2736034691333771,0.2719519138336181,1.0390199816363431e-06,0.0019990284927189,1983.999999999291,1.0,0.528,139.2999999998733,0.2720849812030792,4.041410647914745e-06,1.0,360.0
3,1000,0.3,0.5,0.4999999701976776,random,0.1000000014901161,0.5895538330078125,0.1570998579263687,7.766865611433014e-06,5.203531259212468e-07,138.9999999999964,1.0,0.53,50.49999999999714,0.2984667122364044,1.494505227128684e-06,1.0,442.0
3,1000,0.3,0.5,0.4999999701976776,random,0.3000000119209289,0.6395050287246704,0.1623082309961319,3.3788986443903255e-05,4.452957455214346e-06,104.99999999999832,1.0,0.516,50.1999999999978,0.2984667122364044,1.494505227128684e-06,1.0,442.0
3,1000,0.3,0.5,0.4999999701976776,random,1.0,0.6094968914985657,0.1359738409519195,3.366463266242332e-06,1.4270474366639974e-06,152.9999999999956,1.0,0.5,50.79999999999713,0.2984667122364044,1.494505227128684e-06,1.0,442.0
3,1000,0.3,0.5,0.4999999701976776,random,3.0,0.6020880937576294,0.1490823775529861,6.264255730263509e-06,9.472237252339257e-06,249.99999999999008,1.0,0.49,50.29999999999714,0.2984667122364044,1.494505227128684e-06,1.0,442.0
3,1000,0.3,0.5,0.4999999701976776,random,10.0,0.5607525706291199,0.1639904379844665,1.3497621408413929e-05,9.256436169380322e-05,455.00000000003496,1.0,0.513,50.20000000001141,0.2984667122364044,1.494505227128684e-06,1.0,442.0
3,1000,0.3,0.5,0.4999999701976776,random,30.0,0.5757525563240051,0.1597647815942764,9.226197978232102e-07,0.0019895397126674,919.0000000001404,1.0,0.511,53.70000000001221,0.2984667122364044,1.494505227128684e-06,1.0,442.0
3,1000,0.3,0.5,0.4999999701976776,random,100.0,0.531120240688324,0.1614728271961212,9.438284819628226e-07,0.0019820146262645,1653.9999999995912,1.0,0.509,148.29999999986512,0.2984667122364044,1.494505227128684e-06,1.0,442.0
3,1000,0.3,0.5,0.4999999701976776,random,300.0,0.5182585716247559,0.1515243947505951,1.1602690205531002e-06,0.0019970014691352,2983.9999999983816,1.0,0.511,324.09999999970523,0.2984667122364044,1.494505227128684e-06,1.0,442.0
3,1000,0.3,0.5,0.4999999701976776,all_open,0.1000000014901161,0.6378415822982788,0.1625020951032638,1.1765000151475647e-05,7.97364691607072e-07,353.00000000001177,1.0,0.518,50.30000000001144,0.2984667122364044,1.494505227128684e-06,1.0,442.0
3,1000,0.3,0.5,0.4999999701976776,all_open,0.3000000119209289,0.6684288382530212,0.1611167192459106,1.961079963654244e-06,2.314234990308251e-07,152.9999999999956,1.0,0.517,50.69999999999713,0.2984667122364044,1.494505227128684e-06,1.0,442.0
3,1000,0.3,0.5,0.4999999701976776,all_open,1.0,0.704191267490387,0.1531576216220855,1.3651494496966947e-06,5.885001996830397e-07,170.99999999999457,1.0,0.491,50.29999999999716,0.2984667122364044,1.494505227128684e-06,1.0,442.0
3,1000,0.3,0.5,0.4999999701976776,all_open,3.0,0.6729591488838196,0.1896111518144607,3.697878903182971e-06,5.513910764420871e-06,208.9999999999924,1.0,0.487,50.9999999999971,0.2984667122364044,1.494505227128684e-06,1.0,442.0
3,1000,0.3,0.5,0.4999999701976776,all_open,10.0,0.5541021823883057,0.1963437795639038,5.481646707328239e-06,4.806103243026882e-05,172.99999999999446,1.0,0.487,50.69999999999713,0.2984667122364044,1.494505227128684e-06,1.0,442.0
3,1000,0.3,0.5,0.4999999701976776,all_open,30.0,0.4368650615215301,0.2183531522750854,4.308040826855611e-06,0.0005717823514714,273.9999999999938,1.0,0.513,50.10000000000224,0.2984667122364044,1.494505227128684e-06,1.0,442.0
3,1000,0.3,0.5,0.4999999701976776,all_open,100.0,0.3519152700901031,0.1989368051290512,1.1685517731079018e-06,0.0019845995120704,666.0000000000829,1.0,0.521,172.90000000003926,0.2984667122364044,1.494505227128684e-06,1.0,442.0
3,1000,0.3,0.5,0.4999999701976776,all_open,300.0,0.2985529899597168,0.2459036260843277,1.014917384062816e-06,0.0019994336180388,1979.9999999992947,1.0,0.505,384.3999999996504,0.2984667122364044,1.494505227128684e-06,1.0,442.0
3,1000,0.3,0.699999988079071,0.699999988079071,random,0.1000000014901161,0.6879298686981201,0.1573482304811477,4.5276969223092326e-05,2.793471821860294e-06,235.99999999999088,1.0,0.527,50.69999999999712,0.3102637529373169,6.350761850626441e-06,1.0,442.0
3,1000,0.3,0.699999988079071,0.699999988079071,random,0.3000000119209289,0.7369261980056763,0.1344646662473678,3.1616914144320215e-05,4.720981905848021e-06,116.99999999999764,1.0,0.515,50.69999999999712,0.3102637529373169,6.350761850626441e-06,1.0,442.0
3,1000,0.3,0.699999988079071,0.699999988079071,random,1.0,0.7005578875541687,0.1591279953718185,1.842442977219224e-06,7.062614031383418e-07,338.0000000000084,1.0,0.511,50.10000000001139,0.3102637529373169,6.350761850626441e-06,1.0,442.0
3,1000,0.3,0.699999988079071,0.699999988079071,random,3.0,0.6894760727882385,0.1355354040861129,1.7021513774207685e-05,2.561621840868611e-05,138.9999999999964,1.0,0.501,50.19999999999716,0.3102637529373169,6.350761850626441e-06,1.0,442.0
3,1000,0.3,0.699999988079071,0.699999988079071,random,10.0,0.6473355889320374,0.1501411646604538,1.4863773351462668e-05,0.0001076486296369,324.0000000000052,1.0,0.522,50.00000000001137,0.3102637529373169,6.350761850626441e-06,1.0,442.0
3,1000,0.3,0.699999988079071,0.699999988079071,random,30.0,0.6065712571144104,0.1478950530290603,1.8241111719905968e-06,0.0002638361766003,1033.000000000156,1.0,0.501,50.60000000000116,0.3102637529373169,6.350761850626441e-06,1.0,442.0
3,1000,0.3,0.699999988079071,0.699999988079071,random,100.0,0.6488710045814514,0.15179443359375,8.595691523032515e-07,0.0019828744698315,932.0000000001434,1.0,0.494,161.9000000000368,0.3102637529373169,6.350761850626441e-06,1.0,442.0
3,1000,0.3,0.699999988079071,0.699999988079071,random,300.0,0.5767906308174133,0.1729475557804107,1.0288395908789397e-06,0.0019955362658947,2524.999999998799,1.0,0.506,639.4999999994184,0.3102637529373169,6.350761850626441e-06,1.0,442.0
3,1000,0.3,0.699999988079071,0.699999988079071,all_open,0.1000000014901161,0.6958361864089966,0.1582237780094146,1.894083389026568e-06,1.246749405936498e-07,196.9999999999931,1.0,0.513,50.399999999997135,0.3102637529373169,6.350761850626441e-06,1.0,442.0
3,1000,0.3,0.699999988079071,0.699999988079071,all_open,0.3000000119209289,0.7036266922950745,0.1657803505659103,0.0001556203341654,2.2446880393545143e-05,196.9999999999931,1.0,0.5,50.9999999999971,0.3102637529373169,6.350761850626441e-06,1.0,442.0
3,1000,0.3,0.699999988079071,0.699999988079071,all_open,1.0,0.7799698710441589,0.1696897447109222,2.7769577866500187e-05,1.403320948156761e-05,158.99999999999525,1.0,0.487,50.29999999999716,0.3102637529373169,6.350761850626441e-06,1.0,442.0
3,1000,0.3,0.699999988079071,0.699999988079071,all_open,3.0,0.7438656091690063,0.1952257454395294,7.168861891736561e-05,0.0001003731886157,130.99999999999685,1.0,0.49,50.99999999999712,0.3102637529373169,6.350761850626441e-06,1.0,442.0
3,1000,0.3,0.699999988079071,0.699999988079071,all_open,10.0,0.5693424344062805,0.2095365822315216,1.4728623707254875e-05,9.342943667434156e-05,174.99999999999434,1.0,0.499,50.49999999999714,0.3102637529373169,6.350761850626441e-06,1.0,442.0
3,1000,0.3,0.699999988079071,0.699999988079071,all_open,30.0,0.414606511592865,0.2014492005109787,1.0943975089134032e-06,0.0012772375484928,216.999999999992,1.0,0.505,50.49999999999713,0.3102637529373169,6.350761850626441e-06,1.0,442.0
3,1000,0.3,0.699999988079071,0.699999988079071,all_open,100.0,0.327881783246994,0.2220532447099685,1.032602399392292e-06,0.0019904871005564,670.0000000000838,1.0,0.487,116.90000000002658,0.3102637529373169,6.350761850626441e-06,1.0,442.0
3,1000,0.3,0.699999988079071,0.699999988079071,all_open,300.0,0.3122314810752868,0.2271346449851989,1.1693723004675114e-06,0.0017518402310088,2010.9999999992665,1.0,0.484,50.7999999999538,0.3102637529373169,6.350761850626441e-06,1.0,442.0
3,1000,0.3,0.8999999761581421,0.8999998569488525,random,0.1000000014901161,0.7475593090057373,0.1705894470214843,1.2355207516842157e-06,8.734921408404261e-08,245.9999999999903,1.0,0.508,50.79999999999711,0.3120606541633606,1.476919919696229e-06,1.0,442.0
3,1000,0.3,0.8999999761581421,0.8999998569488525,random,0.3000000119209289,0.7928575277328491,0.1373345255851745,4.026318287028526e-06,5.839107757310558e-07,109.99999999999802,1.0,0.488,50.59999999999745,0.3120606541633606,1.476919919696229e-06,1.0,442.0
3,1000,0.3,0.8999999761581421,0.8999998569488525,random,1.0,0.7758745551109314,0.1585517823696136,2.562025695979962e-06,9.441736210646924e-07,313.0000000000027,1.0,0.51,50.00000000001137,0.3120606541633606,1.476919919696229e-06,1.0,442.0
3,1000,0.3,0.8999999761581421,0.8999998569488525,random,3.0,0.764950692653656,0.1603583842515945,1.7246454794510074e-06,2.188317012041807e-06,177.99999999999417,1.0,0.496,50.49999999999714,0.3120606541633606,1.476919919696229e-06,1.0,442.0
3,1000,0.3,0.8999999761581421,0.8999998569488525,random,10.0,0.7549455165863037,0.1483331769704818,2.61460433927835e-06,2.549886812630575e-05,245.9999999999903,1.0,0.508,50.399999999997135,0.3120606541633606,1.476919919696229e-06,1.0,442.0
3,1000,0.3,0.8999999761581421,0.8999998569488525,random,30.0,0.7293124198913574,0.1572352051734924,0.0001295699939327,0.0013073594309389,577.0000000000626,1.0,0.515,50.80000000001155,0.3120606541633606,1.476919919696229e-06,1.0,442.0
3,1000,0.3,0.8999999761581421,0.8999998569488525,random,100.0,0.6968104243278503,0.1589585244655609,1.0889128882948685e-06,0.0019950913265347,706.000000000092,1.0,0.508,143.50000000003263,0.3120606541633606,1.476919919696229e-06,1.0,442.0
3,1000,0.3,0.8999999761581421,0.8999998569488525,random,300.0,0.6889618635177612,0.1621507406234741,1.0021062082551968e-06,0.0019992000889033,2197.9999999990964,1.0,0.487,269.2999999997551,0.3120606541633606,1.476919919696229e-06,1.0,442.0
3,1000,0.3,0.8999999761581421,0.8999998569488525,all_open,0.1000000014901161,0.7822009921073914,0.1628797352313995,2.646071439451562e-06,1.7651277062213921e-07,149.99999999999577,1.0,0.492,50.099999999997166,0.3120606541633606,1.476919919696229e-06,1.0,442.0
3,1000,0.3,0.8999999761581421,0.8999998569488525,all_open,0.3000000119209289,0.8071807622909546,0.1703685224056244,6.274032022922223e-05,8.452224392385688e-06,141.99999999999622,1.0,0.493,50.19999999999716,0.3120606541633606,1.476919919696229e-06,1.0,442.0
3,1000,0.3,0.8999999761581421,0.8999998569488525,all_open,1.0,0.8154720067977905,0.1728627681732177,1.0576879451031991e-05,4.7774256017874e-06,109.99999999999802,1.0,0.496,50.299999999997446,0.3120606541633606,1.476919919696229e-06,1.0,442.0
3,1000,0.3,0.8999999761581421,0.8999998569488525,all_open,3.0,0.7321804165840149,0.1784754395484924,1.0465307164466344e-06,1.4625863968831254e-06,297.99999999999926,1.0,0.489,50.00000000000907,0.3120606541633606,1.476919919696229e-06,1.0,442.0
3,1000,0.3,0.8999999761581421,0.8999998569488525,all_open,10.0,0.5983355641365051,0.2036496847867965,1.2193201682367557e-06,4.388590241433121e-05,116.99999999999764,1.0,0.498,50.79999999999711,0.3120606541633606,1.476919919696229e-06,1.0,442.0
3,1000,0.3,0.8999999761581421,0.8999998569488525,all_open,30.0,0.4228202998638153,0.2145292907953262,1.5633920532665412e-06,0.0019450000254437,204.99999999999264,1.0,0.504,59.29999999999663,0.3120606541633606,1.476919919696229e-06,1.0,442.0
3,1000,0.3,0.8999999761581421,0.8999998569488525,all_open,100.0,0.3316176235675812,0.2185708284378051,1.1304958367612414e-06,0.0019834272097796,670.0000000000838,1.0,0.503,55.300000000012574,0.3120606541633606,1.476919919696229e-06,1.0,442.0
3,1000,0.3,0.8999999761581421,0.8999998569488525,all_open,300.0,0.3125621974468231,0.2316957116127014,1.0775209023618974e-06,0.0019941527862101,1977.9999999992965,1.0,0.499,89.4999999999186,0.3120606541633606,1.476919919696229e-06,1.0,442.0
3,1000,0.4,0.5,0.4999999403953552,random,0.1000000014901161,0.5299123525619507,0.1721494048833847,1.013444802518509e-06,8.03171573693362e-08,317.0000000000036,1.0,0.49,50.10000000001139,0.2774221897125244,9.200730346492492e-07,1.0,578.0
3,1000,0.4,0.5,0.4999999403953552,random,0.3000000119209289,0.5205599069595337,0.1930985450744629,9.191426016318508e-07,1.061280343606086e-07,257.99999999999017,1.0,0.49,50.39999999999768,0.2774221897125244,9.200730346492492e-07,1.0,578.0
3,1000,0.4,0.5,0.4999999403953552,random,1.0,0.5095687508583069,0.1600939780473709,7.365693918823288e-05,3.306812504888512e-05,120.9999999999974,1.0,0.486,50.79999999999711,0.2774221897125244,9.200730346492492e-07,1.0,578.0
3,1000,0.4,0.5,0.4999999403953552,random,3.0,0.5000773668289185,0.1517403870820999,1.816872853728755e-06,2.2463138975581387e-06,190.99999999999343,1.0,0.476,50.69999999999712,0.2774221897125244,9.200730346492492e-07,1.0,578.0
3,1000,0.4,0.5,0.4999999403953552,random,10.0,0.4836142063140869,0.1590709835290908,1.083931147605945e-06,2.2852727852296084e-05,375.0000000000168,1.0,0.496,50.30000000001144,0.2774221897125244,9.200730346492492e-07,1.0,578.0
3,1000,0.4,0.5,0.4999999403953552,random,30.0,0.4547252058982849,0.1708222180604934,9.93793702958403e-07,0.001237338874489,603.0000000000686,1.0,0.501,50.10000000001139,0.2774221897125244,9.200730346492492e-07,1.0,578.0
3,1000,0.4,0.5,0.4999999403953552,random,100.0,0.4560224413871765,0.1754243373870849,1.1525887834588914e-06,0.0019932077266275,1280.9999999999304,1.0,0.486,69.29999999993697,0.2774221897125244,9.200730346492492e-07,1.0,578.0
3,1000,0.4,0.5,0.4999999403953552,random,300.0,0.4621565639972687,0.1604079902172088,1.1136852410084226e-06,0.0019937173929065,3742.9999999976912,1.0,0.473,372.4999999996612,0.2774221897125244,9.200730346492492e-07,1.0,578.0
3,1000,0.4,0.5,0.4999999403953552,all_open,0.1000000014901161,0.5079821348190308,0.2034977227449417,8.667895231556418e-07,6.235639915530555e-08,200.99999999999287,1.0,0.478,50.9999999999971,0.2774221897125244,9.200730346492492e-07,1.0,578.0
3,1000,0.4,0.5,0.4999999403953552,all_open,0.3000000119209289,0.5425431132316589,0.1982182711362838,7.419775421221659e-05,1.0303918315912595e-05,317.0000000000036,1.0,0.474,50.60000000001151,0.2774221897125244,9.200730346492492e-07,1.0,578.0
3,1000,0.4,0.5,0.4999999403953552,all_open,1.0,0.5930024981498718,0.1654819995164871,0.0003157280478937,0.0001493340387241,251.99999999999,1.0,0.49,50.9999999999971,0.2774221897125244,9.200730346492492e-07,1.0,578.0
3,1000,0.4,0.5,0.4999999403953552,all_open,3.0,0.5832323431968689,0.1853723227977752,3.556393826604418e-05,4.474398156162352e-05,141.99999999999622,1.0,0.494,50.79999999999713,0.2774221897125244,9.200730346492492e-07,1.0,578.0
3,1000,0.4,0.5,0.4999999403953552,all_open,10.0,0.4559395611286163,0.1820012629032135,1.558790003440556e-05,0.0002397136995568,254.9999999999898,1.0,0.49,50.49999999999713,0.2774221897125244,9.200730346492492e-07,1.0,578.0
3,1000,0.4,0.5,0.4999999403953552,all_open,30.0,0.3762479126453399,0.1768837720155716,1.0677358136778936e-06,0.0005527404719032,241.9999999999905,1.0,0.501,50.19999999999715,0.2774221897125244,9.200730346492492e-07,1.0,578.0
3,1000,0.4,0.5,0.4999999403953552,all_open,100.0,0.2964308559894562,0.204243004322052,1.0166224046382113e-06,0.0019808267243206,661.0000000000817,1.0,0.487,112.20000000002553,0.2774221897125244,9.200730346492492e-07,1.0,578.0
3,1000,0.4,0.5,0.4999999403953552,all_open,300.0,0.2735486030578613,0.2097513377666473,1.0783512431083702e-06,0.0019943492952734,1970.9999999993029,1.0,0.498,180.299999999836,0.2774221897125244,9.200730346492492e-07,1.0,578.0
3,1000,0.4,0.699999988079071,0.6999999284744263,random,0.1000000014901161,0.6446977257728577,0.1469929963350296,1.887276863160649e-05,1.1775377970479894e-06,176.99999999999423,1.0,0.467,50.59999999999714,0.280256986618042,1.044537953021063e-06,1.0,578.0
3,1000,0.4,0.699999988079071,0.6999999284744263,random,0.3000000119209289,0.6348092555999756,0.1605900228023529,9.385915831238776e-05,1.3575659977504984e-05,224.9999999999915,1.0,0.483,50.29999999999714,0.280256986618042,1.044537953021063e-06,1.0,578.0
3,1000,0.4,0.699999988079071,0.6999999284744263,random,1.0,0.5968575477600098,0.1538369804620742,1.2411053660109903e-06,5.176501076675777e-07,120.9999999999974,1.0,0.477,50.09999999999715,0.280256986618042,1.044537953021063e-06,1.0,578.0
3,1000,0.4,0.699999988079071,0.6999999284744263,random,3.0,0.5906004905700684,0.1667355448007583,1.0057757277890217e-06,1.390853526572755e-06,102.99999999999842,1.0,0.489,50.399999999997945,0.280256986618042,1.044537953021063e-06,1.0,578.0
3,1000,0.4,0.699999988079071,0.6999999284744263,random,10.0,0.5497437715530396,0.1529415547847747,8.997306177652964e-07,1.0037966603704264e-05,270.9999999999931,1.0,0.492,50.00000000000139,0.280256986618042,1.044537953021063e-06,1.0,578.0
3,1000,0.4,0.699999988079071,0.6999999284744263,random,30.0,0.5386021733283997,0.1730649024248123,8.052851197877692e-06,0.0015481682494282,859.0000000001268,1.0,0.479,50.00000000001137,0.280256986618042,1.044537953021063e-06,1.0,578.0
3,1000,0.4,0.699999988079071,0.6999999284744263,random,100.0,0.5371502041816711,0.1867977082729339,9.341418679349256e-07,0.0019972473382949,1583.9999999996548,1.0,0.502,123.29999999988786,0.280256986618042,1.044537953021063e-06,1.0,578.0
3,1000,0.4,0.699999988079071,0.6999999284744263,random,300.0,0.5450438857078552,0.1512949466705322,1.285711943929028e-06,0.0019939905032515,3084.9999999982897,1.0,0.502,69.39999999993688,0.280256986618042,1.044537953021063e-06,1.0,578.0
3,1000,0.4,0.699999988079071,0.6999999284744263,all_open,0.1000000014901161,0.627105176448822,0.1665523648262024,0.000323657845867,2.3020824301056564e-05,136.9999999999965,1.0,0.484,50.49999999999714,0.280256986618042,1.044537953021063e-06,1.0,578.0
3,1000,0.4,0.699999988079071,0.6999999284744263,all_open,0.3000000119209289,0.649350106716156,0.158178836107254,5.673412845118491e-06,8.417939625360304e-07,317.0000000000036,1.0,0.481,50.40000000001146,0.280256986618042,1.044537953021063e-06,1.0,578.0
3,1000,0.4,0.699999988079071,0.6999999284744263,all_open,1.0,0.6796673536300659,0.1395365744829177,0.000330277954104,0.0001406030060024,154.99999999999548,1.0,0.492,50.69999999999713,0.280256986618042,1.044537953021063e-06,1.0,578.0
3,1000,0.4,0.699999988079071,0.6999999284744263,all_open,3.0,0.5652958154678345,0.1628287434577942,9.88591024877153e-07,1.346337171526102e-06,259.9999999999906,1.0,0.494,50.29999999999825,0.280256986618042,1.044537953021063e-06,1.0,578.0
3,1000,0.4,0.699999988079071,0.6999999284744263,all_open,10.0,0.5185565948486328,0.1848497539758682,2.360453514481017e-06,2.084964762616437e-05,156.99999999999537,1.0,0.492,50.099999999997166,0.280256986618042,1.044537953021063e-06,1.0,578.0
3,1000,0.4,0.699999988079071,0.6999999284744263,all_open,30.0,0.3971825242042541,0.1937011331319809,1.0462159194195126e-05,0.0019459626637399,243.9999999999904,1.0,0.493,59.99999999999659,0.280256986618042,1.044537953021063e-06,1.0,578.0
3,1000,0.4,0.699999988079071,0.6999999284744263,all_open,100.0,0.3204916417598724,0.1897852420806884,1.1670330310059397e-06,0.0019949292764067,662.000000000082,1.0,0.488,175.10000000003976,0.280256986618042,1.044537953021063e-06,1.0,578.0
3,1000,0.4,0.699999988079071,0.6999999284744263,all_open,300.0,0.2809996604919433,0.1966496706008911,1.02418559300987e-06,0.0017328625544905,2015.999999999262,1.0,0.49,50.59999999995398,0.280256986618042,1.044537953021063e-06,1.0,578.0
3,1000,0.4,0.8999999761581421,0.8999999761581421,random,0.1000000014901161,0.6630322337150574,0.14781454205513,1.2467008808299892e-06,9.204773476767516e-08,272.9999999999936,1.0,0.494,50.60000000000193,0.2293666005134582,5.0841649681387935e-06,1.0,578.0
3,1000,0.4,0.8999999761581421,0.8999999761581421,random,0.3000000119209289,0.629812479019165,0.1623971462249755,1.0091651709018208e-06,1.3014758337703825e-07,391.0000000000204,1.0,0.491,50.90000000001157,0.2293666005134582,5.0841649681387935e-06,1.0,578.0
3,1000,0.4,0.8999999761581421,0.8999999761581421,random,1.0,0.6499232053756714,0.1566324084997177,1.1711910311412513e-06,5.168968755242531e-07,205.99999999999253,1.0,0.479,50.19999999999715,0.2293666005134582,5.0841649681387935e-06,1.0,578.0
3,1000,0.4,0.8999999761581421,0.8999999761581421,random,3.0,0.7078046798706055,0.1335017085075378,1.0023463674360097e-06,1.4435668163059745e-06,115.99999999999768,1.0,0.478,50.29999999999714,0.2293666005134582,5.0841649681387935e-06,1.0,578.0
3,1000,0.4,0.8999999761581421,0.8999999761581421,random,10.0,0.6403469443321228,0.1636041104793548,9.293359886752346e-07,3.9458696846850216e-05,202.99999999999275,1.0,0.481,50.399999999997135,0.2293666005134582,5.0841649681387935e-06,1.0,578.0
3,1000,0.4,0.8999999761581421,0.8999999761581421,random,30.0,0.6030231714248657,0.1590184867382049,1.15323897870988e-06,0.00055808754405,735.0000000000986,1.0,0.5,50.30000000001144,0.2293666005134582,5.0841649681387935e-06,1.0,578.0
3,1000,0.4,0.8999999761581421,0.8999999761581421,random,100.0,0.5831634402275085,0.1915251761674881,8.16716345531814e-07,0.001709591015242,1141.0000000000578,1.0,0.506,50.69999999995389,0.2293666005134582,5.0841649681387935e-06,1.0,578.0
3,1000,0.4,0.8999999761581421,0.8999999761581421,random,300.0,0.6020969152450562,0.1662658751010894,9.592882329424446e-07,0.0019942633807659,2323.999999998982,1.0,0.507,176.7999999998392,0.2293666005134582,5.0841649681387935e-06,1.0,578.0
3,1000,0.4,0.8999999761581421,0.8999999761581421,all_open,0.1000000014901161,0.6991732120513916,0.1599529087543487,8.844839163846901e-07,6.871310631595406e-08,259.9999999999906,1.0,0.498,50.99999999999821,0.2293666005134582,5.0841649681387935e-06,1.0,578.0
3,1000,0.4,0.8999999761581421,0.8999999761581421,all_open,0.3000000119209289,0.7093632817268372,0.160421997308731,1.5236722785327056e-05,2.138610170732136e-06,199.99999999999287,1.0,0.501,50.89999999999711,0.2293666005134582,5.0841649681387935e-06,1.0,578.0
3,1000,0.4,0.8999999761581421,0.8999999761581421,all_open,1.0,0.6832969188690186,0.1692644506692886,0.0002329374124972,0.0001016104870359,252.9999999999899,1.0,0.486,50.69999999999712,0.2293666005134582,5.0841649681387935e-06,1.0,578.0
3,1000,0.4,0.8999999761581421,0.8999999761581421,all_open,3.0,0.6276878714561462,0.1628268659114837,1.327195495531483e-06,1.699577637737093e-06,269.9999999999929,1.0,0.486,50.30000000000109,0.2293666005134582,5.0841649681387935e-06,1.0,578.0
3,1000,0.4,0.8999999761581421,0.8999999761581421,all_open,10.0,0.5174885392189026,0.180812269449234,9.057145135006528e-07,4.883217116002925e-06,164.9999999999949,1.0,0.494,50.19999999999716,0.2293666005134582,5.0841649681387935e-06,1.0,578.0
3,1000,0.4,0.8999999761581421,0.8999999761581421,all_open,30.0,0.4031490385532379,0.1779273450374603,1.1387679406045898e-06,0.0003384266456123,257.99999999999017,1.0,0.504,50.29999999999768,0.2293666005134582,5.0841649681387935e-06,1.0,578.0
3,1000,0.4,0.8999999761581421,0.8999999761581421,all_open,100.0,0.3580100834369659,0.177323892712593,1.0901296829087664e-06,0.0013413351261988,699.0000000000904,1.0,0.492,50.30000000001144,0.2293666005134582,5.0841649681387935e-06,1.0,578.0
3,1000,0.4,0.8999999761581421,0.8999999761581421,all_open,300.0,0.2999703586101532,0.2011476755142212,1.129536519169264e-06,0.0019950997084379,1973.9999999993,1.0,0.486,495.7999999995491,0.2293666005134582,5.0841649681387935e-06,1.0,578.0
3,1000,0.5,0.5,0.5,random,0.1000000014901161,0.4554274678230285,0.1478454321622848,9.52533165714104e-07,6.575750433057692e-08,377.0000000000172,1.0,0.479,50.80000000001155,0.2652240097522735,5.896749371459009e-06,1.0,344.0
3,1000,0.5,0.5,0.5,random,0.3000000119209289,0.5186405777931213,0.1615775525569915,9.393357645998402e-07,1.1291380985767321e-07,189.9999999999935,1.0,0.511,50.69999999999712,0.2652240097522735,5.896749371459009e-06,1.0,344.0
3,1000,0.5,0.5,0.5,random,1.0,0.5598441958427429,0.1471017748117447,8.937199555603325e-07,4.25883257548776e-07,124.99999999999716,1.0,0.517,50.399999999997135,0.2652240097522735,5.896749371459009e-06,1.0,344.0
3,1000,0.5,0.5,0.5,random,3.0,0.4538083076477051,0.1539545804262161,9.858242143490916e-07,1.3709246786675069e-06,194.9999999999932,1.0,0.532,50.19999999999715,0.2652240097522735,5.896749371459009e-06,1.0,344.0
3,1000,0.5,0.5,0.5,random,10.0,0.4223687350749969,0.1672404110431671,1.0263897043000525e-06,1.0775601367640776e-05,275.99999999999426,1.0,0.52,50.70000000000277,0.2652240097522735,5.896749371459009e-06,1.0,344.0
3,1000,0.5,0.5,0.5,random,30.0,0.3837515115737915,0.1595359444618225,1.0190755868591138e-06,0.0007881034398451,1481.9999999997476,1.0,0.5,50.59999999995398,0.2652240097522735,5.896749371459009e-06,1.0,344.0
3,1000,0.5,0.5,0.5,random,100.0,0.3776421546936035,0.1838131248950958,9.411304621993408e-07,0.0019877674058079,1556.9999999996794,1.0,0.503,55.99999999994907,0.2652240097522735,5.896749371459009e-06,1.0,344.0
3,1000,0.5,0.5,0.5,random,300.0,0.4094530344009399,0.1644476801156997,9.50337817826558e-07,0.0019985928665846,3085.999999998289,1.0,0.528,328.9999999997008,0.2652240097522735,5.896749371459009e-06,1.0,344.0
3,1000,0.5,0.5,0.5,all_open,0.1000000014901161,0.5207406282424927,0.1409467160701751,1.4806632720067426e-06,1.0748345147248985e-07,142.99999999999616,1.0,0.508,50.69999999999713,0.2652240097522735,5.896749371459009e-06,1.0,344.0
3,1000,0.5,0.5,0.5,all_open,0.3000000119209289,0.5240170359611511,0.1442865282297134,9.227176345581242e-07,9.839022396818109e-08,142.99999999999616,1.0,0.52,50.79999999999713,0.2652240097522735,5.896749371459009e-06,1.0,344.0
3,1000,0.5,0.5,0.5,all_open,1.0,0.5959715247154236,0.1487520784139633,9.521189392134898e-07,4.437748941654718e-07,131.9999999999968,1.0,0.511,50.59999999999714,0.2652240097522735,5.896749371459009e-06,1.0,344.0
3,1000,0.5,0.5,0.5,all_open,3.0,0.5057812929153442,0.1807724833488464,1.056614492254978e-05,1.6016001609386876e-05,178.99999999999412,1.0,0.504,50.79999999999711,0.2652240097522735,5.896749371459009e-06,1.0,344.0
3,1000,0.5,0.5,0.5,all_open,10.0,0.4296862185001373,0.208402007818222,1.1323307798408457e-06,5.1566166803240776e-05,145.999999999996,1.0,0.482,50.79999999999713,0.2652240097522735,5.896749371459009e-06,1.0,344.0
3,1000,0.5,0.5,0.5,all_open,30.0,0.3372828364372253,0.172407791018486,1.1279899328474223e-06,0.0013916949974372,237.9999999999908,1.0,0.485,50.29999999999714,0.2652240097522735,5.896749371459009e-06,1.0,344.0
3,1000,0.5,0.5,0.5,all_open,100.0,0.317233145236969,0.1751706898212433,9.914473481918402e-07,0.0019862635526806,661.0000000000817,1.0,0.483,64.40000000001464,0.2652240097522735,5.896749371459009e-06,1.0,344.0
3,1000,0.5,0.5,0.5,all_open,300.0,0.2857463359832763,0.1929308176040649,1.1356210042987853e-06,0.001996113685891,1976.9999999992967,1.0,0.478,170.1999999998452,0.2652240097522735,5.896749371459009e-06,1.0,344.0
3,1000,0.5,0.699999988079071,0.699999988079071,random,0.1000000014901161,0.6013621687889099,0.1351100206375122,8.967858389161819e-07,6.243088535029528e-08,193.9999999999933,1.0,0.507,50.49999999999713,0.2357485890388488,1.0779364174595685e-06,1.0,344.0
3,1000,0.5,0.699999988079071,0.699999988079071,random,0.3000000119209289,0.6171895265579224,0.1439018100500106,9.725116833555126e-07,1.176686836856789e-07,99.9999999999986,1.0,0.512,50.99999999999817,0.2357485890388488,1.0779364174595685e-06,1.0,344.0
3,1000,0.5,0.699999988079071,0.699999988079071,random,1.0,0.5939955115318298,0.1450580060482025,2.3492893161789555e-05,1.011024050967535e-05,225.99999999999145,1.0,0.514,50.89999999999711,0.2357485890388488,1.0779364174595685e-06,1.0,344.0
3,1000,0.5,0.699999988079071,0.699999988079071,random,3.0,0.6150276064872742,0.1476171314716339,1.0207904297999326e-06,1.433521219951217e-06,181.99999999999395,1.0,0.511,50.19999999999715,0.2357485890388488,1.0779364174595685e-06,1.0,344.0
3,1000,0.5,0.699999988079071,0.699999988079071,random,10.0,0.5502749085426331,0.1517583578824997,4.7752250118818645e-06,5.667742152581923e-05,319.00000000000404,1.0,0.532,50.00000000001137,0.2357485890388488,1.0779364174595685e-06,1.0,344.0
3,1000,0.5,0.699999988079071,0.699999988079071,random,30.0,0.5189313888549805,0.1400211006402969,9.419541002989044e-07,0.0002163753088098,325.0000000000054,1.0,0.511,50.10000000001139,0.2357485890388488,1.0779364174595685e-06,1.0,344.0
3,1000,0.5,0.699999988079071,0.699999988079071,random,100.0,0.4958591759204864,0.1442199200391769,9.627081077907777e-07,0.0019956780597567,1066.000000000126,1.0,0.512,181.1999999999933,0.2357485890388488,1.0779364174595685e-06,1.0,344.0
3,1000,0.5,0.699999988079071,0.699999988079071,random,300.0,0.5063587427139282,0.1637146323919296,9.637322431201346e-07,0.0019943148363381,2861.9999999984925,1.0,0.505,517.899999999529,0.2357485890388488,1.0779364174595685e-06,1.0,344.0
3,1000,0.5,0.699999988079071,0.699999988079071,all_open,0.1000000014901161,0.6469792127609253,0.147259846329689,8.982588102234637e-07,6.189755907826111e-08,136.9999999999965,1.0,0.515,50.39999999999715,0.2357485890388488,1.0779364174595685e-06,1.0,344.0
3,1000,0.5,0.699999988079071,0.699999988079071,all_open,0.3000000119209289,0.6181105375289917,0.1477219611406326,9.715302154240418e-07,1.0982905962464429e-07,222.9999999999916,1.0,0.503,50.399999999997135,0.2357485890388488,1.0779364174595685e-06,1.0,344.0
3,1000,0.5,0.699999988079071,0.699999988079071,all_open,1.0,0.661430299282074,0.1491082161664962,9.911579445515756e-07,4.295532676223957e-07,178.99999999999412,1.0,0.509,50.79999999999711,0.2357485890388488,1.0779364174595685e-06,1.0,344.0
3,1000,0.5,0.699999988079071,0.699999988079071,all_open,3.0,0.5942525267601013,0.1804363131523132,9.98992250072823e-07,1.4463242905549123e-06,109.99999999999802,1.0,0.522,50.199999999997445,0.2357485890388488,1.0779364174595685e-06,1.0,344.0
3,1000,0.5,0.699999988079071,0.699999988079071,all_open,10.0,0.4608820080757141,0.1627338528633117,1.1275032181038865e-06,6.706629937980324e-05,122.99999999999729,1.0,0.515,50.69999999999712,0.2357485890388488,1.0779364174595685e-06,1.0,344.0
3,1000,0.5,0.699999988079071,0.699999988079071,all_open,30.0,0.3367099463939667,0.1991321444511413,1.1708980228367162e-06,0.001978097250685,201.9999999999928,1.0,0.519,54.599999999996896,0.2357485890388488,1.0779364174595685e-06,1.0,344.0
3,1000,0.5,0.699999988079071,0.699999988079071,all_open,100.0,0.2954940497875213,0.2036459445953369,1.0806155199998453e-06,0.0019921243656426,662.000000000082,1.0,0.502,58.10000000001321,0.2357485890388488,1.0779364174595685e-06,1.0,344.0
3,1000,0.5,0.699999988079071,0.699999988079071,all_open,300.0,0.262853056192398,0.1880023628473281,1.1356117302514743e-06,0.0019947132095694,1981.9999999992929,1.0,0.494,176.59999999983938,0.2357485890388488,1.0779364174595685e-06,1.0,344.0
3,1000,0.5,0.8999999761581421,0.8999999165534973,random,0.1000000014901161,0.68336421251297,0.1392640471458435,9.159596063168136e-07,6.787470852032129e-08,214.99999999999207,1.0,0.508,50.89999999999711,0.2642350494861603,1.192851073028578e-06,1.0,344.0
3,1000,0.5,0.8999999761581421,0.8999999165534973,random,0.3000000119209289,0.6957332491874695,0.1496786922216415,0.0004393165111848,6.713324546581134e-05,207.99999999999247,1.0,0.526,50.59999999999712,0.2642350494861603,1.192851073028578e-06,1.0,344.0
3,1000,0.5,0.8999999761581421,0.8999999165534973,random,1.0,0.6930592060089111,0.1500223577022552,5.059484028600177e-06,2.137436467819498e-06,133.99999999999667,1.0,0.505,50.69999999999713,0.2642350494861603,1.192851073028578e-06,1.0,344.0
3,1000,0.5,0.8999999761581421,0.8999999165534973,random,3.0,0.6768805980682373,0.1630494594573974,1.7298605017252466e-05,2.901855805248488e-05,145.999999999996,1.0,0.521,50.29999999999716,0.2642350494861603,1.192851073028578e-06,1.0,344.0
3,1000,0.5,0.8999999761581421,0.8999999165534973,random,10.0,0.5964957475662231,0.1452405303716659,2.21029279712412e-06,3.213833770132624e-05,349.00000000001086,1.0,0.501,50.30000000001144,0.2642350494861603,1.192851073028578e-06,1.0,344.0
3,1000,0.5,0.8999999761581421,0.8999999165534973,random,30.0,0.5687612295150757,0.1443332582712173,8.545263804870585e-07,0.0002049120812444,841.0000000001227,1.0,0.518,50.60000000001151,0.2642350494861603,1.192851073028578e-06,1.0,344.0
3,1000,0.5,0.8999999761581421,0.8999999165534973,random,100.0,0.5426228642463684,0.1667365729808807,1.0202355822680498e-06,0.00198784051463,1440.999999999785,1.0,0.504,70.19999999993615,0.2642350494861603,1.192851073028578e-06,1.0,344.0
3,1000,0.5,0.8999999761581421,0.8999999165534973,random,300.0,0.5504094958305359,0.1675711721181869,1.0028065532847097e-06,0.0019979600328952,3329.999999998067,1.0,0.51,256.3999999997668,0.2642350494861603,1.192851073028578e-06,1.0,344.0
3,1000,0.5,0.8999999761581421,0.8999999165534973,all_open,0.1000000014901161,0.7353736758232117,0.1511121541261673,1.5104498563214367e-06,1.0398921546084241e-07,141.99999999999622,1.0,0.516,50.69999999999713,0.2642350494861603,1.192851073028578e-06,1.0,344.0
3,1000,0.5,0.8999999761581421,0.8999999165534973,all_open,0.3000000119209289,0.6669625043869019,0.1381284147500991,9.735674067052352e-07,1.2336721511019277e-07,388.0000000000197,1.0,0.511,50.80000000001155,0.2642350494861603,1.192851073028578e-06,1.0,344.0
3,1000,0.5,0.8999999761581421,0.8999999165534973,all_open,1.0,0.6705502867698669,0.1475834548473358,1.6900167604882054e-06,6.897211051182239e-07,280.9999999999954,1.0,0.499,50.30000000000422,0.2642350494861603,1.192851073028578e-06,1.0,344.0
3,1000,0.5,0.8999999761581421,0.8999999165534973,all_open,3.0,0.6465634703636169,0.1512756645679474,1.1665658708729528e-06,1.4483686072708224e-06,112.99999999999784,1.0,0.524,50.79999999999724,0.2642350494861603,1.192851073028578e-06,1.0,344.0
3,1000,0.5,0.8999999761581421,0.8999999165534973,all_open,10.0,0.4851225018501282,0.1733514964580536,2.5515130344242145e-06,3.705540075316094e-05,308.00000000000153,1.0,0.532,50.40000000001146,0.2642350494861603,1.192851073028578e-06,1.0,344.0
3,1000,0.5,0.8999999761581421,0.8999999165534973,all_open,30.0,0.3391402959823608,0.1850163787603378,1.1450156217173336e-06,0.0019616691861301,203.9999999999927,1.0,0.513,55.29999999999686,0.2642350494861603,1.192851073028578e-06,1.0,344.0
3,1000,0.5,0.8999999761581421,0.8999999165534973,all_open,100.0,0.2790797650814056,0.1699654161930084,1.2915020650425852e-06,0.0019883869681507,669.0000000000836,1.0,0.504,135.4000000000308,0.2642350494861603,1.192851073028578e-06,1.0,344.0
3,1000,0.5,0.8999999761581421,0.8999999165534973,all_open,300.0,0.2662890255451202,0.1781927049160003,1.190447806377318e-06,0.0019952319562435,1978.999999999296,1.0,0.506,531.4999999995166,0.2642350494861603,1.192851073028578e-06,1.0,344.0
4,1000,0.1,0.5,0.5,random,0.1000000014901161,0.8131018280982971,0.1195558682084083,1.1129290979360243e-06,6.173350186600146e-08,58.00000000000056,1.0,0.502,50.50000000000057,0.9928777813911438,2.135371687472798e-06,1.0,27.0
4,1000,0.1,0.5,0.5,random,0.3000000119209289,0.8288801908493042,0.1219526380300521,1.1703020093094112e-06,1.1270135047425357e-07,59.00000000000057,1.0,0.502,50.40000000000058,0.9928777813911438,2.135371687472798e-06,1.0,27.0
4,1000,0.1,0.5,0.5,random,1.0,0.855324923992157,0.1201409921050071,1.1631679322764869e-06,4.383323926049343e-07,59.00000000000057,1.0,0.512,50.30000000000058,0.9928777813911438,2.135371687472798e-06,1.0,27.0
4,1000,0.1,0.5,0.5,random,3.0,0.8710312247276306,0.1171178594231605,1.2497435798515577e-06,1.3443660691336845e-06,91.99999999999903,1.0,0.513,50.899999999998734,0.9928777813911438,2.135371687472798e-06,1.0,27.0
4,1000,0.1,0.5,0.5,random,10.0,0.8730040192604065,0.119061566889286,1.289965632237264e-06,1.6670626791892573e-05,142.99999999999616,1.0,0.51,50.39999999999715,0.9928777813911438,2.135371687472798e-06,1.0,27.0
4,1000,0.1,0.5,0.5,random,30.0,0.8771732449531555,0.1198723018169403,1.2469177489436784e-06,0.0005925204604864,295.9999999999988,1.0,0.505,50.20000000000849,0.9928777813911438,2.135371687472798e-06,1.0,27.0
4,1000,0.1,0.5,0.5,random,100.0,0.8772432804107666,0.1204276531934738,1.4749300456798484e-06,0.0014565519522875,906.0000000001374,1.0,0.506,50.00000000001137,0.9928777813911438,2.135371687472798e-06,1.0,27.0
4,1000,0.1,0.5,0.5,random,300.0,0.8728985786437988,0.1179682537913322,1.3393568885856207e-06,0.0018109607044607,2651.9999999986835,1.0,0.504,50.49999999995407,0.9928777813911438,2.135371687472798e-06,1.0,27.0
4,1000,0.1,0.5,0.5,all_open,0.1000000014901161,0.8505303263664246,0.1237888857722282,1.1921805028707812e-06,5.84308033069192e-08,57.00000000000054,1.0,0.494,50.50000000000055,0.9928777813911438,2.135371687472798e-06,1.0,27.0
4,1000,0.1,0.5,0.5,all_open,0.3000000119209289,0.9109310507774352,0.1306397020816803,1.3456256438412918e-06,1.128745878986593e-07,62.00000000000061,1.0,0.505,50.00000000000064,0.9928777813911438,2.135371687472798e-06,1.0,27.0
4,1000,0.1,0.5,0.5,all_open,1.0,0.9753228425979614,0.1204120889306068,1.5421461501000216e-06,4.690261903306237e-07,55.00000000000051,1.0,0.501,50.30000000000051,0.9928777813911438,2.135371687472798e-06,1.0,27.0
4,1000,0.1,0.5,0.5,all_open,3.0,0.9910747408866882,0.1158861145377159,1.4828983979458466e-06,1.5364048522314988e-06,66.00000000000053,1.0,0.5,50.300000000000566,0.9928777813911438,2.135371687472798e-06,1.0,27.0
4,1000,0.1,0.5,0.5,all_open,10.0,0.9927724003791808,0.1149807125329971,1.4978276791413726e-06,2.375099211349152e-05,109.99999999999802,1.0,0.503,50.59999999999745,0.9928777813911438,2.135371687472798e-06,1.0,27.0
4,1000,0.1,0.5,0.5,all_open,30.0,0.9928765296936036,0.1149033233523368,1.4135402834703756e-06,0.0002653532719705,256.99999999998994,1.0,0.504,50.2999999999974,0.9928777813911438,2.135371687472798e-06,1.0,27.0
4,1000,0.1,0.5,0.5,all_open,100.0,0.9928769469261168,0.1149029284715652,1.4365859043079416e-06,0.0019853308331221,655.0000000000804,1.0,0.503,100.50000000002284,0.9928777813911438,2.135371687472798e-06,1.0,27.0
4,1000,0.1,0.5,0.5,all_open,300.0,0.9928778409957886,0.1149030104279518,1.224478681401558e-06,0.0019958957564085,1962.99999999931,1.0,0.503,299.6999999997274,0.9928777813911438,2.135371687472798e-06,1.0,27.0
4,1000,0.1,0.699999988079071,0.6999999284744263,random,0.1000000014901161,0.8900958895683289,0.114827387034893,1.2522046645188429e-06,5.4730474374764526e-08,55.00000000000051,1.0,0.506,50.60000000000051,0.9928780198097228,1.960138661161181e-06,1.0,27.0
4,1000,0.1,0.699999988079071,0.6999999284744263,random,0.3000000119209289,0.9031344056129456,0.1168506145477294,1.2910166608199009e-06,1.2285491379770974e-07,54.0000000000005,1.0,0.511,50.20000000000049,0.9928780198097228,1.960138661161181e-06,1.0,27.0
4,1000,0.1,0.699999988079071,0.6999999284744263,random,1.0,0.91446715593338,0.1191802769899368,1.309566524462965e-06,4.39913776517642e-07,59.00000000000057,1.0,0.515,50.60000000000058,0.9928780198097228,1.960138661161181e-06,1.0,27.0
4,1000,0.1,0.699999988079071,0.6999999284744263,random,3.0,0.9166364669799804,0.1217950209975242,1.2525123516851136e-06,1.3962787761556683e-06,67.00000000000047,1.0,0.509,50.2000000000005,0.9928780198097228,1.960138661161181e-06,1.0,27.0
4,1000,0.1,0.699999988079071,0.6999999284744263,random,10.0,0.9171923995018004,0.1197478547692298,1.3679254887283094e-06,1.6081572539405897e-05,118.99999999999751,1.0,0.514,50.399999999997135,0.9928780198097228,1.960138661161181e-06,1.0,27.0
4,1000,0.1,0.699999988079071,0.6999999284744263,random,30.0,0.9170079231262208,0.1201491802930831,1.3440247938607352e-06,0.0014399025822058,216.999999999992,1.0,0.51,50.29999999999714,0.9928780198097228,1.960138661161181e-06,1.0,27.0
4,1000,0.1,0.699999988079071,0.6999999284744263,random,100.0,0.9168145656585692,0.1209181249141693,1.3931333752570392e-06,0.0019869869574904,689.0000000000881,1.0,0.511,125.00000000002842,0.9928780198097228,1.960138661161181e-06,1.0,27.0
4,1000,0.1,0.699999988079071,0.6999999284744263,random,300.0,0.9166616797447203,0.1209507659077644,1.5523649470926323e-06,0.0019954035524278,2070.999999999212,1.0,0.511,384.79999999965,0.9928780198097228,1.960138661161181e-06,1.0,27.0
4,1000,0.1,0.699999988079071,0.6999999284744263,all_open,0.1000000014901161,0.9217156767845154,0.1213734745979309,1.3310104388049123e-06,6.392239271235668e-08,55.00000000000051,1.0,0.502,50.200000000000514,0.9928780198097228,1.960138661161181e-06,1.0,27.0
4,1000,0.1,0.699999988079071,0.6999999284744263,all_open,0.3000000119209289,0.9612618684768676,0.1217999383807182,1.4040122934127537e-06,1.3318351932412045e-07,57.00000000000054,1.0,0.498,50.10000000000055,0.9928780198097228,1.960138661161181e-06,1.0,27.0
4,1000,0.1,0.699999988079071,0.6999999284744263,all_open,1.0,0.9889891147613524,0.115956425666809,1.4080007308488242e-06,4.87988415898144e-07,56.000000000000526,1.0,0.503,50.00000000000053,0.9928780198097228,1.960138661161181e-06,1.0,27.0
4,1000,0.1,0.699999988079071,0.6999999284744263,all_open,3.0,0.9933448433876038,0.1144046485424041,1.3182901217782554e-06,1.5468108358618338e-06,75.99999999999996,1.0,0.505,50.39999999999986,0.9928780198097228,1.960138661161181e-06,1.0,27.0
4,1000,0.1,0.699999988079071,0.6999999284744263,all_open,10.0,0.992943525314331,0.1148504689335823,1.4860469928203517e-06,1.7435022527934052e-05,112.99999999999784,1.0,0.504,50.99999999999724,0.9928780198097228,1.960138661161181e-06,1.0,27.0
4,1000,0.1,0.699999988079071,0.6999999284744263,all_open,30.0,0.9928773045539856,0.1149026229977607,1.2882824286966897e-06,0.0002645972708705,256.99999999998994,1.0,0.504,50.2999999999974,0.9928780198097228,1.960138661161181e-06,1.0,27.0
4,1000,0.1,0.699999988079071,0.6999999284744263,all_open,100.0,0.9928769469261168,0.1149029210209846,1.4036685240674854e-06,0.0019841380417346,655.0000000000804,1.0,0.503,100.50000000002284,0.9928780198097228,1.960138661161181e-06,1.0,27.0
4,1000,0.1,0.699999988079071,0.6999999284744263,all_open,300.0,0.9928778409957886,0.1149030104279518,1.4520397405762018e-06,0.0019954845774918,1962.99999999931,1.0,0.503,299.6999999997274,0.9928780198097228,1.960138661161181e-06,1.0,27.0
4,1000,0.1,0.8999999761581421,0.8999999761581421,random,0.1000000014901161,0.9636185169219972,0.1149126142263412,1.3857575361657517e-06,6.435456612052803e-08,58.00000000000056,1.0,0.503,50.60000000000056,0.9928780794143676,2.354074240429327e-06,1.0,27.0
4,1000,0.1,0.8999999761581421,0.8999999761581421,random,0.3000000119209289,0.9672658443450928,0.1162558197975158,1.437975130710325e-06,1.2455541309464024e-07,58.00000000000056,1.0,0.504,50.00000000000057,0.9928780794143676,2.354074240429327e-06,1.0,27.0
4,1000,0.1,0.8999999761581421,0.8999999761581421,random,1.0,0.9699341654777528,0.116402268409729,1.4032222143544385e-06,4.827019779440889e-07,58.00000000000056,1.0,0.503,50.300000000000566,0.9928780794143676,2.354074240429327e-06,1.0,27.0
4,1000,0.1,0.8999999761581421,0.8999999761581421,random,3.0,0.9713711142539978,0.1159580424427986,1.4175144635895157e-06,1.4732307818121626e-06,77.99999999999984,1.0,0.506,50.39999999999972,0.9928780794143676,2.354074240429327e-06,1.0,27.0
4,1000,0.1,0.8999999761581421,0.8999999761581421,random,10.0,0.9717066884040833,0.1158249229192733,1.3923568089263712e-06,2.7650648917187937e-05,114.99999999999774,1.0,0.507,50.19999999999715,0.9928780794143676,2.354074240429327e-06,1.0,27.0
4,1000,0.1,0.8999999761581421,0.8999999761581421,random,30.0,0.9704930186271667,0.1169932633638382,1.382595965032743e-06,0.0002046387817244,290.99999999999767,1.0,0.509,50.10000000000707,0.9928780794143676,2.354074240429327e-06,1.0,27.0
4,1000,0.1,0.8999999761581421,0.8999999761581421,random,100.0,0.9697973728179932,0.1174544543027877,1.6897857969896776e-06,0.0015062239253893,748.0000000001015,1.0,0.509,50.60000000001151,0.9928780794143676,2.354074240429327e-06,1.0,27.0
4,1000,0.1,0.8999999761581421,0.8999999761581421,random,300.0,0.9697409868240356,0.1175075247883796,1.7023262143758925e-06,0.0019994378089904,2132.9999999991555,1.0,0.509,140.1999999998725,0.9928780794143676,2.354074240429327e-06,1.0,27.0
4,1000,0.1,0.8999999761581421,0.8999999761581421,all_open,0.1000000014901161,0.9756949543952942,0.1159767732024192,1.401581548032712e-06,6.001935304311702e-08,56.000000000000526,1.0,0.499,50.80000000000053,0.9928780794143676,2.354074240429327e-06,1.0,27.0
4,1000,0.1,0.8999999761581421,0.8999999761581421,all_open,0.3000000119209289,0.9876902103424072,0.1154834926128387,1.4398777379376144e-06,1.3358990713641108e-07,55.00000000000051,1.0,0.503,50.700000000000514,0.9928780794143676,2.354074240429327e-06,1.0,27.0
4,1000,0.1,0.8999999761581421,0.8999999761581421,all_open,1.0,0.9939123392105104,0.1136535704135894,1.3897758236798798e-06,4.912911890642135e-07,60.00000000000058,1.0,0.507,50.5000000000006,0.9928780794143676,2.354074240429327e-06,1.0,27.0
4,1000,0.1,0.8999999761581421,0.8999999761581421,all_open,3.0,0.9941859245300292,0.1138338148593902,1.450798704836168e-06,1.5010542711024757e-06,69.00000000000036,1.0,0.505,50.20000000000036,0.9928780794143676,2.354074240429327e-06,1.0,27.0
4,1000,0.1,0.8999999761581421,0.8999999761581421,all_open,10.0,0.9930214285850524,0.1147906705737114,1.5247303161081744e-06,2.8506772650871422e-05,107.99999999999814,1.0,0.504,50.19999999999759,0.9928780794143676,2.354074240429327e-06,1.0,27.0
4,1000,0.1,0.8999999761581421,0.8999999761581421,all_open,30.0,0.9928776621818542,0.1149023547768592,1.3963080189060976e-06,0.0002640205493662,256.99999999998994,1.0,0.504,50.39999999999739,0.9928780794143676,2.354074240429327e-06,1.0,27.0
4,1000,0.1,0.8999999761581421,0.8999999761581421,all_open,100.0,0.9928769469261168,0.114902913570404,1.3882864001683346e-06,0.0019834630656987,655.0000000000804,1.0,0.503,100.60000000002287,0.9928780794143676,2.354074240429327e-06,1.0,27.0
4,1000,0.1,0.8999999761581421,0.8999999761581421,all_open,300.0,0.9928778409957886,0.1149030104279518,1.587763389424833e-06,0.001995249884203,1962.99999999931,1.0,0.503,299.6999999997274,0.9928780794143676,2.354074240429327e-06,1.0,27.0
4,1000,0.2,0.5,0.4999999701976776,random,0.1000000014901161,0.6817528009414673,0.1311493664979934,9.535034729735014e-07,6.536793506484173e-08,100.99999999999854,1.0,0.513,50.09999999999808,0.2328168451786041,8.261128641606774e-06,1.0,783.0
4,1000,0.2,0.5,0.4999999701976776,random,0.3000000119209289,0.6822038292884827,0.1239658892154693,1.3851489605111285e-06,1.5877840553457645e-07,189.9999999999935,1.0,0.515,50.29999999999714,0.2328168451786041,8.261128641606774e-06,1.0,783.0
4,1000,0.2,0.5,0.4999999701976776,random,1.0,0.6544316411018372,0.1502943336963653,1.3681047255016982e-05,5.33017782800016e-06,311.0000000000022,1.0,0.499,50.20000000001141,0.2328168451786041,8.261128641606774e-06,1.0,783.0
4,1000,0.2,0.5,0.4999999701976776,random,3.0,0.6004024744033813,0.1681698858737945,2.16932704981152e-06,2.657372306202888e-06,178.99999999999412,1.0,0.503,50.69999999999712,0.2328168451786041,8.261128641606774e-06,1.0,783.0
4,1000,0.2,0.5,0.4999999701976776,random,10.0,0.5261268019676208,0.1728110909461975,4.276414200734814e-06,3.0948984203860164e-05,253.99999999998985,1.0,0.523,50.59999999999712,0.2328168451786041,8.261128641606774e-06,1.0,783.0
4,1000,0.2,0.5,0.4999999701976776,random,30.0,0.5195395946502686,0.1722758263349533,9.465104254675956e-07,0.0006317272200249,370.0000000000156,1.0,0.522,50.80000000001155,0.2328168451786041,8.261128641606774e-06,1.0,783.0
4,1000,0.2,0.5,0.4999999701976776,random,100.0,0.5009570121765137,0.1788671612739563,9.190120827212036e-07,0.0019826430361717,1398.999999999823,1.0,0.511,133.89999999987822,0.2328168451786041,8.261128641606774e-06,1.0,783.0
4,1000,0.2,0.5,0.4999999701976776,random,300.0,0.4463944435119629,0.1975536048412323,1.2983178565007994e-06,0.0019950678106397,3447.9999999979595,1.0,0.506,353.5999999996784,0.2328168451786041,8.261128641606774e-06,1.0,783.0
4,1000,0.2,0.5,0.4999999701976776,all_open,0.1000000014901161,0.7503187656402588,0.1039551421999931,9.89580593841827e-07,7.101365184780661e-08,140.99999999999628,1.0,0.505,50.29999999999716,0.2328168451786041,8.261128641606774e-06,1.0,783.0
4,1000,0.2,0.5,0.4999999701976776,all_open,0.3000000119209289,0.7769033312797546,0.1202555522322654,2.042928493669417e-06,2.5476626319687057e-07,87.99999999999928,1.0,0.517,50.09999999999901,0.2328168451786041,8.261128641606774e-06,1.0,783.0
4,1000,0.2,0.5,0.4999999701976776,all_open,1.0,0.825267493724823,0.1373893171548843,9.96393516742688e-07,4.3932831772508507e-07,78.99999999999979,1.0,0.504,50.19999999999965,0.2328168451786041,8.261128641606774e-06,1.0,783.0
4,1000,0.2,0.5,0.4999999701976776,all_open,3.0,0.7112652659416199,0.1680148988962173,2.694010976633361e-06,3.4362226415396435e-06,145.999999999996,1.0,0.522,50.39999999999715,0.2328168451786041,8.261128641606774e-06,1.0,783.0
4,1000,0.2,0.5,0.4999999701976776,all_open,10.0,0.4933896660804748,0.1911448240280151,6.541519294442015e-06,9.068682265933604e-05,495.00000000004405,1.0,0.516,50.80000000001155,0.2328168451786041,8.261128641606774e-06,1.0,783.0
4,1000,0.2,0.5,0.4999999701976776,all_open,30.0,0.3493061363697052,0.2285534143447876,1.1121790557382937e-06,0.0001919375936267,272.9999999999936,1.0,0.516,50.80000000000192,0.2328168451786041,8.261128641606774e-06,1.0,783.0
4,1000,0.2,0.5,0.4999999701976776,all_open,100.0,0.3022237718105316,0.2229785025119781,1.0512525969287066e-06,0.0011406776029616,720.0000000000952,1.0,0.515,50.20000000001141,0.2328168451786041,8.261128641606774e-06,1.0,783.0
4,1000,0.2,0.5,0.4999999701976776,all_open,300.0,0.2679037749767303,0.2122392356395721,1.361042998086123e-06,0.0019939625635743,1999.9999999992765,1.0,0.501,158.29999999985603,0.2328168451786041,8.261128641606774e-06,1.0,783.0
4,1000,0.2,0.699999988079071,0.6999998688697815,random,0.1000000014901161,0.8231878280639648,0.104781188070774,1.20221010476812e-06,9.154556579460404e-08,109.99999999999802,1.0,0.509,50.59999999999745,0.2881608009338379,1.646098439778143e-06,1.0,783.0
4,1000,0.2,0.699999988079071,0.6999998688697815,random,0.3000000119209289,0.8299480676651001,0.1056305915117263,1.454206904609129e-06,1.890540630711257e-07,124.99999999999716,1.0,0.516,50.19999999999715,0.2881608009338379,1.646098439778143e-06,1.0,783.0
4,1000,0.2,0.699999988079071,0.6999998688697815,random,1.0,0.849173367023468,0.106855072081089,1.3705056495916768e-06,5.374670308810892e-07,72.00000000000018,1.0,0.51,50.90000000000016,0.2881608009338379,1.646098439778143e-06,1.0,783.0
4,1000,0.2,0.699999988079071,0.6999998688697815,random,3.0,0.8234134912490845,0.1139546036720275,2.464933378275604e-05,3.380942143849097e-05,123.99999999999724,1.0,0.511,50.79999999999711,0.2881608009338379,1.646098439778143e-06,1.0,783.0
4,1000,0.2,0.699999988079071,0.6999998688697815,random,10.0,0.8114438652992249,0.1091358885169029,1.1832804735073676e-06,1.694241836958099e-05,161.99999999999508,1.0,0.52,50.49999999999714,0.2881608009338379,1.646098439778143e-06,1.0,783.0
4,1000,0.2,0.699999988079071,0.6999998688697815,random,30.0,0.6124641299247742,0.1778222769498825,3.2099248892855754e-06,0.0009659064817242,775.0000000001077,1.0,0.499,50.70000000001153,0.2881608009338379,1.646098439778143e-06,1.0,783.0
4,1000,0.2,0.699999988079071,0.6999998688697815,random,100.0,0.6544030904769897,0.1583622694015503,8.648908726125739e-07,0.0018219283083453,893.0000000001345,1.0,0.522,50.20000000001141,0.2881608009338379,1.646098439778143e-06,1.0,783.0
4,1000,0.2,0.699999988079071,0.6999998688697815,random,300.0,0.6117134690284729,0.1818497776985168,1.151264659759803e-06,0.0019933751318603,4353.999999998308,1.0,0.506,284.2000000009143,0.2881608009338379,1.646098439778143e-06,1.0,783.0
4,1000,0.2,0.699999988079071,0.6999998688697815,all_open,0.1000000014901161,0.8523486852645874,0.1008505523204803,1.813014589525145e-06,1.2419738482094544e-07,135.99999999999656,1.0,0.51,50.59999999999714,0.2881608009338379,1.646098439778143e-06,1.0,783.0
4,1000,0.2,0.699999988079071,0.6999998688697815,all_open,0.3000000119209289,0.9011701345443726,0.0987109392881393,6.212916692867016e-06,7.891832183304359e-07,67.00000000000047,1.0,0.519,50.1000000000005,0.2881608009338379,1.646098439778143e-06,1.0,783.0
4,1000,0.2,0.699999988079071,0.6999998688697815,all_open,1.0,0.905124008655548,0.1161801218986511,2.386964972623969e-06,9.493995207776608e-07,113.9999999999978,1.0,0.519,50.99999999999717,0.2881608009338379,1.646098439778143e-06,1.0,783.0
4,1000,0.2,0.699999988079071,0.6999998688697815,all_open,3.0,0.8981168866157532,0.1190853118896484,6.9209871367074125e-06,1.0584247320366558e-05,96.99999999999876,1.0,0.521,50.699999999998376,0.2881608009338379,1.646098439778143e-06,1.0,783.0
4,1000,0.2,0.699999988079071,0.6999998688697815,all_open,10.0,0.6307348012924194,0.1855158358812332,1.269963143470994e-06,2.331402356503532e-05,165.99999999999486,1.0,0.521,50.99999999999712,0.2881608009338379,1.646098439778143e-06,1.0,783.0
4,1000,0.2,0.699999988079071,0.6999998688697815,all_open,30.0,0.3670828342437744,0.2053864449262619,4.552286138915051e-05,0.0010815463028848,306.0000000000011,1.0,0.521,50.7000000000113,0.2881608009338379,1.646098439778143e-06,1.0,783.0
4,1000,0.2,0.699999988079071,0.6999998688697815,all_open,100.0,0.3138545155525207,0.2649012207984924,1.2329732854543356e-06,0.0019894782453775,665.0000000000827,1.0,0.515,123.50000000002808,0.2881608009338379,1.646098439778143e-06,1.0,783.0
4,1000,0.2,0.699999988079071,0.6999998688697815,all_open,300.0,0.287668764591217,0.2748003304004669,1.318687458212367e-06,0.0019997721537947,1990.999999999285,1.0,0.514,273.1999999997515,0.2881608009338379,1.646098439778143e-06,1.0,783.0
4,1000,0.2,0.8999999761581421,0.8999999165534973,random,0.1000000014901161,0.9361498951911926,0.0904583856463432,8.84736786103333e-07,6.631352533759127e-08,69.00000000000036,1.0,0.517,50.20000000000036,0.3006421625614166,1.515947701591358e-06,1.0,783.0
4,1000,0.2,0.8999999761581421,0.8999999165534973,random,0.3000000119209289,0.9371822476387024,0.0931622833013534,9.896979315922942e-07,1.205271189519408e-07,73.00000000000013,1.0,0.519,50.10000000000007,0.3006421625614166,1.515947701591358e-06,1.0,783.0
4,1000,0.2,0.8999999761581421,0.8999999165534973,random,1.0,0.9365664124488832,0.0961825996637344,9.827846388402549e-07,4.209057635762292e-07,75.00000000000001,1.0,0.515,50.09999999999993,0.3006421625614166,1.515947701591358e-06,1.0,783.0
4,1000,0.2,0.8999999761581421,0.8999999165534973,random,3.0,0.9278635382652284,0.1020401120185852,1.0539109494589307e-06,1.4934554428691629e-06,88.99999999999922,1.0,0.51,50.099999999998936,0.3006421625614166,1.515947701591358e-06,1.0,783.0
4,1000,0.2,0.8999999761581421,0.8999999165534973,random,10.0,0.905024230480194,0.1050177738070488,9.328828592148476e-06,0.0001380978210363,119.99999999999746,1.0,0.524,50.9999999999971,0.3006421625614166,1.515947701591358e-06,1.0,783.0
4,1000,0.2,0.8999999761581421,0.8999999165534973,random,30.0,0.8853758573532104,0.1078880429267883,4.111746875651526e-05,0.0014024639967828,213.99999999999213,1.0,0.528,50.49999999999713,0.3006421625614166,1.515947701591358e-06,1.0,783.0
4,1000,0.2,0.8999999761581421,0.8999999165534973,random,100.0,0.8038312792778015,0.1409970074892044,7.806682819484658e-07,0.0019853597041219,1183.0000000000196,1.0,0.511,77.49999999992951,0.3006421625614166,1.515947701591358e-06,1.0,783.0
4,1000,0.2,0.8999999761581421,0.8999999165534973,random,300.0,0.7870923280715942,0.1579633802175521,1.020672358856272e-06,0.0019985020626336,2378.999999998932,1.0,0.514,322.5999999997066,0.3006421625614166,1.515947701591358e-06,1.0,783.0
4,1000,0.2,0.8999999761581421,0.8999999165534973,all_open,0.1000000014901161,0.9478890299797058,0.0912356302142143,1.0174435299665023e-06,6.713611355735338e-08,58.00000000000056,1.0,0.519,50.90000000000056,0.3006421625614166,1.515947701591358e-06,1.0,783.0
4,1000,0.2,0.8999999761581421,0.8999999165534973,all_open,0.3000000119209289,0.9604833722114564,0.0942863076925277,9.219870665189408e-07,1.2294962914438656e-07,75.00000000000001,1.0,0.516,50.59999999999994,0.3006421625614166,1.515947701591358e-06,1.0,783.0
4,1000,0.2,0.8999999761581421,0.8999999165534973,all_open,1.0,0.9676011204719543,0.0996320396661758,1.0155684604460791e-06,4.736096457236272e-07,66.00000000000053,1.0,0.516,50.50000000000057,0.3006421625614166,1.515947701591358e-06,1.0,783.0
4,1000,0.2,0.8999999761581421,0.8999999165534973,all_open,3.0,0.9440317749977112,0.113398790359497,1.1256497649163856e-06,1.5460767599506653e-06,92.999999999999,1.0,0.513,50.89999999999866,0.3006421625614166,1.515947701591358e-06,1.0,783.0
4,1000,0.2,0.8999999761581421,0.8999999165534973,all_open,10.0,0.8086707592010498,0.1379708349704742,1.3363857656864244e-06,7.214306151581695e-06,209.99999999999235,1.0,0.529,50.89999999999711,0.3006421625614166,1.515947701591358e-06,1.0,783.0
4,1000,0.2,0.8999999761581421,0.8999999165534973,all_open,30.0,0.3845473527908325,0.2170795798301696,1.031476646237348e-06,0.0011290535330772,221.99999999999167,1.0,0.52,50.79999999999711,0.3006421625614166,1.515947701591358e-06,1.0,783.0
4,1000,0.2,0.8999999761581421,0.8999999165534973,all_open,100.0,0.3137636482715606,0.2623765766620636,1.2144152928411268e-06,0.0019903625361621,666.0000000000829,1.0,0.514,150.8000000000343,0.3006421625614166,1.515947701591358e-06,1.0,783.0
4,1000,0.2,0.8999999761581421,0.8999999165534973,all_open,300.0,0.2856051325798034,0.2346916943788528,1.1343875753077629e-06,0.0019988119602203,1984.99999999929,1.0,0.521,604.1999999994505,0.3006421625614166,1.515947701591358e-06,1.0,783.0
4,1000,0.3,0.5,0.5,random,0.1000000014901161,0.5123400092124939,0.1482176184654235,1.0207840469988305e-05,7.006623263805523e-07,274.99999999999403,1.0,0.522,50.10000000000253,0.2605284750461578,1.311799906034139e-06,1.0,379.0
4,1000,0.3,0.5,0.5,random,0.3000000119209289,0.55756676197052,0.1460465788841247,0.0003616985144242,5.31681980646681e-05,260.99999999999085,1.0,0.517,50.8999999999985,0.2605284750461578,1.311799906034139e-06,1.0,379.0
4,1000,0.3,0.5,0.5,random,1.0,0.6176553964614868,0.1388902813196182,5.511927156667155e-06,2.3665993467147928e-06,118.99999999999751,1.0,0.51,50.09999999999715,0.2605284750461578,1.311799906034139e-06,1.0,379.0
4,1000,0.3,0.5,0.5,random,3.0,0.5737613439559937,0.1584264934062957,2.476128309563091e-06,4.020307642349508e-06,391.0000000000204,1.0,0.486,50.90000000001157,0.2605284750461578,1.311799906034139e-06,1.0,379.0
4,1000,0.3,0.5,0.5,random,10.0,0.4983565211296081,0.1833540946245193,1.1701077884888197e-06,3.43276587955188e-05,289.99999999999744,1.0,0.489,50.60000000000676,0.2605284750461578,1.311799906034139e-06,1.0,379.0
4,1000,0.3,0.5,0.5,random,30.0,0.5174878835678101,0.1718347519636154,2.2750840914990905e-06,0.0001441449567209,459.0000000000359,1.0,0.497,50.70000000001153,0.2605284750461578,1.311799906034139e-06,1.0,379.0
4,1000,0.3,0.5,0.5,random,100.0,0.4533699452877044,0.1919880658388137,8.266037094569921e-07,0.0016954066231846,1724.9999999995266,1.0,0.503,50.39999999995416,0.2605284750461578,1.311799906034139e-06,1.0,379.0
4,1000,0.3,0.5,0.5,random,300.0,0.495503157377243,0.1839154064655304,1.1363110240734312e-06,0.0019992364104837,2800.999999998548,1.0,0.485,193.499999999824,0.2605284750461578,1.311799906034139e-06,1.0,379.0
4,1000,0.3,0.5,0.5,all_open,0.1000000014901161,0.6166959404945374,0.141840174794197,3.188084598517484e-05,2.099071480188286e-06,121.99999999999734,1.0,0.515,50.89999999999711,0.2605284750461578,1.311799906034139e-06,1.0,379.0
4,1000,0.3,0.5,0.5,all_open,0.3000000119209289,0.59859699010849,0.1354321837425232,8.840376448188941e-06,1.2618309028766816e-06,111.99999999999793,1.0,0.519,50.2999999999973,0.2605284750461578,1.311799906034139e-06,1.0,379.0
4,1000,0.3,0.5,0.5,all_open,1.0,0.6154930591583252,0.1590752601623535,4.913071233236008e-05,2.417206451355014e-05,162.99999999999503,1.0,0.512,50.29999999999716,0.2605284750461578,1.311799906034139e-06,1.0,379.0
4,1000,0.3,0.5,0.5,all_open,3.0,0.5709913969039917,0.1678211838006973,8.348473916011434e-05,0.0001106078416341,231.9999999999911,1.0,0.487,50.399999999997135,0.2605284750461578,1.311799906034139e-06,1.0,379.0
4,1000,0.3,0.5,0.5,all_open,10.0,0.4687569737434387,0.1764839738607406,1.1552187436333345e-05,0.0001133414189098,121.99999999999734,1.0,0.51,50.59999999999712,0.2605284750461578,1.311799906034139e-06,1.0,379.0
4,1000,0.3,0.5,0.5,all_open,30.0,0.3311815559864044,0.2059152424335479,9.345081961370156e-07,0.0016847602091729,217.9999999999919,1.0,0.517,50.89999999999711,0.2605284750461578,1.311799906034139e-06,1.0,379.0
4,1000,0.3,0.5,0.5,all_open,100.0,0.253662496805191,0.2115829288959503,1.0912629580224222e-06,0.0012315060012042,711.0000000000931,1.0,0.481,50.40000000001146,0.2605284750461578,1.311799906034139e-06,1.0,379.0
4,1000,0.3,0.5,0.5,all_open,300.0,0.2605327069759369,0.2126849591732025,9.519240319189544e-07,0.0019337984267622,1976.9999999992967,1.0,0.477,50.19999999995434,0.2605284750461578,1.311799906034139e-06,1.0,379.0
4,1000,0.3,0.699999988079071,0.699999988079071,random,0.1000000014901161,0.6558839678764343,0.1297251433134079,7.264598693233047e-06,4.795531367562944e-07,503.0000000000459,1.0,0.504,50.90000000001157,0.2268450111150741,1.4731815554114291e-06,1.0,379.0
4,1000,0.3,0.699999988079071,0.699999988079071,random,0.3000000119209289,0.6734616756439209,0.1378977596759796,1.3865317629138554e-06,1.736529071649784e-07,251.99999999999,1.0,0.509,50.59999999999712,0.2268450111150741,1.4731815554114291e-06,1.0,379.0
4,1000,0.3,0.699999988079071,0.699999988079071,random,1.0,0.7035360336303711,0.124063566327095,2.899364290183532e-06,1.1547575695658452e-06,143.9999999999961,1.0,0.51,50.79999999999713,0.2268450111150741,1.4731815554114291e-06,1.0,379.0
4,1000,0.3,0.699999988079071,0.699999988079071,random,3.0,0.6584610342979431,0.1523729264736175,1.2188899358318938e-06,1.615863538972917e-06,161.99999999999508,1.0,0.486,50.49999999999714,0.2268450111150741,1.4731815554114291e-06,1.0,379.0
4,1000,0.3,0.699999988079071,0.699999988079071,random,10.0,0.6817277669906616,0.1351808458566665,0.0003275657534653,0.0012677209451794,210.9999999999923,1.0,0.503,50.89999999999711,0.2268450111150741,1.4731815554114291e-06,1.0,379.0
4,1000,0.3,0.699999988079071,0.699999988079071,random,30.0,0.6002451181411743,0.1780192553997039,1.6685800950067914e-06,0.0012759501114487,471.0000000000386,1.0,0.508,50.90000000001157,0.2268450111150741,1.4731815554114291e-06,1.0,379.0
4,1000,0.3,0.699999988079071,0.699999988079071,random,100.0,0.541618824005127,0.1628931015729904,1.3219647858920232e-06,0.0013571551535278,1860.999999999403,1.0,0.493,50.49999999995407,0.2268450111150741,1.4731815554114291e-06,1.0,379.0
4,1000,0.3,0.699999988079071,0.699999988079071,random,300.0,0.5253520011901855,0.1895380765199661,1.2843295543414184e-06,0.0019950773566961,3661.999999997765,1.0,0.496,115.49999999989495,0.2268450111150741,1.4731815554114291e-06,1.0,379.0
4,1000,0.3,0.699999988079071,0.699999988079071,all_open,0.1000000014901161,0.6710764169692993,0.1329953819513321,7.979387693834248e-06,5.502507178789529e-07,236.9999999999908,1.0,0.512,50.19999999999715,0.2268450111150741,1.4731815554114291e-06,1.0,379.0
4,1000,0.3,0.699999988079071,0.699999988079071,all_open,0.3000000119209289,0.7095513939857483,0.1257868707180023,1.1286123801602393e-05,1.6143770835697069e-06,171.99999999999451,1.0,0.492,50.99999999999712,0.2268450111150741,1.4731815554114291e-06,1.0,379.0
4,1000,0.3,0.699999988079071,0.699999988079071,all_open,1.0,0.7250993847846985,0.1287645697593689,1.7385067016379707e-05,7.68814697948983e-06,147.99999999999588,1.0,0.504,50.49999999999714,0.2268450111150741,1.4731815554114291e-06,1.0,379.0
4,1000,0.3,0.699999988079071,0.699999988079071,all_open,3.0,0.6530674695968628,0.1416350156068802,6.961940704009069e-05,9.865773608908056e-05,318.0000000000038,1.0,0.504,50.60000000001151,0.2268450111150741,1.4731815554114291e-06,1.0,379.0
4,1000,0.3,0.699999988079071,0.699999988079071,all_open,10.0,0.5666943788528442,0.1527489274740219,2.00548123131518e-06,2.085067353618797e-05,128.99999999999696,1.0,0.498,50.79999999999713,0.2268450111150741,1.4731815554114291e-06,1.0,379.0
4,1000,0.3,0.699999988079071,0.699999988079071,all_open,30.0,0.341740071773529,0.1874805241823196,1.3080430057277022e-06,0.0002341649669688,322.0000000000047,1.0,0.492,50.80000000001155,0.2268450111150741,1.4731815554114291e-06,1.0,379.0
4,1000,0.3,0.699999988079071,0.699999988079071,all_open,100.0,0.2398273050785064,0.2296999543905258,1.1003273323513545e-06,0.0019043387146666,676.0000000000852,1.0,0.491,50.10000000001139,0.2268450111150741,1.4731815554114291e-06,1.0,379.0
4,1000,0.3,0.699999988079071,0.699999988079071,all_open,300.0,0.2221975475549698,0.2123145759105682,9.122810541227974e-07,0.001999202882871,2004.999999999272,1.0,0.482,625.0999999994315,0.2268450111150741,1.4731815554114291e-06,1.0,379.0
4,1000,0.3,0.8999999761581421,0.8999999761581421,random,0.1000000014901161,0.7313498258590698,0.110909603536129,9.700092786027854e-06,6.060339501345879e-07,263.9999999999916,1.0,0.491,50.89999999999935,0.1737871021032333,7.051241027511424e-06,1.0,379.0
4,1000,0.3,0.8999999761581421,0.8999999761581421,random,0.3000000119209289,0.7686154246330261,0.1120143756270408,3.4747729752314595e-06,4.383414591302426e-07,194.9999999999932,1.0,0.496,50.09999999999715,0.1737871021032333,7.051241027511424e-06,1.0,379.0
4,1000,0.3,0.8999999761581421,0.8999999761581421,random,1.0,0.7059352397918701,0.1301575899124145,1.4901701998378494e-06,6.350003900479351e-07,406.0000000000238,1.0,0.482,50.60000000001151,0.1737871021032333,7.051241027511424e-06,1.0,379.0
4,1000,0.3,0.8999999761581421,0.8999999761581421,random,3.0,0.7327077388763428,0.1311171203851699,7.040221141451382e-06,1.0620791726978496e-05,229.9999999999912,1.0,0.497,50.69999999999712,0.1737871021032333,7.051241027511424e-06,1.0,379.0
4,1000,0.3,0.8999999761581421,0.8999999761581421,random,10.0,0.7470450401306152,0.1223504468798637,6.831600966752256e-06,3.783663851208985e-05,485.0000000000418,1.0,0.511,50.00000000001137,0.1737871021032333,7.051241027511424e-06,1.0,379.0
4,1000,0.3,0.8999999761581421,0.8999999761581421,random,30.0,0.7166134119033813,0.1389076709747314,2.565788558913153e-06,0.0009993897983804,334.00000000000745,1.0,0.491,50.40000000001146,0.1737871021032333,7.051241027511424e-06,1.0,379.0
4,1000,0.3,0.8999999761581421,0.8999999761581421,random,100.0,0.6329019665718079,0.1609481275081634,9.204043827146976e-07,0.0018233336741104,1336.9999999998795,1.0,0.491,50.39999999995416,0.1737871021032333,7.051241027511424e-06,1.0,379.0
4,1000,0.3,0.8999999761581421,0.8999999761581421,random,300.0,0.6225734353065491,0.1868814975023269,1.063568853558415e-06,0.0019965299870818,3738.999999997695,1.0,0.5,99.4999999999095,0.1737871021032333,7.051241027511424e-06,1.0,379.0
4,1000,0.3,0.8999999761581421,0.8999999761581421,all_open,0.1000000014901161,0.7188481688499451,0.1421850621700287,1.3114698980509462e-05,8.295459110740921e-07,372.0000000000161,1.0,0.486,50.20000000001141,0.1737871021032333,7.051241027511424e-06,1.0,379.0
4,1000,0.3,0.8999999761581421,0.8999999761581421,all_open,0.3000000119209289,0.8070198893547058,0.1118322908878326,1.8594690807929667e-05,2.870170646929182e-06,181.99999999999395,1.0,0.489,50.19999999999715,0.1737871021032333,7.051241027511424e-06,1.0,379.0
4,1000,0.3,0.8999999761581421,0.8999999761581421,all_open,1.0,0.8144748210906982,0.1147581189870834,1.123579530440892e-06,5.261849196358526e-07,352.00000000001154,1.0,0.512,50.00000000001137,0.1737871021032333,7.051241027511424e-06,1.0,379.0
4,1000,0.3,0.8999999761581421,0.8999999761581421,all_open,3.0,0.757096529006958,0.1244532465934753,2.059555781635814e-06,2.999115395141416e-06,122.99999999999729,1.0,0.504,50.19999999999715,0.1737871021032333,7.051241027511424e-06,1.0,379.0
4,1000,0.3,0.8999999761581421,0.8999999761581421,all_open,10.0,0.5913735628128052,0.1493740379810333,4.3146855992507816e-05,0.0003671611775644,369.0000000000154,1.0,0.498,50.30000000001144,0.1737871021032333,7.051241027511424e-06,1.0,379.0
4,1000,0.3,0.8999999761581421,0.8999999761581421,all_open,30.0,0.406602680683136,0.2132467627525329,9.306657625293484e-07,0.0015525280032306,210.9999999999923,1.0,0.519,50.69999999999712,0.1737871021032333,7.051241027511424e-06,1.0,379.0
4,1000,0.3,0.8999999761581421,0.8999999761581421,all_open,100.0,0.3137020170688629,0.2805697619915008,1.004257786127073e-06,0.0019884477369487,669.0000000000836,1.0,0.5,97.6000000000222,0.1737871021032333,7.051241027511424e-06,1.0,379.0
4,1000,0.3,0.8999999761581421,0.8999999761581421,all_open,300.0,0.2218367457389831,0.3004244863986969,9.962546076420076e-07,0.0019982540979981,1992.9999999992829,1.0,0.491,269.7999999997546,0.1737871021032333,7.051241027511424e-06,1.0,379.0
4,1000,0.4,0.5,0.5,random,0.1000000014901161,0.573593258857727,0.1606014221906662,8.943495173703503e-07,7.10054592900633e-08,229.9999999999912,1.0,0.496,50.49999999999713,0.2949571907520294,9.482497489443632e-07,1.0,423.0
4,1000,0.4,0.5,0.5,random,0.3000000119209289,0.5895127058029175,0.1518574655055999,0.0001236751938074,1.8827777239494022e-05,266.9999999999922,1.0,0.482,50.40000000000023,0.2949571907520294,9.482497489443632e-07,1.0,423.0
4,1000,0.4,0.5,0.5,random,1.0,0.585598886013031,0.1510402858257293,1.017904785637275e-06,4.726879581085086e-07,177.99999999999417,1.0,0.499,50.49999999999714,0.2949571907520294,9.482497489443632e-07,1.0,423.0
4,1000,0.4,0.5,0.5,random,3.0,0.5831054449081421,0.1669489741325378,9.330140028503316e-07,1.3902979389968095e-06,208.9999999999924,1.0,0.504,50.19999999999715,0.2949571907520294,9.482497489443632e-07,1.0,423.0
4,1000,0.4,0.5,0.5,random,10.0,0.5491511225700378,0.1797659546136856,6.77808477854401e-05,0.0003798824909608,397.00000000002177,1.0,0.52,50.70000000001153,0.2949571907520294,9.482497489443632e-07,1.0,423.0
4,1000,0.4,0.5,0.5,random,30.0,0.5371585488319397,0.1972129791975021,1.2764807191003982e-06,0.000420761789428,563.0000000000595,1.0,0.508,50.10000000001139,0.2949571907520294,9.482497489443632e-07,1.0,423.0
4,1000,0.4,0.5,0.5,random,100.0,0.4554417729377746,0.1663091480731964,8.046474345046514e-07,0.0019823662005364,955.0000000001486,1.0,0.494,176.70000000004018,0.2949571907520294,9.482497489443632e-07,1.0,423.0
4,1000,0.4,0.5,0.5,random,300.0,0.4158432781696319,0.1499377787113189,9.388542666158976e-07,0.0019942445214837,3619.999999997803,1.0,0.497,255.099999999768,0.2949571907520294,9.482497489443632e-07,1.0,423.0
4,1000,0.4,0.5,0.5,all_open,0.1000000014901161,0.5779251456260681,0.1739396154880523,1.0797038506729586e-06,7.495876275243063e-08,424.0000000000279,1.0,0.509,50.20000000001141,0.2949571907520294,9.482497489443632e-07,1.0,423.0
4,1000,0.4,0.5,0.5,all_open,0.3000000119209289,0.595081627368927,0.1455001831054687,9.158107025654104e-07,1.0653818094397138e-07,261.9999999999911,1.0,0.511,50.5999999999988,0.2949571907520294,9.482497489443632e-07,1.0,423.0
4,1000,0.4,0.5,0.5,all_open,1.0,0.6435856223106384,0.1625587046146392,2.401814067261581e-05,1.1532461940078065e-05,228.99999999999127,1.0,0.504,50.59999999999712,0.2949571907520294,9.482497489443632e-07,1.0,423.0
4,1000,0.4,0.5,0.5,all_open,3.0,0.5949016213417053,0.1641206294298172,1.1050780339798698e-06,1.4855329482088564e-06,149.99999999999577,1.0,0.499,50.69999999999713,0.2949571907520294,9.482497489443632e-07,1.0,423.0
4,1000,0.4,0.5,0.5,all_open,10.0,0.5002569556236267,0.1695728749036789,1.1736597301042773e-06,3.248103166697547e-05,166.9999999999948,1.0,0.503,50.59999999999714,0.2949571907520294,9.482497489443632e-07,1.0,423.0
4,1000,0.4,0.5,0.5,all_open,30.0,0.4201127290725708,0.1852303743362426,1.0395818040136332e-06,0.0008039561798796,233.999999999991,1.0,0.485,50.89999999999711,0.2949571907520294,9.482497489443632e-07,1.0,423.0
4,1000,0.4,0.5,0.5,all_open,100.0,0.3082382678985595,0.1793732047080993,1.1730328034600792e-06,0.001992326695472,666.0000000000829,1.0,0.502,62.300000000014165,0.2949571907520294,9.482497489443632e-07,1.0,423.0
4,1000,0.4,0.5,0.5,all_open,300.0,0.2985050976276397,0.1903323233127594,1.0903990280143848e-06,0.0019949914421886,1983.999999999291,1.0,0.507,221.39999999979864,0.2949571907520294,9.482497489443632e-07,1.0,423.0
4,1000,0.4,0.699999988079071,0.699999988079071,random,0.1000000014901161,0.6788660883903503,0.148061066865921,9.684011956824215e-07,6.71308342248267e-08,289.99999999999744,1.0,0.508,50.20000000000678,0.2949571907520294,1.0487979125173297e-06,1.0,423.0
4,1000,0.4,0.699999988079071,0.699999988079071,random,0.3000000119209289,0.6662501096725464,0.1376971751451492,9.872971937169805e-07,1.1619214745905992e-07,112.99999999999784,1.0,0.491,50.49999999999724,0.2949571907520294,1.0487979125173297e-06,1.0,423.0
4,1000,0.4,0.699999988079071,0.699999988079071,random,1.0,0.6613922119140625,0.1345492899417877,9.538756621947082e-07,4.1501007785882393e-07,328.0000000000061,1.0,0.519,50.60000000001151,0.2949571907520294,1.0487979125173297e-06,1.0,423.0
4,1000,0.4,0.699999988079071,0.699999988079071,random,3.0,0.6560039520263672,0.1610193103551864,9.801427271224723e-07,1.3013550415053032e-06,172.99999999999446,1.0,0.501,50.29999999999716,0.2949571907520294,1.0487979125173297e-06,1.0,423.0
4,1000,0.4,0.699999988079071,0.699999988079071,random,10.0,0.6441227793693542,0.1680960059165954,7.152565733429458e-06,4.859723412664607e-05,279.9999999999952,1.0,0.495,50.9000000000039,0.2949571907520294,1.0487979125173297e-06,1.0,423.0
4,1000,0.4,0.699999988079071,0.699999988079071,random,30.0,0.6239399313926697,0.1682526916265487,1.3329178526491353e-06,0.0007351861568167,413.0000000000254,1.0,0.498,50.90000000001157,0.2949571907520294,1.0487979125173297e-06,1.0,423.0
4,1000,0.4,0.699999988079071,0.699999988079071,random,100.0,0.594192624092102,0.1635006070137024,9.788250063855515e-07,0.0019846039358526,1117.0000000000796,1.0,0.502,53.29999999995152,0.2949571907520294,1.0487979125173297e-06,1.0,423.0
4,1000,0.4,0.699999988079071,0.699999988079071,random,300.0,0.5330725312232971,0.181809976696968,1.263821836038155e-06,0.0019950426649302,3554.9999999978622,1.0,0.504,290.3999999997359,0.2949571907520294,1.0487979125173297e-06,1.0,423.0
4,1000,0.4,0.699999988079071,0.699999988079071,all_open,0.1000000014901161,0.6944721937179565,0.154602900147438,1.262715342385875e-06,9.915741827626334e-08,131.9999999999968,1.0,0.503,50.29999999999716,0.2949571907520294,1.0487979125173297e-06,1.0,423.0
4,1000,0.4,0.699999988079071,0.699999988079071,all_open,0.3000000119209289,0.7052942514419556,0.1541892290115356,0.0003916472898782,6.481643504230306e-05,217.9999999999919,1.0,0.506,50.69999999999712,0.2949571907520294,1.0487979125173297e-06,1.0,423.0
4,1000,0.4,0.699999988079071,0.699999988079071,all_open,1.0,0.7534384727478027,0.1531541496515274,1.3269077119777543e-06,5.327947292244062e-07,216.999999999992,1.0,0.517,50.59999999999712,0.2949571907520294,1.0487979125173297e-06,1.0,423.0
4,1000,0.4,0.699999988079071,0.699999988079071,all_open,3.0,0.7013108134269714,0.1672852486371994,1.692462475958636e-06,2.1382154500315664e-06,321.0000000000045,1.0,0.505,50.30000000001144,0.2949571907520294,1.0487979125173297e-06,1.0,423.0
4,1000,0.4,0.699999988079071,0.699999988079071,all_open,10.0,0.5502721667289734,0.1803014576435089,0.0001513588691119,0.0006206079269759,225.99999999999145,1.0,0.503,50.399999999997135,0.2949571907520294,1.0487979125173297e-06,1.0,423.0
4,1000,0.4,0.699999988079071,0.699999988079071,all_open,30.0,0.4260109066963196,0.1656546294689178,1.005222712036554e-06,0.00049235165352,259.9999999999906,1.0,0.482,50.59999999999823,0.2949571907520294,1.0487979125173297e-06,1.0,423.0
4,1000,0.4,0.699999988079071,0.699999988079071,all_open,100.0,0.3099153339862823,0.1815419942140579,9.511704662513266e-07,0.0013430719263851,704.0000000000915,1.0,0.508,50.00000000001137,0.2949571907520294,1.0487979125173297e-06,1.0,423.0
4,1000,0.4,0.699999988079071,0.699999988079071,all_open,300.0,0.2949732542037964,0.1875780075788498,1.0426213066334504e-06,0.0019949642010033,1979.9999999992947,1.0,0.501,207.29999999981143,0.2949571907520294,1.0487979125173297e-06,1.0,423.0
4,1000,0.4,0.8999999761581421,0.8999998569488525,random,0.1000000014901161,0.7922158241271973,0.1655714809894561,1.515713258424801e-06,9.731706995808056e-08,196.9999999999931,1.0,0.49,50.69999999999712,0.2888717353343963,8.856849490257446e-06,1.0,423.0
4,1000,0.4,0.8999999761581421,0.8999998569488525,random,0.3000000119209289,0.7835400104522705,0.1534046381711959,7.953173017355755e-07,1.040048331901744e-07,138.9999999999964,1.0,0.491,50.29999999999716,0.2888717353343963,8.856849490257446e-06,1.0,423.0
4,1000,0.4,0.8999999761581421,0.8999998569488525,random,1.0,0.7760336399078369,0.1407331824302673,1.077259302175773e-06,4.5690339334214514e-07,159.9999999999952,1.0,0.494,50.39999999999715,0.2888717353343963,8.856849490257446e-06,1.0,423.0
4,1000,0.4,0.8999999761581421,0.8999998569488525,random,3.0,0.7447757720947266,0.1550082713365554,8.72503030245815e-07,1.382614868816745e-06,202.99999999999275,1.0,0.511,50.69999999999712,0.2888717353343963,8.856849490257446e-06,1.0,423.0
4,1000,0.4,0.8999999761581421,0.8999998569488525,random,10.0,0.697401225566864,0.1765981316566467,1.5663797517906507e-06,4.116774289286696e-05,245.9999999999903,1.0,0.503,50.89999999999711,0.2888717353343963,8.856849490257446e-06,1.0,423.0
4,1000,0.4,0.8999999761581421,0.8999998569488525,random,30.0,0.6850900650024414,0.1595147103071212,1.6059066565994483e-06,0.0005706822266802,308.00000000000153,1.0,0.492,50.40000000001146,0.2888717353343963,8.856849490257446e-06,1.0,423.0
4,1000,0.4,0.8999999761581421,0.8999998569488525,random,100.0,0.6716824769973755,0.1652575880289077,9.153051756840658e-07,0.0019846684299409,816.000000000117,1.0,0.497,173.10000000003936,0.2888717353343963,8.856849490257446e-06,1.0,423.0
4,1000,0.4,0.8999999761581421,0.8999998569488525,random,300.0,0.6499927043914795,0.1704708039760589,9.251275785571826e-07,0.0019945807289332,2523.9999999988,1.0,0.495,530.7999999995172,0.2888717353343963,8.856849490257446e-06,1.0,423.0
4,1000,0.4,0.8999999761581421,0.8999998569488525,all_open,0.1000000014901161,0.7934852838516235,0.1589615195989608,5.315340468346568e-06,3.468051374966308e-07,180.999999999994,1.0,0.481,50.29999999999714,0.2888717353343963,8.856849490257446e-06,1.0,423.0
4,1000,0.4,0.8999999761581421,0.8999998569488525,all_open,0.3000000119209289,0.7991442680358887,0.1614890545606613,1.6274928608170258e-06,1.9317255350870255e-07,124.99999999999716,1.0,0.491,50.59999999999712,0.2888717353343963,8.856849490257446e-06,1.0,423.0
4,1000,0.4,0.8999999761581421,0.8999998569488525,all_open,1.0,0.8022846579551697,0.1555691510438919,4.943118068483957e-06,2.0544009657896822e-06,121.99999999999734,1.0,0.512,50.09999999999715,0.2888717353343963,8.856849490257446e-06,1.0,423.0
4,1000,0.4,0.8999999761581421,0.8999998569488525,all_open,3.0,0.7401144504547119,0.1588592231273651,2.4651627506533184e-05,3.797699173446745e-05,201.9999999999928,1.0,0.501,50.89999999999711,0.2888717353343963,8.856849490257446e-06,1.0,423.0
4,1000,0.4,0.8999999761581421,0.8999998569488525,all_open,10.0,0.5385749936103821,0.1928921490907669,9.782404612031851e-07,4.95227868668735e-06,216.999999999992,1.0,0.501,50.9999999999971,0.2888717353343963,8.856849490257446e-06,1.0,423.0
4,1000,0.4,0.8999999761581421,0.8999998569488525,all_open,30.0,0.4387180805206299,0.1789796501398086,1.0277605947808669e-06,0.0004477253532968,249.99999999999008,1.0,0.498,50.49999999999713,0.2888717353343963,8.856849490257446e-06,1.0,423.0
4,1000,0.4,0.8999999761581421,0.8999998569488525,all_open,100.0,0.3232636451721191,0.1847361773252487,1.0707613015587668e-06,0.0019897858146578,667.0000000000831,1.0,0.501,51.40000000001169,0.2888717353343963,8.856849490257446e-06,1.0,423.0
4,1000,0.4,0.8999999761581421,0.8999998569488525,all_open,300.0,0.3002413809299469,0.183749184012413,9.614391546025968e-07,0.0019986254628747,1976.9999999992967,1.0,0.483,361.89999999967085,0.2888717353343963,8.856849490257446e-06,1.0,423.0
4,1000,0.5,0.5,0.5,random,0.1000000014901161,0.5090531706809998,0.1576158553361892,8.42189568707878e-07,5.971185856878948e-08,288.9999999999972,1.0,0.512,50.1000000000065,0.2273987680673599,1.0964597549900643e-06,1.0,581.0
4,1000,0.5,0.5,0.5,random,0.3000000119209289,0.5103108882904053,0.1668611168861389,8.89462265701697e-07,8.918097194055009e-08,412.0000000000252,1.0,0.508,50.60000000001151,0.2273987680673599,1.0964597549900643e-06,1.0,581.0
4,1000,0.5,0.5,0.5,random,1.0,0.5220547318458557,0.1728100776672363,9.000472519506513e-07,4.016185641830816e-07,265.999999999992,1.0,0.518,50.49999999999994,0.2273987680673599,1.0964597549900643e-06,1.0,581.0
4,1000,0.5,0.5,0.5,random,3.0,0.4823834896087646,0.1555061340332031,6.666556193379257e-06,9.351288099423982e-06,278.99999999999494,1.0,0.514,50.50000000000364,0.2273987680673599,1.0964597549900643e-06,1.0,581.0
4,1000,0.5,0.5,0.5,random,10.0,0.4554173052310943,0.1688262671232223,1.0374735183281388e-06,4.8788293497636914e-05,178.99999999999412,1.0,0.53,50.29999999999714,0.2273987680673599,1.0964597549900643e-06,1.0,581.0
4,1000,0.5,0.5,0.5,random,30.0,0.4449880421161651,0.147354707121849,9.10058693312183e-07,0.0003257057105656,479.0000000000404,1.0,0.523,50.60000000001151,0.2273987680673599,1.0964597549900643e-06,1.0,581.0
4,1000,0.5,0.5,0.5,random,100.0,0.4451474547386169,0.1692949086427688,9.165992925809966e-07,0.0018904166063293,1485.999999999744,1.0,0.517,50.099999999954434,0.2273987680673599,1.0964597549900643e-06,1.0,581.0
4,1000,0.5,0.5,0.5,random,300.0,0.422472208738327,0.1522881984710693,1.0065617527709732e-06,0.0019950114656239,3486.999999997924,1.0,0.536,133.89999999987822,0.2273987680673599,1.0964597549900643e-06,1.0,581.0
4,1000,0.5,0.5,0.5,all_open,0.1000000014901161,0.4743196368217468,0.1612837463617324,2.6916614657517e-06,1.841534356117336e-07,173.9999999999944,1.0,0.483,50.79999999999713,0.2273987680673599,1.0964597549900643e-06,1.0,581.0
4,1000,0.5,0.5,0.5,all_open,0.3000000119209289,0.5236238241195679,0.1508587002754211,1.879175367576523e-06,2.364151043821039e-07,278.99999999999494,1.0,0.489,50.60000000000363,0.2273987680673599,1.0964597549900643e-06,1.0,581.0
4,1000,0.5,0.5,0.5,all_open,1.0,0.5740594267845154,0.1725613474845886,8.769317288961282e-07,4.036985501443269e-07,277.9999999999947,1.0,0.49,50.90000000000333,0.2273987680673599,1.0964597549900643e-06,1.0,581.0
4,1000,0.5,0.5,0.5,all_open,3.0,0.5029489994049072,0.1743516772985458,1.095037883162619e-06,1.3070637123746565e-06,145.999999999996,1.0,0.497,50.99999999999712,0.2273987680673599,1.0964597549900643e-06,1.0,581.0
4,1000,0.5,0.5,0.5,all_open,10.0,0.3709233999252319,0.1935794800519943,1.0857066865354935e-06,2.852973557310179e-05,237.9999999999908,1.0,0.502,50.19999999999715,0.2273987680673599,1.0964597549900643e-06,1.0,581.0
4,1000,0.5,0.5,0.5,all_open,30.0,0.3049865961074829,0.2151771783828735,1.1890727864232307e-06,0.0019711796194314,226.9999999999914,1.0,0.504,56.199999999996805,0.2273987680673599,1.0964597549900643e-06,1.0,581.0
4,1000,0.5,0.5,0.5,all_open,100.0,0.287299245595932,0.2039020955562591,1.194769743173729e-06,0.0018758393125608,679.0000000000858,1.0,0.494,50.30000000001144,0.2273987680673599,1.0964597549900643e-06,1.0,581.0
4,1000,0.5,0.5,0.5,all_open,300.0,0.2452448904514312,0.2262116372585296,1.0844521630119611e-06,0.0019989220891147,2000.999999999276,1.0,0.517,419.7999999996182,0.2273987680673599,1.0964597549900643e-06,1.0,581.0
4,1000,0.5,0.699999988079071,0.6999999284744263,random,0.1000000014901161,0.6015838384628296,0.1535866409540176,9.42720713105632e-07,6.240335892471195e-08,131.9999999999968,1.0,0.484,50.89999999999712,0.2884373664855957,1.057435838447418e-06,1.0,581.0
4,1000,0.5,0.699999988079071,0.6999999284744263,random,0.3000000119209289,0.6075387597084045,0.1505014896392822,0.0003275406821159,5.271828194963746e-05,103.99999999999837,1.0,0.509,50.99999999999788,0.2884373664855957,1.057435838447418e-06,1.0,581.0
4,1000,0.5,0.699999988079071,0.6999999284744263,random,1.0,0.6190553903579712,0.147048607468605,1.1834997648185148e-06,4.6788463237135147e-07,138.9999999999964,1.0,0.504,50.19999999999716,0.2884373664855957,1.057435838447418e-06,1.0,581.0
4,1000,0.5,0.699999988079071,0.6999999284744263,random,3.0,0.6151212453842163,0.1547218710184097,9.698835300910709e-07,1.3962318234916893e-06,461.0000000000363,1.0,0.504,50.90000000001157,0.2884373664855957,1.057435838447418e-06,1.0,581.0
4,1000,0.5,0.699999988079071,0.6999999284744263,random,10.0,0.5324968695640564,0.1643145680427551,9.436378792021244e-07,5.0081260269507766e-05,332.000000000007,1.0,0.511,50.70000000001153,0.2884373664855957,1.057435838447418e-06,1.0,581.0
4,1000,0.5,0.699999988079071,0.6999999284744263,random,30.0,0.5074455738067627,0.147069364786148,1.0042206401033564e-06,0.0006713777547702,570.000000000061,1.0,0.5,50.50000000001148,0.2884373664855957,1.057435838447418e-06,1.0,581.0
4,1000,0.5,0.699999988079071,0.6999999284744263,random,100.0,0.4598897397518158,0.1811374276876449,1.0267815963511962e-06,0.001528070308268,1548.999999999687,1.0,0.509,50.39999999995416,0.2884373664855957,1.057435838447418e-06,1.0,581.0
4,1000,0.5,0.699999988079071,0.6999999284744263,random,300.0,0.4534141421318054,0.1848562657833099,1.04978521975038e-06,0.001775074750185,5412.000000002157,1.0,0.488,50.50000000018372,0.2884373664855957,1.057435838447418e-06,1.0,581.0
4,1000,0.5,0.699999988079071,0.6999999284744263,all_open,0.1000000014901161,0.5677817463874817,0.1531229317188263,9.03286209360398e-07,6.447106670748326e-08,199.99999999999287,1.0,0.49,50.09999999999715,0.2884373664855957,1.057435838447418e-06,1.0,581.0
4,1000,0.5,0.699999988079071,0.6999999284744263,all_open,0.3000000119209289,0.6311048269271851,0.1406819522380828,3.7597060322055775e-06,5.11480550358101e-07,168.99999999999469,1.0,0.495,50.69999999999713,0.2884373664855957,1.057435838447418e-06,1.0,581.0
4,1000,0.5,0.699999988079071,0.6999999284744263,all_open,1.0,0.6444366574287415,0.1509099155664444,1.156818970124119e-06,4.92487572500977e-07,187.9999999999936,1.0,0.484,50.09999999999715,0.2884373664855957,1.057435838447418e-06,1.0,581.0
4,1000,0.5,0.699999988079071,0.6999999284744263,all_open,3.0,0.602941632270813,0.1717088371515274,1.1359867701653716e-06,1.5514065125898924e-06,403.0000000000232,1.0,0.504,50.90000000001157,0.2884373664855957,1.057435838447418e-06,1.0,581.0
4,1000,0.5,0.699999988079071,0.6999999284744263,all_open,10.0,0.4567961990833282,0.1893927752971649,8.886322496416856e-06,4.809065649169497e-05,236.9999999999908,1.0,0.512,50.399999999997135,0.2884373664855957,1.057435838447418e-06,1.0,581.0
4,1000,0.5,0.699999988079071,0.6999999284744263,all_open,30.0,0.3201703429222107,0.2096959799528122,1.1536812447332118e-06,0.0005937659298069,239.99999999999065,1.0,0.517,50.29999999999714,0.2884373664855957,1.057435838447418e-06,1.0,581.0
4,1000,0.5,0.699999988079071,0.6999999284744263,all_open,100.0,0.3005322813987732,0.2134280353784561,1.1115248862369896e-06,0.0014848822029307,694.0000000000892,1.0,0.519,50.50000000001148,0.2884373664855957,1.057435838447418e-06,1.0,581.0
4,1000,0.5,0.699999988079071,0.6999999284744263,all_open,300.0,0.2891851365566253,0.1981643438339233,1.0791493850307586e-06,0.001994592603296,1982.999999999292,1.0,0.516,224.299999999796,0.2884373664855957,1.057435838447418e-06,1.0,581.0
4,1000,0.5,0.8999999761581421,0.8999998569488525,random,0.1000000014901161,0.6672390103340149,0.1550971269607544,1.5799486343695524e-06,1.1638858410378821e-07,615.0000000000713,1.0,0.492,50.90000000001157,0.1774612367153167,7.904951417003758e-06,1.0,581.0
4,1000,0.5,0.8999999761581421,0.8999998569488525,random,0.3000000119209289,0.6728460788726807,0.1523975282907486,8.664439696489417e-07,1.0819866957945125e-07,190.99999999999343,1.0,0.478,50.79999999999711,0.1774612367153167,7.904951417003758e-06,1.0,581.0
4,1000,0.5,0.8999999761581421,0.8999998569488525,random,1.0,0.6851394176483154,0.1530425548553466,9.068783258017016e-07,4.231112313846097e-07,141.99999999999622,1.0,0.501,50.099999999997166,0.1774612367153167,7.904951417003758e-06,1.0,581.0
4,1000,0.5,0.8999999761581421,0.8999998569488525,random,3.0,0.6620495319366455,0.1501312553882599,9.471920174188558e-07,1.3940403960077674e-06,226.9999999999914,1.0,0.479,50.29999999999714,0.1774612367153167,7.904951417003758e-06,1.0,581.0
4,1000,0.5,0.8999999761581421,0.8999998569488525,random,10.0,0.6265696287155151,0.1678442955017089,5.703310854029971e-06,0.0001293790701311,251.99999999999,1.0,0.502,50.19999999999715,0.1774612367153167,7.904951417003758e-06,1.0,581.0
4,1000,0.5,0.8999999761581421,0.8999998569488525,random,30.0,0.5593796372413635,0.193091332912445,1.2385779873667369e-06,0.0009955064160749,422.00000000002746,1.0,0.48,50.40000000001146,0.1774612367153167,7.904951417003758e-06,1.0,581.0
4,1000,0.5,0.8999999761581421,0.8999998569488525,random,100.0,0.5273961424827576,0.1721712350845337,9.871706604525866e-07,0.0019900244660675,1105.0000000000905,1.0,0.485,124.49999999993612,0.1774612367153167,7.904951417003758e-06,1.0,581.0
4,1000,0.5,0.8999999761581421,0.8999998569488525,random,300.0,0.4975353181362152,0.1519974619150161,9.73165438825716e-07,0.0019991386216133,3339.999999998058,1.0,0.487,51.69999999995298,0.1774612367153167,7.904951417003758e-06,1.0,581.0
4,1000,0.5,0.8999999761581421,0.8999998569488525,all_open,0.1000000014901161,0.6932262182235718,0.1589429825544357,9.020012923499068e-07,6.48354898657999e-08,154.99999999999548,1.0,0.491,50.89999999999712,0.1774612367153167,7.904951417003758e-06,1.0,581.0
4,1000,0.5,0.8999999761581421,0.8999998569488525,all_open,0.3000000119209289,0.709464430809021,0.1480178236961364,3.8485650928608784e-06,5.132340561431192e-07,92.999999999999,1.0,0.495,50.49999999999866,0.1774612367153167,7.904951417003758e-06,1.0,581.0
4,1000,0.5,0.8999999761581421,0.8999998569488525,all_open,1.0,0.6177023649215698,0.1474881172180175,9.506207719366446e-07,4.457663465018413e-07,290.99999999999767,1.0,0.51,50.60000000000704,0.1774612367153167,7.904951417003758e-06,1.0,581.0
4,1000,0.5,0.8999999761581421,0.8999998569488525,all_open,3.0,0.6416314244270325,0.1706909388303756,1.0185006311593154e-06,1.3290529068399335e-06,206.99999999999253,1.0,0.491,50.59999999999712,0.1774612367153167,7.904951417003758e-06,1.0,581.0
4,1000,0.5,0.8999999761581421,0.8999998569488525,all_open,10.0,0.5172798037528992,0.173351839184761,1.0927973391215574e-06,6.298402149695903e-05,145.999999999996,1.0,0.504,50.79999999999713,0.1774612367153167,7.904951417003758e-06,1.0,581.0
4,1000,0.5,0.8999999761581421,0.8999998569488525,all_open,30.0,0.3868254423141479,0.2015615701675415,1.1082701253011628e-06,0.0013514935271814,214.99999999999207,1.0,0.516,50.09999999999715,0.1774612367153167,7.904951417003758e-06,1.0,581.0
4,1000,0.5,0.8999999761581421,0.8999998569488525,all_open,100.0,0.2916259169578552,0.2082968354225158,1.0820351734547777e-06,0.0019858861342072,672.0000000000842,1.0,0.519,91.30000000002076,0.1774612367153167,7.904951417003758e-06,1.0,581.0
4,1000,0.5,0.8999999761581421,0.8999998569488525,all_open,300.0,0.2689585983753204,0.2075393050909042,1.112641526958646e-06,0.0019945537205785,1989.9999999992856,1.0,0.513,347.49999999968395,0.1774612367153167,7.904951417003758e-06,1.0,581.0
5,1000,0.1,0.5,0.4999999403953552,random,0.1000000014901161,0.8117640614509583,0.0979125872254371,1.1648768737004945e-06,6.024161791629012e-08,57.00000000000054,1.0,0.472,50.40000000000055,0.9916406273841858,1.7934014522325017e-06,1.0,30.0
5,1000,0.1,0.5,0.4999999403953552,random,0.3000000119209289,0.8303298354148865,0.1021955013275146,1.2883863401701958e-06,1.2043051356158685e-07,56.000000000000526,1.0,0.476,50.30000000000053,0.9916406273841858,1.7934014522325017e-06,1.0,30.0
5,1000,0.1,0.5,0.4999999403953552,random,1.0,0.8509631156921387,0.0983128026127815,1.2676881972588912e-06,4.39023096987512e-07,66.00000000000053,1.0,0.478,50.20000000000056,0.9916406273841858,1.7934014522325017e-06,1.0,30.0
5,1000,0.1,0.5,0.4999999403953552,random,3.0,0.8680610060691833,0.0943071916699409,1.1994420254213783e-06,1.3208235714046168e-06,75.00000000000001,1.0,0.477,50.59999999999994,0.9916406273841858,1.7934014522325017e-06,1.0,30.0
5,1000,0.1,0.5,0.4999999403953552,random,10.0,0.863250732421875,0.0917783081531524,1.0555992243993898e-06,2.46070048888214e-05,116.99999999999764,1.0,0.479,50.29999999999714,0.9916406273841858,1.7934014522325017e-06,1.0,30.0
5,1000,0.1,0.5,0.4999999403953552,random,30.0,0.8657280206680298,0.0906077772378921,1.2374365731941503e-06,0.0014184809988364,228.99999999999127,1.0,0.48,50.29999999999714,0.9916406273841858,1.7934014522325017e-06,1.0,30.0
5,1000,0.1,0.5,0.4999999403953552,random,100.0,0.8673474788665771,0.089643083512783,1.457696762585498e-06,0.0019894901197403,742.0000000001002,1.0,0.482,53.80000000001223,0.9916406273841858,1.7934014522325017e-06,1.0,30.0
5,1000,0.1,0.5,0.4999999403953552,random,300.0,0.8673689961433411,0.0896434411406517,1.6832623235162772e-06,0.0019980811048299,2229.999999999068,1.0,0.483,552.0999999994979,0.9916406273841858,1.7934014522325017e-06,1.0,30.0
5,1000,0.1,0.5,0.4999999403953552,all_open,0.1000000014901161,0.8552451133728027,0.0931379124522209,1.2428087313784818e-06,6.486776982228548e-08,61.0000000000006,1.0,0.471,50.50000000000062,0.9916406273841858,1.7934014522325017e-06,1.0,30.0
5,1000,0.1,0.5,0.4999999403953552,all_open,0.3000000119209289,0.9167468547821044,0.1047563031315803,1.3693747857879258e-06,1.2679173266860744e-07,66.00000000000053,1.0,0.483,50.50000000000057,0.9916406273841858,1.7934014522325017e-06,1.0,30.0
5,1000,0.1,0.5,0.4999999403953552,all_open,1.0,0.9724026918411256,0.0984680503606796,1.36294066813411e-06,5.117057071402087e-07,60.00000000000058,1.0,0.479,50.4000000000006,0.9916406273841858,1.7934014522325017e-06,1.0,30.0
5,1000,0.1,0.5,0.4999999403953552,all_open,3.0,0.9886686205863952,0.0925468578934669,1.443002829079251e-06,1.5736417253719992e-06,69.00000000000036,1.0,0.479,50.10000000000036,0.9916406273841858,1.7934014522325017e-06,1.0,30.0
5,1000,0.1,0.5,0.4999999403953552,all_open,10.0,0.9912850260734558,0.0911663174629211,1.350943527243011e-06,3.9275841118069366e-05,104.99999999999832,1.0,0.478,50.69999999999781,0.9916406273841858,1.7934014522325017e-06,1.0,30.0
5,1000,0.1,0.5,0.4999999403953552,all_open,30.0,0.991629123687744,0.0909124165773391,1.36091395263033e-06,0.0011591328075155,212.99999999999216,1.0,0.477,50.19999999999715,0.9916406273841858,1.7934014522325017e-06,1.0,30.0
5,1000,0.1,0.5,0.4999999403953552,all_open,100.0,0.9916393756866456,0.0909041166305542,1.4093840047050698e-06,0.0019843000918626,656.0000000000806,1.0,0.477,118.20000000002688,0.9916406273841858,1.7934014522325017e-06,1.0,30.0
5,1000,0.1,0.5,0.4999999403953552,all_open,300.0,0.991640567779541,0.0909041389822959,1.2666145394134903e-06,0.0019943010993301,1966.9999999993065,1.0,0.477,353.89999999967813,0.9916406273841858,1.7934014522325017e-06,1.0,30.0
5,1000,0.1,0.699999988079071,0.6999999284744263,random,0.1000000014901161,0.8873137831687927,0.0914378687739372,1.2379409636668655e-06,6.11210069223489e-08,56.000000000000526,1.0,0.474,50.500000000000526,0.9916406869888306,2.0851655335718533e-06,1.0,30.0
5,1000,0.1,0.699999988079071,0.6999999284744263,random,0.3000000119209289,0.9014500379562378,0.0920856595039367,1.2027661576195596e-06,1.1840081981517869e-07,59.00000000000057,1.0,0.467,50.00000000000058,0.9916406869888306,2.0851655335718533e-06,1.0,30.0
5,1000,0.1,0.699999988079071,0.6999999284744263,random,1.0,0.9128854274749756,0.0899696424603462,1.2360168010348111e-06,4.445602428404527e-07,65.00000000000058,1.0,0.472,50.70000000000061,0.9916406869888306,2.0851655335718533e-06,1.0,30.0
5,1000,0.1,0.699999988079071,0.6999999284744263,random,3.0,0.918301284313202,0.0924919322133064,1.3908011374578013e-06,1.312880840487196e-06,76.9999999999999,1.0,0.476,50.9999999999998,0.9916406869888306,2.0851655335718533e-06,1.0,30.0
5,1000,0.1,0.699999988079071,0.6999999284744263,random,10.0,0.9215312600135804,0.0910074412822723,1.4055557220688545e-06,3.383691000635736e-05,121.99999999999734,1.0,0.473,50.29999999999714,0.9916406869888306,2.0851655335718533e-06,1.0,30.0
5,1000,0.1,0.699999988079071,0.6999999284744263,random,30.0,0.9254961013793944,0.0876408070325851,1.3136885445610149e-06,0.0002188876533182,461.0000000000363,1.0,0.47,50.70000000001153,0.9916406869888306,2.0851655335718533e-06,1.0,30.0
5,1000,0.1,0.699999988079071,0.6999999284744263,random,100.0,0.9229488968849182,0.0875332504510879,1.5634184404573515e-06,0.0015227297553792,889.0000000001336,1.0,0.478,50.50000000001148,0.9916406869888306,2.0851655335718533e-06,1.0,30.0
5,1000,0.1,0.699999988079071,0.6999999284744263,random,300.0,0.9231712222099304,0.0872673019766807,1.389090887312737e-06,0.0019983160309493,2759.9999999985853,1.0,0.471,114.59999999989576,0.9916406869888306,2.0851655335718533e-06,1.0,30.0
5,1000,0.1,0.699999988079071,0.6999999284744263,all_open,0.1000000014901161,0.9246901869773864,0.0893991515040397,1.3022959233202563e-06,6.711177036322624e-08,56.000000000000526,1.0,0.478,50.40000000000053,0.9916406869888306,2.0851655335718533e-06,1.0,30.0
5,1000,0.1,0.699999988079071,0.6999999284744263,all_open,0.3000000119209289,0.9590311646461488,0.0961815863847732,1.4587007092097485e-06,1.337351278607457e-07,58.00000000000056,1.0,0.48,50.10000000000056,0.9916406869888306,2.0851655335718533e-06,1.0,30.0
5,1000,0.1,0.699999988079071,0.6999999284744263,all_open,1.0,0.9836021065711976,0.0944802835583686,1.391663301234532e-06,5.03368084991962e-07,61.0000000000006,1.0,0.479,50.30000000000062,0.9916406869888306,2.0851655335718533e-06,1.0,30.0
5,1000,0.1,0.699999988079071,0.6999999284744263,all_open,3.0,0.9911115765571594,0.0911705493927002,1.3305567948144294e-06,1.507358206254139e-06,71.00000000000024,1.0,0.48,50.40000000000022,0.9916406869888306,2.0851655335718533e-06,1.0,30.0
5,1000,0.1,0.699999988079071,0.6999999284744263,all_open,10.0,0.9917383790016174,0.0908232554793357,1.3150838186957402e-06,7.740592991467565e-06,122.99999999999729,1.0,0.478,50.19999999999715,0.9916406869888306,2.0851655335718533e-06,1.0,30.0
5,1000,0.1,0.699999988079071,0.6999999284744263,all_open,30.0,0.9916550517082214,0.0908918157219886,1.3018746945151158e-06,0.0012794877402484,209.99999999999235,1.0,0.477,50.49999999999713,0.9916406869888306,2.0851655335718533e-06,1.0,30.0
5,1000,0.1,0.699999988079071,0.6999999284744263,all_open,100.0,0.9916393756866456,0.0909041166305542,1.3895354678527964e-06,0.0019832162652164,656.0000000000806,1.0,0.477,118.3000000000269,0.9916406869888306,2.0851655335718533e-06,1.0,30.0
5,1000,0.1,0.699999988079071,0.6999999284744263,all_open,300.0,0.991640567779541,0.0909041240811348,1.355261862476206e-06,0.0019939597696065,1966.9999999993065,1.0,0.477,353.89999999967813,0.9916406869888306,2.0851655335718533e-06,1.0,30.0
5,1000,0.1,0.8999999761581421,0.9000000357627869,random,0.1000000014901161,0.9614294171333312,0.0861876383423805,1.3038403636920057e-06,6.285019082952203e-08,57.00000000000054,1.0,0.483,50.20000000000055,0.9916406869888306,2.5402243863936742e-06,1.0,30.0
5,1000,0.1,0.8999999761581421,0.9000000357627869,random,0.3000000119209289,0.9654635190963744,0.0872557535767555,1.3316683083510152e-06,1.3441274404613068e-07,59.00000000000057,1.0,0.482,50.30000000000058,0.9916406869888306,2.5402243863936742e-06,1.0,30.0
5,1000,0.1,0.8999999761581421,0.9000000357627869,random,1.0,0.9690882563591005,0.0874423533678054,1.3891554000724338e-06,4.786881504514895e-07,67.00000000000047,1.0,0.483,50.80000000000051,0.9916406869888306,2.5402243863936742e-06,1.0,30.0
5,1000,0.1,0.8999999761581421,0.9000000357627869,random,3.0,0.9706836938858032,0.0869411453604698,1.343347714105739e-06,1.4317712384581682e-06,75.99999999999996,1.0,0.482,50.599999999999866,0.9916406869888306,2.5402243863936742e-06,1.0,30.0
5,1000,0.1,0.8999999761581421,0.9000000357627869,random,10.0,0.9721601009368896,0.0862910971045494,1.378728340572943e-06,7.285276660695672e-05,101.99999999999848,1.0,0.48,50.59999999999802,0.9916406869888306,2.5402243863936742e-06,1.0,30.0
5,1000,0.1,0.8999999761581421,0.9000000357627869,random,30.0,0.9727837443351746,0.0858547836542129,1.3670718963100504e-06,0.0014286336954683,216.999999999992,1.0,0.482,50.79999999999711,0.9916406869888306,2.5402243863936742e-06,1.0,30.0
5,1000,0.1,0.8999999761581421,0.9000000357627869,random,100.0,0.9728517532348632,0.085808627307415,1.30758289805767e-06,0.0019974177703261,691.0000000000886,1.0,0.482,116.70000000002652,0.9916406869888306,2.5402243863936742e-06,1.0,30.0
5,1000,0.1,0.8999999761581421,0.9000000357627869,random,300.0,0.9728578329086304,0.0858022421598434,1.7329363541164553e-06,0.0019998280331492,2071.999999999211,1.0,0.482,364.999999999668,0.9916406869888306,2.5402243863936742e-06,1.0,30.0
5,1000,0.1,0.8999999761581421,0.9000000357627869,all_open,0.1000000014901161,0.9740636944770812,0.0907764807343483,1.2859229972629746e-06,6.523620044163182e-08,60.00000000000058,1.0,0.483,50.4000000000006,0.9916406869888306,2.5402243863936742e-06,1.0,30.0
5,1000,0.1,0.8999999761581421,0.9000000357627869,all_open,0.3000000119209289,0.9845919013023376,0.0920641347765922,1.3505412197632152e-06,1.3371328577704844e-07,59.00000000000057,1.0,0.478,50.90000000000058,0.9916406869888306,2.5402243863936742e-06,1.0,30.0
5,1000,0.1,0.8999999761581421,0.9000000357627869,all_open,1.0,0.991179347038269,0.0908809080719947,1.3605741452274388e-06,4.820423100682092e-07,62.00000000000061,1.0,0.479,50.30000000000064,0.9916406869888306,2.5402243863936742e-06,1.0,30.0
5,1000,0.1,0.8999999761581421,0.9000000357627869,all_open,3.0,0.9927297234535216,0.0901202112436294,1.4041198994730396e-06,1.4603023146264604e-06,73.00000000000013,1.0,0.476,50.20000000000008,0.9916406869888306,2.5402243863936742e-06,1.0,30.0
5,1000,0.1,0.8999999761581421,0.9000000357627869,all_open,10.0,0.9921835660934448,0.0904771387577056,1.3583357596224206e-06,2.3785427401890047e-05,109.99999999999802,1.0,0.477,50.999999999997456,0.9916406869888306,2.5402243863936742e-06,1.0,30.0
5,1000,0.1,0.8999999761581421,0.9000000357627869,all_open,30.0,0.9916772842407228,0.0908737927675247,1.2277119222457289e-06,0.0014127967879176,206.99999999999253,1.0,0.477,50.29999999999714,0.9916406869888306,2.5402243863936742e-06,1.0,30.0
5,1000,0.1,0.8999999761581421,0.9000000357627869,all_open,100.0,0.9916393756866456,0.0909041166305542,1.432275240592357e-06,0.0019827187061309,656.0000000000806,1.0,0.477,118.40000000002692,0.9916406869888306,2.5402243863936742e-06,1.0,30.0
5,1000,0.1,0.8999999761581421,0.9000000357627869,all_open,300.0,0.991640567779541,0.0909041315317154,1.384967460629212e-06,0.0019937467295676,1966.9999999993065,1.0,0.477,353.99999999967804,0.9916406869888306,2.5402243863936742e-06,1.0,30.0
5,1000,0.2,0.5,0.4999999403953552,random,0.1000000014901161,0.6341005563735962,0.1328233927488327,1.7321130185704108e-05,1.039884864439955e-06,131.9999999999968,1.0,0.492,50.59999999999714,0.1587440967559814,1.666830371505057e-06,1.0,454.0
5,1000,0.2,0.5,0.4999999403953552,random,0.3000000119209289,0.6293317675590515,0.1392815113067627,6.929947301513411e-06,9.078730727196672e-07,125.99999999999712,1.0,0.505,50.69999999999712,0.1587440967559814,1.666830371505057e-06,1.0,454.0
5,1000,0.2,0.5,0.4999999403953552,random,1.0,0.6245513558387756,0.1455979943275451,0.0001150768400359,4.992549656890333e-05,189.9999999999935,1.0,0.459,50.399999999997135,0.1587440967559814,1.666830371505057e-06,1.0,454.0
5,1000,0.2,0.5,0.4999999403953552,random,3.0,0.6054022312164307,0.1425730735063552,4.346768889634416e-06,5.958492693025619e-06,159.9999999999952,1.0,0.458,50.89999999999712,0.1587440967559814,1.666830371505057e-06,1.0,454.0
5,1000,0.2,0.5,0.4999999403953552,random,10.0,0.6107403039932251,0.1492776125669479,0.0001500327464605,0.0006819483824074,325.0000000000054,1.0,0.456,50.90000000001157,0.1587440967559814,1.666830371505057e-06,1.0,454.0
5,1000,0.2,0.5,0.4999999403953552,random,30.0,0.5607115626335144,0.1486102044582367,2.4400071601352056e-06,0.0005167384515516,572.0000000000615,1.0,0.462,50.20000000001141,0.1587440967559814,1.666830371505057e-06,1.0,454.0
5,1000,0.2,0.5,0.4999999403953552,random,100.0,0.5350713133811951,0.1774929612874984,8.390854017355746e-07,0.0014552666107192,1899.999999999368,1.0,0.451,50.999999999953616,0.1587440967559814,1.666830371505057e-06,1.0,454.0
5,1000,0.2,0.5,0.4999999403953552,random,300.0,0.5660221576690674,0.1768117696046829,1.2343735290259698e-06,0.0019970547873526,2795.9999999985525,1.0,0.454,271.8999999997527,0.1587440967559814,1.666830371505057e-06,1.0,454.0
5,1000,0.2,0.5,0.4999999403953552,all_open,0.1000000014901161,0.6615606546401978,0.1251436173915863,4.779571382337332e-05,2.7718012916011503e-06,116.99999999999764,1.0,0.476,50.9999999999971,0.1587440967559814,1.666830371505057e-06,1.0,454.0
5,1000,0.2,0.5,0.4999999403953552,all_open,0.3000000119209289,0.6740660667419434,0.1369907259941101,4.250576031952996e-06,5.487963221639802e-07,238.9999999999907,1.0,0.476,50.9999999999971,0.1587440967559814,1.666830371505057e-06,1.0,454.0
5,1000,0.2,0.5,0.4999999403953552,all_open,1.0,0.7886711955070496,0.1286712884902954,2.183144195305959e-06,9.439114592169062e-07,177.99999999999417,1.0,0.468,50.099999999997166,0.1587440967559814,1.666830371505057e-06,1.0,454.0
5,1000,0.2,0.5,0.4999999403953552,all_open,3.0,0.6637161374092102,0.1781935542821884,5.698198018136545e-06,8.858914952725172e-06,308.00000000000153,1.0,0.501,50.50000000001148,0.1587440967559814,1.666830371505057e-06,1.0,454.0
5,1000,0.2,0.5,0.4999999403953552,all_open,10.0,0.5735913515090942,0.1767811030149459,1.3597908141905185e-06,1.1196041668881662e-05,141.99999999999622,1.0,0.479,50.89999999999712,0.1587440967559814,1.666830371505057e-06,1.0,454.0
5,1000,0.2,0.5,0.4999999403953552,all_open,30.0,0.4487856924533844,0.2069998979568481,2.221594488765883e-06,0.001340587856248,215.999999999992,1.0,0.506,50.399999999997135,0.1587440967559814,1.666830371505057e-06,1.0,454.0
5,1000,0.2,0.5,0.4999999403953552,all_open,100.0,0.222437173128128,0.2286738604307174,1.228174616795698e-06,0.0019838323350995,668.0000000000833,1.0,0.503,65.30000000001485,0.1587440967559814,1.666830371505057e-06,1.0,454.0
5,1000,0.2,0.5,0.4999999403953552,all_open,300.0,0.1602247506380081,0.2278110831975937,1.509761663701569e-06,0.0019938133191317,1992.9999999992829,1.0,0.481,156.7999999998574,0.1587440967559814,1.666830371505057e-06,1.0,454.0
5,1000,0.2,0.699999988079071,0.699999988079071,random,0.1000000014901161,0.753863513469696,0.1516664177179336,5.11913292991514e-06,3.310199190309504e-07,140.99999999999628,1.0,0.469,50.99999999999712,0.1729586571455001,8.90769388206536e-06,1.0,454.0
5,1000,0.2,0.699999988079071,0.699999988079071,random,0.3000000119209289,0.7954931855201721,0.1160825192928314,0.0005249697499787,7.297635602299124e-05,127.999999999997,1.0,0.464,50.9999999999971,0.1729586571455001,8.90769388206536e-06,1.0,454.0
5,1000,0.2,0.699999988079071,0.699999988079071,random,1.0,0.7564972639083862,0.127158984541893,5.220972968643346e-06,2.2152814835862955e-06,171.99999999999451,1.0,0.474,50.99999999999712,0.1729586571455001,8.90769388206536e-06,1.0,454.0
5,1000,0.2,0.699999988079071,0.699999988079071,random,3.0,0.7735412120819092,0.130637913942337,3.124503281823239e-06,4.43396857008338e-06,141.99999999999622,1.0,0.472,50.39999999999715,0.1729586571455001,8.90769388206536e-06,1.0,454.0
5,1000,0.2,0.699999988079071,0.699999988079071,random,10.0,0.7494796514511108,0.1263755708932876,2.175542716136543e-06,2.313756885996554e-05,197.99999999999304,1.0,0.471,50.399999999997135,0.1729586571455001,8.90769388206536e-06,1.0,454.0
5,1000,0.2,0.699999988079071,0.699999988079071,random,30.0,0.6967388987541199,0.146676629781723,9.476076524238388e-07,0.0002212818508269,395.0000000000213,1.0,0.458,50.30000000001144,0.1729586571455001,8.90769388206536e-06,1.0,454.0
5,1000,0.2,0.699999988079071,0.699999988079071,random,100.0,0.7295181751251221,0.1366341561079025,7.916437430283337e-07,0.0019861778710037,855.0000000001259,1.0,0.476,201.30000000004577,0.1729586571455001,8.90769388206536e-06,1.0,454.0
5,1000,0.2,0.699999988079071,0.699999988079071,random,300.0,0.6907042264938354,0.140990063548088,1.196219551075157e-06,0.0019942726939916,4144.999999997548,1.0,0.481,399.3999999998591,0.1729586571455001,8.90769388206536e-06,1.0,454.0
5,1000,0.2,0.699999988079071,0.699999988079071,all_open,0.1000000014901161,0.7833949327468872,0.1370394229888916,5.563498584685632e-05,3.3230487588298274e-06,171.99999999999451,1.0,0.473,50.39999999999715,0.1729586571455001,8.90769388206536e-06,1.0,454.0
5,1000,0.2,0.699999988079071,0.699999988079071,all_open,0.3000000119209289,0.8213112950325012,0.1226399019360542,3.29234173942546e-06,4.204038361876883e-07,100.99999999999854,1.0,0.459,50.999999999998096,0.1729586571455001,8.90769388206536e-06,1.0,454.0
5,1000,0.2,0.699999988079071,0.699999988079071,all_open,1.0,0.8398516774177551,0.1345838010311126,1.3480056430332057e-06,5.194955292608938e-07,115.99999999999768,1.0,0.451,50.29999999999714,0.1729586571455001,8.90769388206536e-06,1.0,454.0
5,1000,0.2,0.699999988079071,0.699999988079071,all_open,3.0,0.8249660730361938,0.1304388493299484,1.6753010076594663e-05,2.319973282283172e-05,186.9999999999937,1.0,0.464,50.9999999999971,0.1729586571455001,8.90769388206536e-06,1.0,454.0
5,1000,0.2,0.699999988079071,0.699999988079071,all_open,10.0,0.674197793006897,0.1672907769680023,1.254374556139754e-06,3.698663203977048e-05,283.9999999999961,1.0,0.49,50.10000000000508,0.1729586571455001,8.90769388206536e-06,1.0,454.0
5,1000,0.2,0.699999988079071,0.699999988079071,all_open,30.0,0.4498411417007446,0.1834006905555725,2.083485793728135e-06,0.0005105259479023,271.9999999999933,1.0,0.503,50.00000000000168,0.1729586571455001,8.90769388206536e-06,1.0,454.0
5,1000,0.2,0.699999988079071,0.699999988079071,all_open,100.0,0.2190765589475631,0.2047187983989715,1.2514576547100003e-06,0.0019809051882475,678.0000000000856,1.0,0.486,111.90000000002544,0.1729586571455001,8.90769388206536e-06,1.0,454.0
5,1000,0.2,0.699999988079071,0.699999988079071,all_open,300.0,0.1703770905733108,0.2085465043783188,1.096825844114387e-06,0.0019965730607509,1980.999999999293,1.0,0.483,66.69999999993934,0.1729586571455001,8.90769388206536e-06,1.0,454.0
5,1000,0.2,0.8999999761581421,0.8999999165534973,random,0.1000000014901161,0.9254568219184875,0.1007401645183563,6.102247685669843e-06,3.743207344086841e-07,96.99999999999876,1.0,0.48,50.699999999998376,0.1741867810487747,1.9685116967593785e-06,1.0,454.0
5,1000,0.2,0.8999999761581421,0.8999999165534973,random,0.3000000119209289,0.9087325930595398,0.1121039912104606,3.462136544257639e-06,4.521275513980072e-07,181.99999999999395,1.0,0.465,50.09999999999715,0.1741867810487747,1.9685116967593785e-06,1.0,454.0
5,1000,0.2,0.8999999761581421,0.8999999165534973,random,1.0,0.9053558111190796,0.1142232790589332,8.983441219910187e-06,3.885605110554025e-06,129.9999999999969,1.0,0.456,50.29999999999716,0.1741867810487747,1.9685116967593785e-06,1.0,454.0
5,1000,0.2,0.8999999761581421,0.8999999165534973,random,3.0,0.911179542541504,0.1028217673301696,0.0001078648746055,0.0001409741962561,122.99999999999729,1.0,0.459,50.79999999999711,0.1741867810487747,1.9685116967593785e-06,1.0,454.0
5,1000,0.2,0.8999999761581421,0.8999999165534973,random,10.0,0.914790689945221,0.0995810702443122,2.612771550296536e-06,2.6114485081052408e-05,140.99999999999628,1.0,0.461,50.39999999999715,0.1741867810487747,1.9685116967593785e-06,1.0,454.0
5,1000,0.2,0.8999999761581421,0.8999999165534973,random,30.0,0.9056329131126404,0.1008993312716484,2.5288074959761098e-06,0.0006014830432832,255.9999999999897,1.0,0.46,50.09999999999715,0.1741867810487747,1.9685116967593785e-06,1.0,454.0
5,1000,0.2,0.8999999761581421,0.8999999165534973,random,100.0,0.8993129134178162,0.0992923155426979,1.0544415611596548e-06,0.0019878635648638,694.0000000000892,1.0,0.455,168.30000000003827,0.1741867810487747,1.9685116967593785e-06,1.0,454.0
5,1000,0.2,0.8999999761581421,0.8999999165534973,random,300.0,0.8795058727264404,0.1051193103194236,1.369793171535987e-06,0.001998022198677,2270.99999999903,1.0,0.451,128.69999999988295,0.1741867810487747,1.9685116967593785e-06,1.0,454.0
5,1000,0.2,0.8999999761581421,0.8999999165534973,all_open,0.1000000014901161,0.9205143451690674,0.1043621972203254,9.593359912818429e-07,6.515139716611884e-08,144.99999999999605,1.0,0.469,50.29999999999716,0.1741867810487747,1.9685116967593785e-06,1.0,454.0
5,1000,0.2,0.8999999761581421,0.8999999165534973,all_open,0.3000000119209289,0.9235610365867616,0.1028695255517959,8.336678731767327e-06,1.115458303502237e-06,148.99999999999582,1.0,0.462,50.79999999999713,0.1741867810487747,1.9685116967593785e-06,1.0,454.0
5,1000,0.2,0.8999999761581421,0.8999999165534973,all_open,1.0,0.9294735193252563,0.1028879284858703,1.9560107175724214e-05,8.428932233073283e-06,122.99999999999729,1.0,0.458,50.29999999999714,0.1741867810487747,1.9685116967593785e-06,1.0,454.0
5,1000,0.2,0.8999999761581421,0.8999999165534973,all_open,3.0,0.8780799508094788,0.1124493181705474,1.5429831086293173e-05,2.1369785827118903e-05,204.99999999999264,1.0,0.452,50.9999999999971,0.1741867810487747,1.9685116967593785e-06,1.0,454.0
5,1000,0.2,0.8999999761581421,0.8999999165534973,all_open,10.0,0.7564799189567566,0.1544291675090789,9.91711655286538e-07,1.32024160848232e-05,127.999999999997,1.0,0.469,50.09999999999715,0.1741867810487747,1.9685116967593785e-06,1.0,454.0
5,1000,0.2,0.8999999761581421,0.8999999165534973,all_open,30.0,0.4787142872810364,0.1925950050354004,1.6730340544517758e-06,0.0019645779393613,219.9999999999918,1.0,0.494,65.39999999999628,0.1741867810487747,1.9685116967593785e-06,1.0,454.0
5,1000,0.2,0.8999999761581421,0.8999999165534973,all_open,100.0,0.246126189827919,0.2351077198982238,1.2726949136479925e-06,0.0019850963726639,670.0000000000838,1.0,0.514,178.90000000004062,0.1741867810487747,1.9685116967593785e-06,1.0,454.0
5,1000,0.2,0.8999999761581421,0.8999999165534973,all_open,300.0,0.2146110981702804,0.2309626340866089,1.419292242101289e-06,0.0018888098420575,2018.9999999992592,1.0,0.51,50.099999999954434,0.1741867810487747,1.9685116967593785e-06,1.0,454.0
5,1000,0.3,0.5,0.5,random,0.1000000014901161,0.5955995321273804,0.1689778715372085,4.784537641323341e-06,3.065823648285005e-07,264.99999999999176,1.0,0.492,50.19999999999968,0.3235829770565033,1.4417765896723722e-06,1.0,621.0
5,1000,0.3,0.5,0.5,random,0.3000000119209289,0.604983925819397,0.1555376946926117,3.8782917825738375e-06,5.527339794753061e-07,164.9999999999949,1.0,0.511,50.19999999999716,0.3235829770565033,1.4417765896723722e-06,1.0,621.0
5,1000,0.3,0.5,0.5,random,1.0,0.6498757600784302,0.1770535707473755,0.0001805440096653,7.109366561053321e-05,99.9999999999986,1.0,0.493,50.79999999999816,0.3235829770565033,1.4417765896723722e-06,1.0,621.0
5,1000,0.3,0.5,0.5,random,3.0,0.5718892812728882,0.1690134108066558,1.150722914022024e-06,1.4605586784455229e-06,183.99999999999383,1.0,0.503,50.49999999999713,0.3235829770565033,1.4417765896723722e-06,1.0,621.0
5,1000,0.3,0.5,0.5,random,10.0,0.5335728526115417,0.1731856763362884,6.932939621023186e-06,9.087539365282282e-05,248.9999999999901,1.0,0.495,50.79999999999711,0.3235829770565033,1.4417765896723722e-06,1.0,621.0
5,1000,0.3,0.5,0.5,random,30.0,0.4854230582714081,0.1859044581651687,8.986117684483936e-07,0.0003603106597438,569.0000000000608,1.0,0.505,50.90000000001157,0.3235829770565033,1.4417765896723722e-06,1.0,621.0
5,1000,0.3,0.5,0.5,random,100.0,0.4446302354335785,0.1895202994346618,8.158282974365305e-07,0.0019978354685008,1039.0000000001503,1.0,0.501,214.0000000000315,0.3235829770565033,1.4417765896723722e-06,1.0,621.0
5,1000,0.3,0.5,0.5,random,300.0,0.4338699579238891,0.1985683292150497,1.4102900783254856e-06,0.0019479765323922,3483.999999997927,1.0,0.498,50.39999999995416,0.3235829770565033,1.4417765896723722e-06,1.0,621.0
5,1000,0.3,0.5,0.5,all_open,0.1000000014901161,0.6266424655914307,0.1336812674999237,4.05573722855389e-05,2.7172745831194334e-06,271.9999999999933,1.0,0.511,50.10000000000167,0.3235829770565033,1.4417765896723722e-06,1.0,621.0
5,1000,0.3,0.5,0.5,all_open,0.3000000119209289,0.6997449398040771,0.1506219655275344,1.4604912907484627e-05,2.158204551960808e-06,113.9999999999978,1.0,0.529,50.599999999997166,0.3235829770565033,1.4417765896723722e-06,1.0,621.0
5,1000,0.3,0.5,0.5,all_open,1.0,0.6830042004585266,0.1520192176103592,5.553501417394382e-06,2.5274571271438617e-06,104.99999999999832,1.0,0.501,50.89999999999781,0.3235829770565033,1.4417765896723722e-06,1.0,621.0
5,1000,0.3,0.5,0.5,all_open,3.0,0.630913257598877,0.1732573211193084,9.801944982173163e-06,1.45497333505773e-05,113.9999999999978,1.0,0.495,50.39999999999716,0.3235829770565033,1.4417765896723722e-06,1.0,621.0
5,1000,0.3,0.5,0.5,all_open,10.0,0.5330730676651001,0.1689109653234481,1.2033576819616269e-06,6.154068159958115e-06,171.99999999999451,1.0,0.504,50.49999999999714,0.3235829770565033,1.4417765896723722e-06,1.0,621.0
5,1000,0.3,0.5,0.5,all_open,30.0,0.3720569312572479,0.2114910036325454,1.0374022183019349e-06,0.0003630761639215,254.9999999999898,1.0,0.488,50.9999999999971,0.3235829770565033,1.4417765896723722e-06,1.0,621.0
5,1000,0.3,0.5,0.5,all_open,100.0,0.3265279829502105,0.2128716856241226,1.1428569850988712e-06,0.0019905176013708,657.0000000000808,1.0,0.474,161.7000000000367,0.3235829770565033,1.4417765896723722e-06,1.0,621.0
5,1000,0.3,0.5,0.5,all_open,300.0,0.323583722114563,0.2151102274656295,9.782954385022e-07,0.0019966405816376,1958.9999999993136,1.0,0.473,148.29999999986512,0.3235829770565033,1.4417765896723722e-06,1.0,621.0
5,1000,0.3,0.699999988079071,0.6999998688697815,random,0.1000000014901161,0.6771436333656311,0.1619191616773605,1.144436312385747e-06,8.483254987368127e-08,218.99999999999184,1.0,0.492,50.19999999999715,0.183272898197174,1.94884728443867e-06,1.0,621.0
5,1000,0.3,0.699999988079071,0.6999998688697815,random,0.3000000119209289,0.6856892704963684,0.1791240274906158,2.6454109662575805e-06,3.459204833689e-07,228.99999999999127,1.0,0.507,50.69999999999712,0.183272898197174,1.94884728443867e-06,1.0,621.0
5,1000,0.3,0.699999988079071,0.6999998688697815,random,1.0,0.7562523484230042,0.1621895134449005,1.2262524580019257e-06,4.938198117088177e-07,280.9999999999954,1.0,0.508,50.6000000000042,0.183272898197174,1.94884728443867e-06,1.0,621.0
5,1000,0.3,0.699999988079071,0.6999998688697815,random,3.0,0.7135300040245056,0.1539816111326217,7.738431859142044e-06,1.1971736967097968e-05,184.9999999999937,1.0,0.485,50.69999999999712,0.183272898197174,1.94884728443867e-06,1.0,621.0
5,1000,0.3,0.699999988079071,0.6999998688697815,random,10.0,0.648772656917572,0.1739497035741806,6.722193338931163e-06,4.413148053572513e-05,274.99999999999403,1.0,0.464,50.30000000000251,0.183272898197174,1.94884728443867e-06,1.0,621.0
5,1000,0.3,0.699999988079071,0.6999998688697815,random,30.0,0.5688776969909668,0.1988944113254547,1.850001236650518e-05,0.0019151109736412,525.0000000000508,1.0,0.487,50.20000000001136,0.183272898197174,1.94884728443867e-06,1.0,621.0
5,1000,0.3,0.699999988079071,0.6999998688697815,random,100.0,0.5636042356491089,0.1823161989450454,8.361671642099402e-07,0.0016529014101251,961.00000000015,1.0,0.488,50.60000000001151,0.183272898197174,1.94884728443867e-06,1.0,621.0
5,1000,0.3,0.699999988079071,0.6999998688697815,random,300.0,0.5221120715141296,0.1948538124561309,1.1806626435094828e-06,0.0019965348765254,3066.999999998306,1.0,0.493,490.5999999995538,0.183272898197174,1.94884728443867e-06,1.0,621.0
5,1000,0.3,0.699999988079071,0.6999998688697815,all_open,0.1000000014901161,0.7288442254066467,0.1554630249738693,4.5943556359261455e-06,3.0922402061150933e-07,142.99999999999616,1.0,0.5,50.29999999999716,0.183272898197174,1.94884728443867e-06,1.0,621.0
5,1000,0.3,0.699999988079071,0.6999998688697815,all_open,0.3000000119209289,0.7575607895851135,0.1602717489004135,1.280581344735544e-05,1.854543370427564e-06,163.99999999999497,1.0,0.5,50.59999999999714,0.183272898197174,1.94884728443867e-06,1.0,621.0
5,1000,0.3,0.699999988079071,0.6999998688697815,all_open,1.0,0.7694026231765747,0.161432534456253,2.2403395544598987e-06,8.244855393968464e-07,234.99999999999093,1.0,0.504,50.29999999999714,0.183272898197174,1.94884728443867e-06,1.0,621.0
5,1000,0.3,0.699999988079071,0.6999998688697815,all_open,3.0,0.6658245921134949,0.1881275027990341,1.0532655234171804e-06,1.3905645346312667e-06,382.0000000000184,1.0,0.495,50.80000000001155,0.183272898197174,1.94884728443867e-06,1.0,621.0
5,1000,0.3,0.699999988079071,0.6999998688697815,all_open,10.0,0.6164544224739075,0.1764909625053405,1.2046630657479392e-06,2.406537714705337e-05,221.99999999999167,1.0,0.483,50.69999999999712,0.183272898197174,1.94884728443867e-06,1.0,621.0
5,1000,0.3,0.699999988079071,0.6999998688697815,all_open,30.0,0.4849924445152282,0.1826253086328506,9.941844449140028e-07,0.0019592989701777,206.99999999999253,1.0,0.492,56.79999999999677,0.183272898197174,1.94884728443867e-06,1.0,621.0
5,1000,0.3,0.699999988079071,0.6999998688697815,all_open,100.0,0.2800395488739013,0.2091604620218277,9.73045085156541e-07,0.00196741707623,676.0000000000852,1.0,0.521,50.80000000001155,0.183272898197174,1.94884728443867e-06,1.0,621.0
5,1000,0.3,0.699999988079071,0.6999998688697815,all_open,300.0,0.1936648786067962,0.1912970691919326,1.0187840724239408e-06,0.0017451263265684,2045.999999999235,1.0,0.506,50.29999999995425,0.183272898197174,1.94884728443867e-06,1.0,621.0
5,1000,0.3,0.8999999761581421,0.8999999761581421,random,0.1000000014901161,0.8324753046035767,0.1606906950473785,2.680236925910626e-05,1.7083266357076354e-06,154.99999999999548,1.0,0.503,50.099999999997166,0.2116148620843887,8.129336492856964e-06,1.0,621.0
5,1000,0.3,0.8999999761581421,0.8999999761581421,random,0.3000000119209289,0.8376943469047546,0.1596403419971466,9.170969527942494e-07,1.0468610867064856e-07,101.99999999999848,1.0,0.511,50.69999999999802,0.2116148620843887,8.129336492856964e-06,1.0,621.0
5,1000,0.3,0.8999999761581421,0.8999999761581421,random,1.0,0.837209939956665,0.1610312759876251,1.80833108672964e-06,7.201756488939282e-07,123.99999999999724,1.0,0.51,50.49999999999713,0.2116148620843887,8.129336492856964e-06,1.0,621.0
5,1000,0.3,0.8999999761581421,0.8999999761581421,random,3.0,0.763293981552124,0.1655018031597137,8.372011311415383e-07,1.2991320090804948e-06,130.99999999999685,1.0,0.499,50.49999999999714,0.2116148620843887,8.129336492856964e-06,1.0,621.0
5,1000,0.3,0.8999999761581421,0.8999999761581421,random,10.0,0.7160223126411438,0.1609478592872619,1.18541608764829e-06,1.681317007751204e-05,208.9999999999924,1.0,0.505,50.59999999999712,0.2116148620843887,8.129336492856964e-06,1.0,621.0
5,1000,0.3,0.8999999761581421,0.8999999761581421,random,30.0,0.6933770179748535,0.137960135936737,8.133617752117411e-07,0.0002049612521659,568.0000000000606,1.0,0.502,50.80000000001155,0.2116148620843887,8.129336492856964e-06,1.0,621.0
5,1000,0.3,0.8999999761581421,0.8999999761581421,random,100.0,0.6484143733978271,0.1719781160354614,7.651560396046238e-06,0.0019847522489726,1122.000000000075,1.0,0.497,89.4999999999186,0.2116148620843887,8.129336492856964e-06,1.0,621.0
5,1000,0.3,0.8999999761581421,0.8999999761581421,random,300.0,0.6243218779563904,0.1593836098909378,9.741786242378713e-07,0.0019968091510236,2803.9999999985453,1.0,0.502,338.59999999969205,0.2116148620843887,8.129336492856964e-06,1.0,621.0
5,1000,0.3,0.8999999761581421,0.8999999761581421,all_open,0.1000000014901161,0.8162561058998108,0.1629017889499664,5.895701597834236e-06,3.562752795005508e-07,147.99999999999588,1.0,0.518,50.49999999999714,0.2116148620843887,8.129336492856964e-06,1.0,621.0
5,1000,0.3,0.8999999761581421,0.8999999761581421,all_open,0.3000000119209289,0.8116002678871155,0.1656876057386398,1.1896724684884735e-05,1.6859215747899723e-06,161.99999999999508,1.0,0.506,50.29999999999716,0.2116148620843887,8.129336492856964e-06,1.0,621.0
5,1000,0.3,0.8999999761581421,0.8999999761581421,all_open,1.0,0.8156893849372864,0.1661319732666015,5.399149462045319e-06,2.2738845473213587e-06,203.9999999999927,1.0,0.511,50.19999999999715,0.2116148620843887,8.129336492856964e-06,1.0,621.0
5,1000,0.3,0.8999999761581421,0.8999999761581421,all_open,3.0,0.748213529586792,0.1738365739583969,0.0001552933499545,0.0002081948332488,159.9999999999952,1.0,0.502,50.69999999999713,0.2116148620843887,8.129336492856964e-06,1.0,621.0
5,1000,0.3,0.8999999761581421,0.8999999761581421,all_open,10.0,0.6312602758407593,0.1624904125928878,9.184588647947546e-07,1.465442983317189e-05,147.99999999999588,1.0,0.492,50.99999999999712,0.2116148620843887,8.129336492856964e-06,1.0,621.0
5,1000,0.3,0.8999999761581421,0.8999999761581421,all_open,30.0,0.4871399998664856,0.1909642070531845,9.602683644242387e-07,0.0006905205664224,236.9999999999908,1.0,0.493,50.89999999999711,0.2116148620843887,8.129336492856964e-06,1.0,621.0
5,1000,0.3,0.8999999761581421,0.8999999761581421,all_open,100.0,0.2505823671817779,0.2128527760505676,9.757891310091074e-07,0.0019962736405432,681.0000000000863,1.0,0.522,133.00000000003024,0.2116148620843887,8.129336492856964e-06,1.0,621.0
5,1000,0.3,0.8999999761581421,0.8999999761581421,all_open,300.0,0.2079442739486694,0.1934315115213394,1.0428548347735038e-06,0.0019991404842585,1996.9999999992792,1.0,0.513,366.5999999996666,0.2116148620843887,8.129336492856964e-06,1.0,621.0
5,1000,0.4,0.5,0.5000000596046448,random,0.1000000014901161,0.5370789766311646,0.1676001250743866,5.161736486978635e-06,3.381452700068621e-07,372.0000000000161,1.0,0.511,50.70000000001153,0.1600078493356704,6.864376246085158e-06,1.0,787.0
5,1000,0.4,0.5,0.5000000596046448,random,0.3000000119209289,0.5231859087944031,0.1704205721616745,3.970219807377031e-06,5.820053843308415e-07,205.99999999999253,1.0,0.509,50.19999999999715,0.1600078493356704,6.864376246085158e-06,1.0,787.0
5,1000,0.4,0.5,0.5000000596046448,random,1.0,0.5891249775886536,0.1715047657489776,9.240335371241365e-07,4.1492688751532114e-07,438.0000000000311,1.0,0.518,50.30000000001144,0.1600078493356704,6.864376246085158e-06,1.0,787.0
5,1000,0.4,0.5,0.5000000596046448,random,3.0,0.5487226247787476,0.1766114681959152,6.795638508239072e-05,8.976068056654185e-05,593.0000000000663,1.0,0.506,50.90000000001157,0.1600078493356704,6.864376246085158e-06,1.0,787.0
5,1000,0.4,0.5,0.5000000596046448,random,10.0,0.4924724996089935,0.1485417932271957,0.0004904511717653,0.0019996294286102,231.9999999999911,1.0,0.495,50.79999999999711,0.1600078493356704,6.864376246085158e-06,1.0,787.0
5,1000,0.4,0.5,0.5000000596046448,random,30.0,0.5073428750038147,0.1663007140159607,9.208276308484476e-07,0.0002953223302029,416.0000000000261,1.0,0.517,50.70000000001153,0.1600078493356704,6.864376246085158e-06,1.0,787.0
5,1000,0.4,0.5,0.5000000596046448,random,100.0,0.4888012409210205,0.1785681545734405,9.056377710168132e-07,0.0019916570745408,1752.9999999995011,1.0,0.514,180.0999999998362,0.1600078493356704,6.864376246085158e-06,1.0,787.0
5,1000,0.4,0.5,0.5000000596046448,random,300.0,0.4459829330444336,0.1548781841993332,1.041260275265123e-06,0.0019952962175011,4195.9999999977335,1.0,0.51,187.60000000028367,0.1600078493356704,6.864376246085158e-06,1.0,787.0
5,1000,0.4,0.5,0.5000000596046448,all_open,0.1000000014901161,0.5540528893470764,0.1728374063968658,9.620197052698715e-07,7.110472921567634e-08,199.99999999999287,1.0,0.494,50.19999999999715,0.1600078493356704,6.864376246085158e-06,1.0,787.0
5,1000,0.4,0.5,0.5000000596046448,all_open,0.3000000119209289,0.6232794523239136,0.2070749849081039,4.095528367165212e-05,6.575940005859593e-06,281.9999999999956,1.0,0.503,50.400000000004496,0.1600078493356704,6.864376246085158e-06,1.0,787.0
5,1000,0.4,0.5,0.5000000596046448,all_open,1.0,0.6348294615745544,0.2110181897878646,3.812172205013981e-06,1.6662102098052856e-06,320.00000000000426,1.0,0.508,50.00000000001137,0.1600078493356704,6.864376246085158e-06,1.0,787.0
5,1000,0.4,0.5,0.5000000596046448,all_open,3.0,0.4932204782962799,0.203511893749237,1.1272486132284827e-06,1.4740334108864772e-06,447.00000000003314,1.0,0.456,50.40000000001146,0.1600078493356704,6.864376246085158e-06,1.0,787.0
5,1000,0.4,0.5,0.5000000596046448,all_open,10.0,0.4881852865219116,0.2478805631399154,1.1256918704481965e-06,3.9358637877739966e-05,117.99999999999756,1.0,0.478,50.49999999999713,0.1600078493356704,6.864376246085158e-06,1.0,787.0
5,1000,0.4,0.5,0.5000000596046448,all_open,30.0,0.3788308203220367,0.2408937662839889,5.783761844875183e-06,0.0002935335505753,275.99999999999426,1.0,0.48,50.50000000000279,0.1600078493356704,6.864376246085158e-06,1.0,787.0
5,1000,0.4,0.5,0.5000000596046448,all_open,100.0,0.2430917024612426,0.2173947244882583,9.20502015628774e-07,0.001997071551159,712.0000000000933,1.0,0.492,55.20000000001255,0.1600078493356704,6.864376246085158e-06,1.0,787.0
5,1000,0.4,0.5,0.5000000596046448,all_open,300.0,0.2100102603435516,0.2128896862268448,1.0961884978453866e-06,0.0019998846109956,1992.9999999992829,1.0,0.487,636.3999999994212,0.1600078493356704,6.864376246085158e-06,1.0,787.0
5,1000,0.4,0.699999988079071,0.699999988079071,random,0.1000000014901161,0.6689633727073669,0.1990024447441101,3.5755795513642065e-06,2.300555337342303e-07,192.9999999999933,1.0,0.514,50.49999999999713,0.1800110191106796,9.218277909894824e-07,1.0,787.0
5,1000,0.4,0.699999988079071,0.699999988079071,random,0.3000000119209289,0.6742379665374756,0.1899771988391876,3.423940851812416e-06,4.491981826504343e-07,277.9999999999947,1.0,0.515,50.60000000000335,0.1800110191106796,9.218277909894824e-07,1.0,787.0
5,1000,0.4,0.699999988079071,0.699999988079071,random,1.0,0.6904299259185791,0.1794654279947281,3.0902199461101467e-06,1.2501834589784266e-06,232.99999999999105,1.0,0.505,50.09999999999715,0.1800110191106796,9.218277909894824e-07,1.0,787.0
5,1000,0.4,0.699999988079071,0.699999988079071,random,3.0,0.6861425042152405,0.1645704805850982,2.1284868554898293e-06,3.041130639758194e-06,267.99999999999244,1.0,0.499,50.50000000000051,0.1800110191106796,9.218277909894824e-07,1.0,787.0
5,1000,0.4,0.699999988079071,0.699999988079071,random,10.0,0.6375709176063538,0.1693236082792282,9.902977809604065e-07,1.1398847163945902e-05,219.9999999999918,1.0,0.514,50.89999999999711,0.1800110191106796,9.218277909894824e-07,1.0,787.0
5,1000,0.4,0.699999988079071,0.699999988079071,random,30.0,0.5925373435020447,0.1975318044424057,3.3591324873204384e-06,0.0003885200130753,411.00000000002495,1.0,0.501,50.00000000001137,0.1800110191106796,9.218277909894824e-07,1.0,787.0
5,1000,0.4,0.699999988079071,0.699999988079071,random,100.0,0.5351482033729553,0.1411250680685043,9.078946176059328e-07,0.0019854914862662,1282.9999999999286,1.0,0.505,65.1999999999407,0.1800110191106796,9.218277909894824e-07,1.0,787.0
5,1000,0.4,0.699999988079071,0.699999988079071,random,300.0,0.5440648794174194,0.145441398024559,9.150947993526797e-07,0.0019951516296714,2636.999999998697,1.0,0.509,383.3999999996513,0.1800110191106796,9.218277909894824e-07,1.0,787.0
5,1000,0.4,0.699999988079071,0.699999988079071,all_open,0.1000000014901161,0.6757993102073669,0.1756744980812072,2.0224766846873017e-05,1.2490401104514604e-06,237.9999999999908,1.0,0.498,50.79999999999711,0.1800110191106796,9.218277909894824e-07,1.0,787.0
5,1000,0.4,0.699999988079071,0.699999988079071,all_open,0.3000000119209289,0.7450079321861267,0.1631310284137725,1.572369842766808e-05,1.946526253959746e-06,108.99999999999808,1.0,0.499,50.49999999999752,0.1800110191106796,9.218277909894824e-07,1.0,787.0
5,1000,0.4,0.699999988079071,0.699999988079071,all_open,1.0,0.7639634013175964,0.179274246096611,1.9515877613944053e-06,7.478204793187615e-07,130.99999999999685,1.0,0.517,50.29999999999716,0.1800110191106796,9.218277909894824e-07,1.0,787.0
5,1000,0.4,0.699999988079071,0.699999988079071,all_open,3.0,0.7043135166168213,0.2205182313919067,4.406186082459134e-06,6.4662522163416725e-06,120.9999999999974,1.0,0.499,50.29999999999714,0.1800110191106796,9.218277909894824e-07,1.0,787.0
5,1000,0.4,0.699999988079071,0.699999988079071,all_open,10.0,0.5672690868377686,0.2409699857234954,9.945890534952622e-07,1.3122942618792877e-05,320.00000000000426,1.0,0.499,50.30000000001144,0.1800110191106796,9.218277909894824e-07,1.0,787.0
5,1000,0.4,0.699999988079071,0.699999988079071,all_open,30.0,0.4219711422920227,0.2265758365392685,9.88402284058494e-07,0.0019562656525522,212.99999999999216,1.0,0.503,62.79999999999643,0.1800110191106796,9.218277909894824e-07,1.0,787.0
5,1000,0.4,0.699999988079071,0.699999988079071,all_open,100.0,0.3321008384227752,0.2137278765439987,1.0946047566494023e-06,0.0012323817936703,713.0000000000936,1.0,0.484,50.10000000001139,0.1800110191106796,9.218277909894824e-07,1.0,787.0
5,1000,0.4,0.699999988079071,0.699999988079071,all_open,300.0,0.2409182786941528,0.1981674432754516,1.123845784594292e-06,0.0019958687480539,1990.999999999285,1.0,0.507,194.4999999998231,0.1800110191106796,9.218277909894824e-07,1.0,787.0
5,1000,0.4,0.8999999761581421,0.8999999761581421,random,0.1000000014901161,0.7999754548072815,0.129979521036148,9.359367261712208e-07,7.13237184868376e-08,105.99999999999824,1.0,0.521,50.79999999999774,0.2240868657827377,9.600696557754418e-07,1.0,787.0
5,1000,0.4,0.8999999761581421,0.8999999761581421,random,0.3000000119209289,0.7970072627067566,0.1421033591032028,8.660396309070776e-07,1.100065958326013e-07,103.99999999999837,1.0,0.514,50.399999999997874,0.2240868657827377,9.600696557754418e-07,1.0,787.0
5,1000,0.4,0.8999999761581421,0.8999999761581421,random,1.0,0.7989978790283203,0.138422816991806,1.8185295797180248e-06,7.34932996238058e-07,102.99999999999842,1.0,0.521,50.49999999999795,0.2240868657827377,9.600696557754418e-07,1.0,787.0
5,1000,0.4,0.8999999761581421,0.8999999761581421,random,3.0,0.7824208736419678,0.1449431926012039,3.675588316070765e-05,4.73238505946938e-05,244.9999999999904,1.0,0.517,50.89999999999711,0.2240868657827377,9.600696557754418e-07,1.0,787.0
5,1000,0.4,0.8999999761581421,0.8999999761581421,random,10.0,0.7278042435646057,0.1826047748327255,8.680109559641298e-07,2.6396191969979554e-05,270.9999999999931,1.0,0.509,50.70000000000135,0.2240868657827377,9.600696557754418e-07,1.0,787.0
5,1000,0.4,0.8999999761581421,0.8999999761581421,random,30.0,0.6913731694221497,0.1883849054574966,1.001629156108679e-06,0.0014794802991673,439.0000000000313,1.0,0.503,50.60000000001151,0.2240868657827377,9.600696557754418e-07,1.0,787.0
5,1000,0.4,0.8999999761581421,0.8999999761581421,random,100.0,0.6437203884124756,0.2021059840917587,9.81635041192339e-07,0.0017946396255865,1409.999999999813,1.0,0.477,50.49999999995407,0.2240868657827377,9.600696557754418e-07,1.0,787.0
5,1000,0.4,0.8999999761581421,0.8999999761581421,random,300.0,0.6648106575012207,0.1785158663988113,9.9111879617544e-07,0.0019967418629676,2882.9999999984734,1.0,0.499,196.29999999982147,0.2240868657827377,9.600696557754418e-07,1.0,787.0
5,1000,0.4,0.8999999761581421,0.8999999761581421,all_open,0.1000000014901161,0.8032317757606506,0.1256087124347686,8.521805462347616e-07,7.239256660795945e-08,143.9999999999961,1.0,0.52,50.79999999999713,0.2240868657827377,9.600696557754418e-07,1.0,787.0
5,1000,0.4,0.8999999761581421,0.8999999761581421,all_open,0.3000000119209289,0.8138463497161865,0.1319063752889633,8.372064160905498e-07,1.1345650818839205e-07,137.99999999999645,1.0,0.524,50.099999999997166,0.2240868657827377,9.600696557754418e-07,1.0,787.0
5,1000,0.4,0.8999999761581421,0.8999999761581421,all_open,1.0,0.8116642236709595,0.1492620259523391,7.337791793941921e-07,3.995564838987775e-07,127.999999999997,1.0,0.51,50.29999999999714,0.2240868657827377,9.600696557754418e-07,1.0,787.0
5,1000,0.4,0.8999999761581421,0.8999999761581421,all_open,3.0,0.7680360078811646,0.1770667135715484,9.647703681404223e-07,1.4191422224030248e-06,127.999999999997,1.0,0.512,50.9999999999971,0.2240868657827377,9.600696557754418e-07,1.0,787.0
5,1000,0.4,0.8999999761581421,0.8999999761581421,all_open,10.0,0.6186345815658569,0.1993812471628189,4.371426216666741e-05,0.0002299079933436,127.999999999997,1.0,0.493,50.79999999999711,0.2240868657827377,9.600696557754418e-07,1.0,787.0
5,1000,0.4,0.8999999761581421,0.8999999761581421,all_open,30.0,0.4718811511993408,0.1950958222150802,9.56563148054868e-07,0.0010701426072046,220.99999999999173,1.0,0.512,50.29999999999714,0.2240868657827377,9.600696557754418e-07,1.0,787.0
5,1000,0.4,0.8999999761581421,0.8999999761581421,all_open,100.0,0.2878243625164032,0.2033823281526565,1.0482700505390848e-06,0.0016795329283922,696.0000000000897,1.0,0.504,50.40000000001146,0.2240868657827377,9.600696557754418e-07,1.0,787.0
5,1000,0.4,0.8999999761581421,0.8999999761581421,all_open,300.0,0.2156949490308761,0.249820128083229,9.976841386414664e-07,0.0019968089181929,1987.999999999288,1.0,0.495,148.79999999986467,0.2240868657827377,9.600696557754418e-07,1.0,787.0
5,1000,0.5,0.5,0.5,random,0.1000000014901161,0.5395039916038513,0.1280342638492584,9.269164904639724e-07,5.80371981584449e-08,165.99999999999486,1.0,0.506,50.89999999999712,0.2145159244537353,1.7308416317973752e-06,1.0,242.0
5,1000,0.5,0.5,0.5,random,0.3000000119209289,0.510348379611969,0.1394772678613662,9.109524202116204e-05,1.3347616004466545e-05,338.0000000000084,1.0,0.499,50.50000000001148,0.2145159244537353,1.7308416317973752e-06,1.0,242.0
5,1000,0.5,0.5,0.5,random,1.0,0.5964124202728271,0.1311031877994537,2.314527382340917e-05,1.0148246474273035e-05,225.99999999999145,1.0,0.523,50.29999999999714,0.2145159244537353,1.7308416317973752e-06,1.0,242.0
5,1000,0.5,0.5,0.5,random,3.0,0.5901049375534058,0.1761262863874435,8.340588166743476e-07,1.3024415466134087e-06,291.9999999999979,1.0,0.523,50.40000000000734,0.2145159244537353,1.7308416317973752e-06,1.0,242.0
5,1000,0.5,0.5,0.5,random,10.0,0.525233805179596,0.1679965108633041,8.959794789735916e-07,4.373550837044604e-06,437.00000000003087,1.0,0.523,50.80000000001155,0.2145159244537353,1.7308416317973752e-06,1.0,242.0
5,1000,0.5,0.5,0.5,random,30.0,0.5080157518386841,0.1595354378223419,9.01578837551754e-07,0.0005072128842584,578.0000000000629,1.0,0.526,50.40000000001146,0.2145159244537353,1.7308416317973752e-06,1.0,242.0
5,1000,0.5,0.5,0.5,random,100.0,0.4965019524097442,0.1788997948169708,9.22530482803536e-07,0.0019856777507811,1220.999999999985,1.0,0.517,90.09999999991804,0.2145159244537353,1.7308416317973752e-06,1.0,242.0
5,1000,0.5,0.5,0.5,random,300.0,0.5020350813865662,0.1407768279314041,1.1471039727557544e-06,0.0019974748138338,3872.999999997573,1.0,0.524,204.2999999998142,0.2145159244537353,1.7308416317973752e-06,1.0,242.0
5,1000,0.5,0.5,0.5,all_open,0.1000000014901161,0.5325989127159119,0.1339936405420303,9.08894040723686e-07,6.13764896684188e-08,344.0000000000097,1.0,0.526,50.70000000001153,0.2145159244537353,1.7308416317973752e-06,1.0,242.0
5,1000,0.5,0.5,0.5,all_open,0.3000000119209289,0.6048550009727478,0.1250446885824203,4.8063996809068e-06,6.376939722940733e-07,222.9999999999916,1.0,0.502,50.49999999999713,0.2145159244537353,1.7308416317973752e-06,1.0,242.0
5,1000,0.5,0.5,0.5,all_open,1.0,0.6388735175132751,0.1434713453054428,1.0741978097934952e-06,4.607337302786618e-07,174.99999999999434,1.0,0.514,50.39999999999715,0.2145159244537353,1.7308416317973752e-06,1.0,242.0
5,1000,0.5,0.5,0.5,all_open,3.0,0.5937539339065552,0.1394620835781097,9.63622100105915e-07,1.4401294947674614e-06,164.9999999999949,1.0,0.517,50.39999999999715,0.2145159244537353,1.7308416317973752e-06,1.0,242.0
5,1000,0.5,0.5,0.5,all_open,10.0,0.5009817481040955,0.1840221434831619,1.0225944820521049e-06,5.106921435071854e-06,185.9999999999937,1.0,0.524,50.69999999999712,0.2145159244537353,1.7308416317973752e-06,1.0,242.0
5,1000,0.5,0.5,0.5,all_open,30.0,0.3796590268611908,0.2010066509246826,1.0227151563552902e-06,0.0003133557620458,377.0000000000172,1.0,0.507,50.30000000001144,0.2145159244537353,1.7308416317973752e-06,1.0,242.0
5,1000,0.5,0.5,0.5,all_open,100.0,0.2984712421894073,0.1595695167779922,1.0150960135063005e-06,0.0019933334551751,708.0000000000924,1.0,0.519,105.00000000002387,0.2145159244537353,1.7308416317973752e-06,1.0,242.0
5,1000,0.5,0.5,0.5,all_open,300.0,0.2142112106084823,0.1860999017953872,9.68568508801046e-07,0.0019942799117416,1988.9999999992865,1.0,0.523,169.9999999998454,0.2145159244537353,1.7308416317973752e-06,1.0,242.0
5,1000,0.5,0.699999988079071,0.699999988079071,random,0.1000000014901161,0.7298255562782288,0.1232953667640686,9.80883335925235e-07,7.510386978992757e-08,131.9999999999968,1.0,0.516,50.79999999999713,0.3317410051822662,9.209757081407588e-06,1.0,242.0
5,1000,0.5,0.699999988079071,0.699999988079071,random,0.3000000119209289,0.731879472732544,0.1227161884307861,8.475853093899859e-07,1.130694968765056e-07,237.9999999999908,1.0,0.528,50.69999999999712,0.3317410051822662,9.209757081407588e-06,1.0,242.0
5,1000,0.5,0.699999988079071,0.699999988079071,random,1.0,0.7037348747253418,0.1197020709514617,9.75886778255996e-07,4.8300330490747e-07,314.0000000000029,1.0,0.532,50.40000000001146,0.3317410051822662,9.209757081407588e-06,1.0,242.0
5,1000,0.5,0.699999988079071,0.699999988079071,random,3.0,0.6909348368644714,0.1480114459991455,8.668791796825051e-07,1.3964690879220143e-06,229.9999999999912,1.0,0.537,50.69999999999712,0.3317410051822662,9.209757081407588e-06,1.0,242.0
5,1000,0.5,0.699999988079071,0.699999988079071,random,10.0,0.6540967226028442,0.14626245200634,4.23822335704037e-06,4.63292672066018e-05,265.999999999992,1.0,0.526,50.099999999999966,0.3317410051822662,9.209757081407588e-06,1.0,242.0
5,1000,0.5,0.699999988079071,0.699999988079071,random,30.0,0.604231595993042,0.1422724425792694,9.484952940321252e-07,0.0010644434951245,769.0000000001063,1.0,0.52,50.60000000001151,0.3317410051822662,9.209757081407588e-06,1.0,242.0
5,1000,0.5,0.699999988079071,0.699999988079071,random,100.0,0.55931556224823,0.152985468506813,9.62852698281646e-07,0.0019943732768297,1603.9999999996369,1.0,0.507,63.89999999994188,0.3317410051822662,9.209757081407588e-06,1.0,242.0
5,1000,0.5,0.699999988079071,0.699999988079071,random,300.0,0.5896037817001343,0.1606893390417099,1.1301427292520775e-06,0.0019991537556052,2784.9999999985625,1.0,0.516,287.89999999973816,0.3317410051822662,9.209757081407588e-06,1.0,242.0
5,1000,0.5,0.699999988079071,0.699999988079071,all_open,0.1000000014901161,0.7075179219245911,0.1410115957260131,2.22507842016168e-05,1.365419166177162e-06,267.99999999999244,1.0,0.508,50.30000000000052,0.3317410051822662,9.209757081407588e-06,1.0,242.0
5,1000,0.5,0.699999988079071,0.699999988079071,all_open,0.3000000119209289,0.7449834942817688,0.1203852519392967,7.388181456131167e-07,9.07774335701106e-08,178.99999999999412,1.0,0.52,50.49999999999713,0.3317410051822662,9.209757081407588e-06,1.0,242.0
5,1000,0.5,0.699999988079071,0.699999988079071,all_open,1.0,0.7514482140541077,0.1242554411292076,9.07635234987804e-07,4.54866665222653e-07,200.99999999999287,1.0,0.535,50.29999999999714,0.3317410051822662,9.209757081407588e-06,1.0,242.0
5,1000,0.5,0.699999988079071,0.699999988079071,all_open,3.0,0.7009816765785217,0.1444074362516403,9.456807942873944e-07,1.3148553534847451e-06,88.99999999999922,1.0,0.532,50.29999999999894,0.3317410051822662,9.209757081407588e-06,1.0,242.0
5,1000,0.5,0.699999988079071,0.699999988079071,all_open,10.0,0.554141104221344,0.1588421911001205,3.0456825444521827e-06,2.120631506841164e-05,282.99999999999585,1.0,0.525,50.20000000000479,0.3317410051822662,9.209757081407588e-06,1.0,242.0
5,1000,0.5,0.699999988079071,0.699999988079071,all_open,30.0,0.4601987898349762,0.1878905594348907,9.905483463205678e-07,0.0009310242603532,225.99999999999145,1.0,0.519,50.399999999997135,0.3317410051822662,9.209757081407588e-06,1.0,242.0
5,1000,0.5,0.699999988079071,0.699999988079071,all_open,100.0,0.3454168140888214,0.1950289160013198,1.0072827748832051e-06,0.0015778390225023,690.0000000000883,1.0,0.532,50.50000000001148,0.3317410051822662,9.209757081407588e-06,1.0,242.0
5,1000,0.5,0.699999988079071,0.699999988079071,all_open,300.0,0.3295041918754577,0.2092832326889038,1.0379731667071087e-06,0.0019978052005171,1985.9999999992888,1.0,0.522,187.999999999829,0.3317410051822662,9.209757081407588e-06,1.0,242.0
5,1000,0.5,0.8999999761581421,0.8999999165534973,random,0.1000000014901161,0.7966089844703674,0.1357302814722061,8.30080620590925e-07,6.736430435694274e-08,157.9999999999953,1.0,0.502,50.79999999999713,0.310063898563385,1.4420925253944006e-06,1.0,242.0
5,1000,0.5,0.8999999761581421,0.8999999165534973,random,0.3000000119209289,0.7997720241546631,0.1248847171664238,8.813980312346753e-07,1.177219317582967e-07,141.99999999999622,1.0,0.513,50.49999999999714,0.310063898563385,1.4420925253944006e-06,1.0,242.0
5,1000,0.5,0.8999999761581421,0.8999999165534973,random,1.0,0.8034855723381042,0.1395162045955658,7.808595570608886e-07,4.595046618760535e-07,151.99999999999565,1.0,0.504,50.099999999997166,0.310063898563385,1.4420925253944006e-06,1.0,242.0
5,1000,0.5,0.8999999761581421,0.8999999165534973,random,3.0,0.7525015473365784,0.1145549416542053,8.776995938552087e-07,1.345167902400135e-06,101.99999999999848,1.0,0.518,50.299999999998015,0.310063898563385,1.4420925253944006e-06,1.0,242.0
5,1000,0.5,0.8999999761581421,0.8999999165534973,random,10.0,0.7407940626144409,0.1378083676099777,8.623626791163329e-07,1.8279761206940748e-05,138.9999999999964,1.0,0.519,50.89999999999712,0.310063898563385,1.4420925253944006e-06,1.0,242.0
5,1000,0.5,0.8999999761581421,0.8999999165534973,random,30.0,0.7044792771339417,0.135654404759407,8.298091129697715e-07,0.0003625323588494,591.0000000000658,1.0,0.514,50.80000000001155,0.310063898563385,1.4420925253944006e-06,1.0,242.0
5,1000,0.5,0.8999999761581421,0.8999999165534973,random,100.0,0.6272855997085571,0.1769378632307052,9.570012626656635e-07,0.0014162382576614,1548.999999999687,1.0,0.516,50.19999999995434,0.310063898563385,1.4420925253944006e-06,1.0,242.0
5,1000,0.5,0.8999999761581421,0.8999999165534973,random,300.0,0.6094892621040344,0.1362188458442688,8.408754000661685e-07,0.001998235238716,2378.999999998932,1.0,0.52,280.5999999997448,0.310063898563385,1.4420925253944006e-06,1.0,242.0
5,1000,0.5,0.8999999761581421,0.8999999165534973,all_open,0.1000000014901161,0.7632929086685181,0.1291800588369369,1.5971623166388355e-05,9.643953262639116e-07,277.9999999999947,1.0,0.502,50.00000000000338,0.310063898563385,1.4420925253944006e-06,1.0,242.0
5,1000,0.5,0.8999999761581421,0.8999999165534973,all_open,0.3000000119209289,0.7976386547088623,0.1182397454977035,8.90045406604945e-07,1.2165101281880197e-07,243.9999999999904,1.0,0.522,50.9999999999971,0.310063898563385,1.4420925253944006e-06,1.0,242.0
5,1000,0.5,0.8999999761581421,0.8999999165534973,all_open,1.0,0.7564070820808411,0.1285222619771957,1.0514025135891217e-06,5.166209007256839e-07,166.9999999999948,1.0,0.512,50.49999999999714,0.310063898563385,1.4420925253944006e-06,1.0,242.0
5,1000,0.5,0.8999999761581421,0.8999999165534973,all_open,3.0,0.7204153537750244,0.1359925270080566,1.508691647659415e-06,2.2077929315855727e-06,107.99999999999814,1.0,0.529,50.49999999999759,0.310063898563385,1.4420925253944006e-06,1.0,242.0
5,1000,0.5,0.8999999761581421,0.8999999165534973,all_open,10.0,0.5801261067390442,0.1476772129535675,9.916810806363686e-07,6.870034212624887e-06,292.9999999999981,1.0,0.523,50.200000000007634,0.310063898563385,1.4420925253944006e-06,1.0,242.0
5,1000,0.5,0.8999999761581421,0.8999999165534973,all_open,30.0,0.4691815972328186,0.1879848539829254,1.0875852434809471e-06,0.0001918107736855,271.9999999999933,1.0,0.514,50.00000000000168,0.310063898563385,1.4420925253944006e-06,1.0,242.0
5,1000,0.5,0.8999999761581421,0.8999999165534973,all_open,100.0,0.313627690076828,0.2281069308519363,1.1638437500873266e-06,0.0019821517635136,671.000000000084,1.0,0.513,207.000000000047,0.310063898563385,1.4420925253944006e-06,1.0,242.0
5,1000,0.5,0.8999999761581421,0.8999999165534973,all_open,300.0,0.3096449673175812,0.2376038134098053,1.1266721312442902e-06,0.0019992715679109,1989.9999999992856,1.0,0.515,167.8999999998473,0.310063898563385,1.4420925253944006e-06,1.0,242.0
6,1000,0.1,0.5,0.4999999701976776,random,0.1000000014901161,0.8096505403518677,0.0731874480843544,1.070099913483139e-06,5.9348799652525486e-08,63.00000000000063,1.0,0.497,50.40000000000065,0.9963537454605104,1.9930773760279408e-06,1.0,24.0
6,1000,0.1,0.5,0.4999999701976776,random,0.3000000119209289,0.8297260999679565,0.0710322856903076,1.1505931756375284e-06,1.1162601509795422e-07,69.00000000000036,1.0,0.482,50.60000000000037,0.9963537454605104,1.9930773760279408e-06,1.0,24.0
6,1000,0.1,0.5,0.4999999701976776,random,1.0,0.8534315228462219,0.0741896033287048,1.2124947446663515e-06,4.730474927328032e-07,68.00000000000041,1.0,0.49,50.20000000000043,0.9963537454605104,1.9930773760279408e-06,1.0,24.0
6,1000,0.1,0.5,0.4999999701976776,random,3.0,0.86501145362854,0.0751494467258453,1.204167184432326e-06,1.3591467222795472e-06,76.9999999999999,1.0,0.479,50.9999999999998,0.9963537454605104,1.9930773760279408e-06,1.0,24.0
6,1000,0.1,0.5,0.4999999701976776,random,10.0,0.8724932670593262,0.0734448581933975,1.2359771865902373e-06,7.108884346962441e-06,162.99999999999503,1.0,0.479,50.99999999999712,0.9963537454605104,1.9930773760279408e-06,1.0,24.0
6,1000,0.1,0.5,0.4999999701976776,random,30.0,0.8724709749221802,0.0715980976819992,1.274118013759691e-06,0.0019710313063114,294.9999999999986,1.0,0.484,51.50000000000813,0.9963537454605104,1.9930773760279408e-06,1.0,24.0
6,1000,0.1,0.5,0.4999999701976776,random,100.0,0.8752641677856445,0.0689354017376899,1.1476951352829171e-06,0.0019852081313729,905.0000000001372,1.0,0.475,102.30000000002326,0.9963537454605104,1.9930773760279408e-06,1.0,24.0
6,1000,0.1,0.5,0.4999999701976776,random,300.0,0.868037760257721,0.0676468610763549,1.5001133877600554e-06,0.0019994494505226,2259.99999999904,1.0,0.474,99.5999999999094,0.9963537454605104,1.9930773760279408e-06,1.0,24.0
6,1000,0.1,0.5,0.4999999701976776,all_open,0.1000000014901161,0.8408169746398926,0.0755127966403961,9.818132149438195e-07,5.8958473658776724e-08,64.00000000000064,1.0,0.486,50.80000000000067,0.9963537454605104,1.9930773760279408e-06,1.0,24.0
6,1000,0.1,0.5,0.4999999701976776,all_open,0.3000000119209289,0.9047600030899048,0.082986906170845,1.3089127350236369e-06,1.113102570116098e-07,59.00000000000057,1.0,0.491,50.90000000000058,0.9963537454605104,1.9930773760279408e-06,1.0,24.0
6,1000,0.1,0.5,0.4999999701976776,all_open,1.0,0.97275573015213,0.104159839451313,1.325383853406435e-06,4.477838331240491e-07,57.00000000000054,1.0,0.481,50.60000000000055,0.9963537454605104,1.9930773760279408e-06,1.0,24.0
6,1000,0.1,0.5,0.4999999701976776,all_open,3.0,0.9935032725334167,0.103564441204071,1.3337871309739697e-06,1.475474618928274e-06,71.00000000000024,1.0,0.481,50.200000000000216,0.9963537454605104,1.9930773760279408e-06,1.0,24.0
6,1000,0.1,0.5,0.4999999701976776,all_open,10.0,0.996308445930481,0.1027074009180069,1.3538017518349193e-06,4.751125379698351e-05,102.99999999999842,1.0,0.479,50.59999999999795,0.9963537454605104,1.9930773760279408e-06,1.0,24.0
6,1000,0.1,0.5,0.4999999701976776,all_open,30.0,0.9963525533676147,0.1026742979884147,1.3727193130358294e-06,0.0011156032560393,213.99999999999213,1.0,0.479,50.19999999999715,0.9963537454605104,1.9930773760279408e-06,1.0,24.0
6,1000,0.1,0.5,0.4999999701976776,all_open,100.0,0.9963527917861938,0.1026741713285446,1.3043884995741294e-06,0.0019911092240363,655.0000000000804,1.0,0.479,107.40000000002442,0.9963537454605104,1.9930773760279408e-06,1.0,24.0
6,1000,0.1,0.5,0.4999999701976776,all_open,300.0,0.9963537454605104,0.1026741564273834,1.418823084597195e-06,0.0019977148622274,1964.9999999993083,1.0,0.479,320.4999999997085,0.9963537454605104,1.9930773760279408e-06,1.0,24.0
6,1000,0.1,0.699999988079071,0.7000000476837158,random,0.1000000014901161,0.8853532671928406,0.0730949267745018,1.2300214761539909e-06,6.149134890165442e-08,56.000000000000526,1.0,0.475,50.20000000000053,0.9963537454605104,1.7663437574810814e-06,1.0,24.0
6,1000,0.1,0.699999988079071,0.7000000476837158,random,0.3000000119209289,0.8945103287696838,0.0772781297564506,1.2796279183844228e-06,1.301458354419083e-07,56.000000000000526,1.0,0.473,50.500000000000526,0.9963537454605104,1.7663437574810814e-06,1.0,24.0
6,1000,0.1,0.699999988079071,0.7000000476837158,random,1.0,0.9098954200744628,0.0767125561833381,1.2479297058040956e-06,4.921059826301644e-07,62.00000000000061,1.0,0.472,50.40000000000064,0.9963537454605104,1.7663437574810814e-06,1.0,24.0
6,1000,0.1,0.699999988079071,0.7000000476837158,random,3.0,0.9160791039466858,0.0784983336925506,1.3241516336779882e-06,1.4230424767447405e-06,82.99999999999956,1.0,0.475,50.69999999999937,0.9963537454605104,1.7663437574810814e-06,1.0,24.0
6,1000,0.1,0.699999988079071,0.7000000476837158,random,10.0,0.9211904406547546,0.0807168558239936,1.3116446297963063e-06,1.586566213518381e-05,137.99999999999645,1.0,0.469,50.59999999999714,0.9963537454605104,1.7663437574810814e-06,1.0,24.0
6,1000,0.1,0.699999988079071,0.7000000476837158,random,30.0,0.92169451713562,0.0811750367283821,1.2775068220009337e-06,0.0003169469127897,383.0000000000186,1.0,0.467,50.50000000001148,0.9963537454605104,1.7663437574810814e-06,1.0,24.0
6,1000,0.1,0.699999988079071,0.7000000476837158,random,100.0,0.9210167527198792,0.0820622071623802,1.354619878149129e-06,0.0015187311219051,831.0000000001204,1.0,0.469,50.30000000001144,0.9963537454605104,1.7663437574810814e-06,1.0,24.0
6,1000,0.1,0.699999988079071,0.7000000476837158,random,300.0,0.9210644364356996,0.0820376724004745,1.5691440018428465e-06,0.0019951474387198,2415.999999998898,1.0,0.469,131.5999999998803,0.9963537454605104,1.7663437574810814e-06,1.0,24.0
6,1000,0.1,0.699999988079071,0.7000000476837158,all_open,0.1000000014901161,0.9167197346687316,0.07965999096632,1.154150512139902e-06,6.242576233717045e-08,56.000000000000526,1.0,0.486,50.30000000000053,0.9963537454605104,1.7663437574810814e-06,1.0,24.0
6,1000,0.1,0.699999988079071,0.7000000476837158,all_open,0.3000000119209289,0.9566898345947266,0.093169204890728,1.295803733308549e-06,1.4325959796224197e-07,56.000000000000526,1.0,0.483,50.500000000000526,0.9963537454605104,1.7663437574810814e-06,1.0,24.0
6,1000,0.1,0.699999988079071,0.7000000476837158,all_open,1.0,0.9885008335113524,0.1026638820767402,1.3692322297269072e-06,5.094536277283623e-07,56.000000000000526,1.0,0.48,50.70000000000053,0.9963537454605104,1.7663437574810814e-06,1.0,24.0
6,1000,0.1,0.699999988079071,0.7000000476837158,all_open,3.0,0.9957361817359924,0.1028600186109542,1.3642775825353077e-06,1.4871775420033373e-06,79.99999999999973,1.0,0.482,50.39999999999958,0.9963537454605104,1.7663437574810814e-06,1.0,24.0
6,1000,0.1,0.699999988079071,0.7000000476837158,all_open,10.0,0.9963431358337402,0.1026805490255355,1.3114685807683675e-06,3.888194987666793e-05,104.99999999999832,1.0,0.479,50.79999999999781,0.9963537454605104,1.7663437574810814e-06,1.0,24.0
6,1000,0.1,0.699999988079071,0.7000000476837158,all_open,30.0,0.9963527917861938,0.102674163877964,1.4227065184812116e-06,0.001076404005289,214.99999999999207,1.0,0.479,50.69999999999712,0.9963537454605104,1.7663437574810814e-06,1.0,24.0
6,1000,0.1,0.699999988079071,0.7000000476837158,all_open,100.0,0.9963527917861938,0.1026741787791252,1.371516643262198e-06,0.0019897066522389,655.0000000000804,1.0,0.479,106.9000000000243,0.9963537454605104,1.7663437574810814e-06,1.0,24.0
6,1000,0.1,0.699999988079071,0.7000000476837158,all_open,300.0,0.9963537454605104,0.1026741564273834,1.4493311267333892e-06,0.0019972580485045,1964.9999999993083,1.0,0.479,319.99999999970896,0.9963537454605104,1.7663437574810814e-06,1.0,24.0
6,1000,0.1,0.8999999761581421,0.8999998569488525,random,0.1000000014901161,0.957343578338623,0.0863561928272247,1.2350199801080743e-06,6.542254737951225e-08,56.000000000000526,1.0,0.48,50.90000000000053,0.9963537454605104,1.865000285761198e-06,1.0,24.0
6,1000,0.1,0.8999999761581421,0.8999998569488525,random,0.3000000119209289,0.9619888663291932,0.0896020904183387,1.3080977762415122e-06,1.3213393401656506e-07,56.000000000000526,1.0,0.481,50.00000000000053,0.9963537454605104,1.865000285761198e-06,1.0,24.0
6,1000,0.1,0.8999999761581421,0.8999998569488525,random,1.0,0.9660382270812988,0.0924162492156028,1.3499741593583948e-06,5.01385784446029e-07,62.00000000000061,1.0,0.486,50.70000000000064,0.9963537454605104,1.865000285761198e-06,1.0,24.0
6,1000,0.1,0.8999999761581421,0.8999998569488525,random,3.0,0.967627763748169,0.0931004360318183,1.3030197315937368e-06,1.5710824072812102e-06,74.00000000000007,1.0,0.483,50.2,0.9963537454605104,1.865000285761198e-06,1.0,24.0
6,1000,0.1,0.8999999761581421,0.8999998569488525,random,10.0,0.9680925011634828,0.093529112637043,1.309102635211611e-06,5.607767434412381e-06,144.99999999999605,1.0,0.483,50.89999999999712,0.9963537454605104,1.865000285761198e-06,1.0,24.0
6,1000,0.1,0.8999999761581421,0.8999998569488525,random,30.0,0.9681195616722108,0.0936263278126716,1.1496516555511144e-06,0.0001210251357406,320.00000000000426,1.0,0.483,50.90000000001157,0.9963537454605104,1.865000285761198e-06,1.0,24.0
6,1000,0.1,0.8999999761581421,0.8999998569488525,random,100.0,0.9681316614151,0.0936229601502418,1.358916388720478e-06,0.0012053707614541,833.0000000001208,1.0,0.484,50.90000000001157,0.9963537454605104,1.865000285761198e-06,1.0,24.0
6,1000,0.1,0.8999999761581421,0.8999998569488525,random,300.0,0.9681475162506104,0.0936134755611419,1.5962500870580878e-06,0.0017652558162808,2382.999999998928,1.0,0.484,50.49999999995407,0.9963537454605104,1.865000285761198e-06,1.0,24.0
6,1000,0.1,0.8999999761581421,0.8999998569488525,all_open,0.1000000014901161,0.9733359217643738,0.0931343212723732,1.38032454316623e-06,6.941271379901083e-08,57.00000000000054,1.0,0.478,50.60000000000055,0.9963537454605104,1.865000285761198e-06,1.0,24.0
6,1000,0.1,0.8999999761581421,0.8999998569488525,all_open,0.3000000119209289,0.9870154857635498,0.099382184445858,1.4201407215295207e-06,1.4577594242837224e-07,60.00000000000058,1.0,0.478,50.100000000000605,0.9963537454605104,1.865000285761198e-06,1.0,24.0
6,1000,0.1,0.8999999761581421,0.8999998569488525,all_open,1.0,0.9950363636016846,0.1017976999282836,1.3651000702283058e-06,5.112208896207449e-07,57.00000000000054,1.0,0.482,50.70000000000054,0.9963537454605104,1.865000285761198e-06,1.0,24.0
6,1000,0.1,0.8999999761581421,0.8999998569488525,all_open,3.0,0.9963833093643188,0.1025213599205017,1.3862328839034944e-06,1.5220858813336235e-06,75.99999999999996,1.0,0.481,50.19999999999986,0.9963537454605104,1.865000285761198e-06,1.0,24.0
6,1000,0.1,0.8999999761581421,0.8999998569488525,all_open,10.0,0.9963581562042236,0.1026682779192924,1.36752773823896e-06,3.4730030165519565e-05,105.99999999999824,1.0,0.479,50.99999999999774,0.9963537454605104,1.865000285761198e-06,1.0,24.0
6,1000,0.1,0.8999999761581421,0.8999998569488525,all_open,30.0,0.9963527321815492,0.1026741191744804,1.2931026083416635e-06,0.00107497733552,214.99999999999207,1.0,0.479,50.49999999999713,0.9963537454605104,1.865000285761198e-06,1.0,24.0
6,1000,0.1,0.8999999761581421,0.8999998569488525,all_open,100.0,0.9963527917861938,0.1026741787791252,1.3869071588975372e-06,0.0019888926763087,655.0000000000804,1.0,0.479,106.60000000002424,0.9963537454605104,1.865000285761198e-06,1.0,24.0
6,1000,0.1,0.8999999761581421,0.8999998569488525,all_open,300.0,0.9963537454605104,0.1026741564273834,1.4539868409021948e-06,0.0019969884306192,1964.9999999993083,1.0,0.479,319.79999999970914,0.9963537454605104,1.865000285761198e-06,1.0,24.0
6,1000,0.2,0.5,0.5,random,0.1000000014901161,0.5784242749214172,0.1693994104862213,2.355880892065664e-06,1.4711757501117972e-07,138.9999999999964,1.0,0.502,50.89999999999712,0.1029449850320816,3.0658279683848377e-06,1.0,332.0
6,1000,0.2,0.5,0.5,random,0.3000000119209289,0.6175562143325806,0.1596678793430328,1.067717594847913e-06,1.1393556320626885e-07,125.99999999999712,1.0,0.514,50.9999999999971,0.1029449850320816,3.0658279683848377e-06,1.0,332.0
6,1000,0.2,0.5,0.5,random,1.0,0.637652575969696,0.1433244794607162,2.713718853996721e-06,1.0186138297285652e-06,359.0000000000132,1.0,0.515,50.20000000001141,0.1029449850320816,3.0658279683848377e-06,1.0,332.0
6,1000,0.2,0.5,0.5,random,3.0,0.6558406949043274,0.1452721655368805,1.068254750453388e-05,1.4481694961432368e-05,157.9999999999953,1.0,0.493,50.89999999999712,0.1029449850320816,3.0658279683848377e-06,1.0,332.0
6,1000,0.2,0.5,0.5,random,10.0,0.624279260635376,0.1612669080495834,6.643036869868402e-05,0.0003480727609712,210.9999999999923,1.0,0.513,50.49999999999713,0.1029449850320816,3.0658279683848377e-06,1.0,332.0
6,1000,0.2,0.5,0.5,random,30.0,0.6052999496459961,0.1412869393825531,4.257838188258898e-06,0.0019892123527824,435.0000000000304,1.0,0.513,55.80000000001269,0.1029449850320816,3.0658279683848377e-06,1.0,332.0
6,1000,0.2,0.5,0.5,random,100.0,0.5816329717636108,0.1652333587408065,9.596218175749756e-07,0.0019938773475587,1262.9999999999468,1.0,0.512,105.9999999999036,0.1029449850320816,3.0658279683848377e-06,1.0,332.0
6,1000,0.2,0.5,0.5,random,300.0,0.5900501608848572,0.1565285772085189,9.19494739765864e-07,0.0019961143843829,2461.9999999988563,1.0,0.517,366.5999999996666,0.1029449850320816,3.0658279683848377e-06,1.0,332.0
6,1000,0.2,0.5,0.5,all_open,0.1000000014901161,0.6328432559967041,0.1588253825902938,3.648505180545477e-06,2.501110998309741e-07,120.9999999999974,1.0,0.5,50.79999999999711,0.1029449850320816,3.0658279683848377e-06,1.0,332.0
6,1000,0.2,0.5,0.5,all_open,0.3000000119209289,0.7146655321121216,0.1504921913146972,4.7233242672956105e-06,6.728865855620825e-07,176.99999999999423,1.0,0.494,50.99999999999712,0.1029449850320816,3.0658279683848377e-06,1.0,332.0
6,1000,0.2,0.5,0.5,all_open,1.0,0.7571554183959961,0.1549592614173889,8.766708838964848e-05,3.669453144539148e-05,214.99999999999207,1.0,0.495,50.399999999997135,0.1029449850320816,3.0658279683848377e-06,1.0,332.0
6,1000,0.2,0.5,0.5,all_open,3.0,0.7677472829818726,0.1668688505887985,4.691513387295568e-05,5.771428550360724e-05,137.99999999999645,1.0,0.49,50.59999999999714,0.1029449850320816,3.0658279683848377e-06,1.0,332.0
6,1000,0.2,0.5,0.5,all_open,10.0,0.6654295325279236,0.1909995377063751,9.848861602276624e-07,2.714379115786869e-05,112.99999999999784,1.0,0.499,50.59999999999724,0.1029449850320816,3.0658279683848377e-06,1.0,332.0
6,1000,0.2,0.5,0.5,all_open,30.0,0.4979389011859894,0.1949138194322586,1.080321313942144e-06,0.0007935366593301,229.9999999999912,1.0,0.519,50.49999999999713,0.1029449850320816,3.0658279683848377e-06,1.0,332.0
6,1000,0.2,0.5,0.5,all_open,100.0,0.2935429215431213,0.1895480155944824,1.2644395468652226e-06,0.0012142867781221,717.0000000000945,1.0,0.51,50.00000000001137,0.1029449850320816,3.0658279683848377e-06,1.0,332.0
6,1000,0.2,0.5,0.5,all_open,300.0,0.1625615507364273,0.2398300766944885,1.4545268271247714e-06,0.0019980799406766,2004.999999999272,1.0,0.513,130.99999999988086,0.1029449850320816,3.0658279683848377e-06,1.0,332.0
6,1000,0.2,0.699999988079071,0.699999988079071,random,0.1000000014901161,0.7858084440231323,0.1163641139864921,1.1288300260873731e-06,8.85199824551819e-08,121.99999999999734,1.0,0.511,50.399999999997135,0.1029450371861457,3.5995283269585343e-06,1.0,332.0
6,1000,0.2,0.699999988079071,0.699999988079071,random,0.3000000119209289,0.814203679561615,0.1123051792383194,3.4784442212517727e-06,4.62343081153449e-07,136.9999999999965,1.0,0.514,50.99999999999712,0.1029450371861457,3.5995283269585343e-06,1.0,332.0
6,1000,0.2,0.699999988079071,0.699999988079071,random,1.0,0.8254183530807495,0.1178397834300994,3.303239543865079e-06,1.3413141459750475e-06,117.99999999999756,1.0,0.521,50.29999999999714,0.1029450371861457,3.5995283269585343e-06,1.0,332.0
6,1000,0.2,0.699999988079071,0.699999988079071,random,3.0,0.831508219242096,0.1146455109119415,1.206487900171214e-06,1.5780822195665678e-06,95.99999999999882,1.0,0.53,50.599999999998445,0.1029450371861457,3.5995283269585343e-06,1.0,332.0
6,1000,0.2,0.699999988079071,0.699999988079071,random,10.0,0.810829222202301,0.1267503499984741,6.106937657842797e-05,0.0003945640637539,242.99999999999048,1.0,0.512,50.29999999999714,0.1029450371861457,3.5995283269585343e-06,1.0,332.0
6,1000,0.2,0.699999988079071,0.699999988079071,random,30.0,0.8065385818481445,0.1309901475906372,8.99008444919651e-07,0.0004453176807146,303.0000000000004,1.0,0.525,50.70000000001045,0.1029450371861457,3.5995283269585343e-06,1.0,332.0
6,1000,0.2,0.699999988079071,0.699999988079071,random,100.0,0.7876653075218201,0.1327779442071914,1.0368949441718846e-06,0.0017159030539914,1052.0000000001387,1.0,0.517,50.39999999997952,0.1029450371861457,3.5995283269585343e-06,1.0,332.0
6,1000,0.2,0.699999988079071,0.699999988079071,random,300.0,0.766312301158905,0.1360505074262619,9.841601541284616e-07,0.0019948694389313,2556.99999999877,1.0,0.517,110.5999999998994,0.1029450371861457,3.5995283269585343e-06,1.0,332.0
6,1000,0.2,0.699999988079071,0.699999988079071,all_open,0.1000000014901161,0.8429156541824341,0.1109215691685676,1.62315830757491e-05,9.65329149948957e-07,107.99999999999814,1.0,0.527,50.6999999999976,0.1029450371861457,3.5995283269585343e-06,1.0,332.0
6,1000,0.2,0.699999988079071,0.699999988079071,all_open,0.3000000119209289,0.860980212688446,0.1254623085260391,1.105309028347387e-05,1.4568931874237023e-06,180.999999999994,1.0,0.509,50.69999999999712,0.1029450371861457,3.5995283269585343e-06,1.0,332.0
6,1000,0.2,0.699999988079071,0.699999988079071,all_open,1.0,0.8733327388763428,0.1424811035394668,1.184296054570693e-06,4.62958524849455e-07,86.99999999999933,1.0,0.503,50.89999999999909,0.1029450371861457,3.5995283269585343e-06,1.0,332.0
6,1000,0.2,0.699999988079071,0.699999988079071,all_open,3.0,0.8738522529602051,0.1477271914482116,1.216039961070492e-06,1.5893569980107711e-06,91.99999999999903,1.0,0.496,50.59999999999873,0.1029450371861457,3.5995283269585343e-06,1.0,332.0
6,1000,0.2,0.699999988079071,0.699999988079071,all_open,10.0,0.7171099781990051,0.1786161810159683,2.372135512752948e-06,2.262428643007297e-05,186.9999999999937,1.0,0.483,50.9999999999971,0.1029450371861457,3.5995283269585343e-06,1.0,332.0
6,1000,0.2,0.699999988079071,0.699999988079071,all_open,30.0,0.5157809853553772,0.1938986480236053,1.0606305721567136e-06,0.0019853918347507,204.99999999999264,1.0,0.509,51.59999999999707,0.1029450371861457,3.5995283269585343e-06,1.0,332.0
6,1000,0.2,0.699999988079071,0.699999988079071,all_open,100.0,0.2930522263050079,0.1990635097026825,1.094995439999407e-06,0.0019914850126951,671.000000000084,1.0,0.504,187.30000000004253,0.1029450371861457,3.5995283269585343e-06,1.0,332.0
6,1000,0.2,0.699999988079071,0.699999988079071,all_open,300.0,0.1728246510028839,0.2448632568120956,1.174391024933319e-06,0.0019988273270428,2002.999999999273,1.0,0.516,504.0999999995415,0.1029450371861457,3.5995283269585343e-06,1.0,332.0
6,1000,0.2,0.8999999761581421,0.8999999761581421,random,0.1000000014901161,0.9103195071220398,0.1090288236737251,1.0755681962781308e-06,6.915560391007602e-08,70.0000000000003,1.0,0.521,50.70000000000029,0.1029453575611114,7.678830115764868e-06,1.0,332.0
6,1000,0.2,0.8999999761581421,0.8999999761581421,random,0.3000000119209289,0.9138663411140442,0.1117179244756698,9.146449793050996e-07,1.1138067179672364e-07,67.00000000000047,1.0,0.519,50.80000000000051,0.1029453575611114,7.678830115764868e-06,1.0,332.0
6,1000,0.2,0.8999999761581421,0.8999999761581421,random,1.0,0.9147242903709412,0.1127813160419464,1.6337902563221613e-06,6.680652404611465e-07,66.00000000000053,1.0,0.517,50.10000000000056,0.1029453575611114,7.678830115764868e-06,1.0,332.0
6,1000,0.2,0.8999999761581421,0.8999999761581421,random,3.0,0.9124364256858826,0.1131718754768371,2.9825981728792623e-06,5.130046702106483e-06,77.99999999999984,1.0,0.518,50.99999999999973,0.1029453575611114,7.678830115764868e-06,1.0,332.0
6,1000,0.2,0.8999999761581421,0.8999999761581421,random,10.0,0.9067784547805786,0.1140105351805687,2.44163093023376e-06,9.238719212589784e-05,149.99999999999577,1.0,0.515,50.99999999999712,0.1029453575611114,7.678830115764868e-06,1.0,332.0
6,1000,0.2,0.8999999761581421,0.8999999761581421,random,30.0,0.8962609767913818,0.1158054620027542,7.249335079851787e-07,0.000213469917071,276.9999999999945,1.0,0.509,50.0000000000031,0.1029453575611114,7.678830115764868e-06,1.0,332.0
6,1000,0.2,0.8999999761581421,0.8999999761581421,random,100.0,0.8912413120269775,0.1196578815579414,6.667187508406303e-07,0.0014946117298677,719.0000000000949,1.0,0.508,50.40000000001146,0.1029453575611114,7.678830115764868e-06,1.0,332.0
6,1000,0.2,0.8999999761581421,0.8999999761581421,random,300.0,0.8900448679924011,0.1201051175594329,1.0048511868797738e-06,0.0019988699350506,2069.999999999213,1.0,0.509,61.99999999994361,0.1029453575611114,7.678830115764868e-06,1.0,332.0
6,1000,0.2,0.8999999761581421,0.8999999761581421,all_open,0.1000000014901161,0.9221862554550172,0.1070478111505508,9.301761490232996e-07,6.625332815701769e-08,67.00000000000047,1.0,0.518,50.3000000000005,0.1029453575611114,7.678830115764868e-06,1.0,332.0
6,1000,0.2,0.8999999761581421,0.8999999761581421,all_open,0.3000000119209289,0.9311536550521852,0.1100488752126693,9.127614529571892e-07,1.1738029570551589e-07,67.00000000000047,1.0,0.518,50.3000000000005,0.1029453575611114,7.678830115764868e-06,1.0,332.0
6,1000,0.2,0.8999999761581421,0.8999999761581421,all_open,1.0,0.9353318810462952,0.1142070218920707,1.68533401008177e-06,6.276559929574432e-07,90.9999999999991,1.0,0.514,50.5999999999988,0.1029453575611114,7.678830115764868e-06,1.0,332.0
6,1000,0.2,0.8999999761581421,0.8999999761581421,all_open,3.0,0.9025928974151612,0.1337108463048935,1.8507235566226643e-06,2.3296106519410387e-06,125.99999999999712,1.0,0.492,50.79999999999711,0.1029453575611114,7.678830115764868e-06,1.0,332.0
6,1000,0.2,0.8999999761581421,0.8999999761581421,all_open,10.0,0.8172564506530762,0.1597090810537338,1.296170348785283e-06,5.537816832656972e-06,172.99999999999446,1.0,0.497,50.99999999999712,0.1029453575611114,7.678830115764868e-06,1.0,332.0
6,1000,0.2,0.8999999761581421,0.8999999761581421,all_open,30.0,0.5488733053207397,0.2035977840423584,1.1237814778018996e-06,0.0008144887979142,230.9999999999912,1.0,0.492,50.9999999999971,0.1029453575611114,7.678830115764868e-06,1.0,332.0
6,1000,0.2,0.8999999761581421,0.8999999761581421,all_open,100.0,0.3071999251842499,0.1951082199811935,1.031802961758297e-06,0.0014123388100415,705.0000000000917,1.0,0.515,50.50000000001148,0.1029453575611114,7.678830115764868e-06,1.0,332.0
6,1000,0.2,0.8999999761581421,0.8999999761581421,all_open,300.0,0.1891692876815796,0.2419186681509018,1.3966520590340727e-06,0.0019982086960226,2006.99999999927,1.0,0.527,176.09999999983984,0.1029453575611114,7.678830115764868e-06,1.0,332.0
6,1000,0.3,0.5,0.5,random,0.1000000014901161,0.5602588057518005,0.1752260327339172,3.0068333642191283e-06,2.03371286033871e-07,164.9999999999949,1.0,0.487,50.99999999999712,0.2812766432762146,1.4230815850169163e-06,1.0,419.0
6,1000,0.3,0.5,0.5,random,0.3000000119209289,0.5371761322021484,0.185492917895317,3.865115178310837e-06,5.448681008601852e-07,363.0000000000141,1.0,0.475,50.90000000001157,0.2812766432762146,1.4230815850169163e-06,1.0,419.0
6,1000,0.3,0.5,0.5,random,1.0,0.5784744620323181,0.1518900394439697,3.4385478329561835e-05,1.5395402442663908e-05,149.99999999999577,1.0,0.476,50.99999999999712,0.2812766432762146,1.4230815850169163e-06,1.0,419.0
6,1000,0.3,0.5,0.5,random,3.0,0.5437847971916199,0.1659179478883743,1.2845855028568912e-06,1.5858061033213744e-06,220.99999999999173,1.0,0.483,50.59999999999712,0.2812766432762146,1.4230815850169163e-06,1.0,419.0
6,1000,0.3,0.5,0.5,random,10.0,0.527641236782074,0.186526209115982,1.180401080536995e-06,1.78203026734991e-05,209.99999999999235,1.0,0.485,50.69999999999712,0.2812766432762146,1.4230815850169163e-06,1.0,419.0
6,1000,0.3,0.5,0.5,random,30.0,0.4577448666095733,0.188552588224411,9.778262298111293e-07,0.0001987626310437,379.0000000000177,1.0,0.491,50.40000000001146,0.2812766432762146,1.4230815850169163e-06,1.0,419.0
6,1000,0.3,0.5,0.5,random,100.0,0.4393242001533508,0.1971177607774734,9.246168939928774e-07,0.0008844479452818,1391.9999999998297,1.0,0.493,50.39999999995416,0.2812766432762146,1.4230815850169163e-06,1.0,419.0
6,1000,0.3,0.5,0.5,random,300.0,0.3977503776550293,0.2128967940807342,1.177036561108421e-06,0.0019955118186771,2517.9999999988054,1.0,0.487,271.4999999997531,0.2812766432762146,1.4230815850169163e-06,1.0,419.0
6,1000,0.3,0.5,0.5,all_open,0.1000000014901161,0.5804373025894165,0.1903755217790603,9.530383675714324e-07,6.84424676933304e-08,192.9999999999933,1.0,0.488,50.19999999999715,0.2812766432762146,1.4230815850169163e-06,1.0,419.0
6,1000,0.3,0.5,0.5,all_open,0.3000000119209289,0.6336786150932312,0.1942440420389175,2.0203446312026724e-05,2.9397276648523984e-06,133.99999999999667,1.0,0.473,50.39999999999715,0.2812766432762146,1.4230815850169163e-06,1.0,419.0
6,1000,0.3,0.5,0.5,all_open,1.0,0.6595748066902161,0.1854640841484069,2.0686268881509367e-06,9.033562378135684e-07,117.99999999999756,1.0,0.479,50.19999999999715,0.2812766432762146,1.4230815850169163e-06,1.0,419.0
6,1000,0.3,0.5,0.5,all_open,3.0,0.6012141704559326,0.1821273267269134,1.7313774370379012e-06,2.199973096139729e-06,127.999999999997,1.0,0.486,50.399999999997135,0.2812766432762146,1.4230815850169163e-06,1.0,419.0
6,1000,0.3,0.5,0.5,all_open,10.0,0.4830266535282135,0.2258655130863189,2.009908732991018e-06,4.20538526668679e-05,145.999999999996,1.0,0.492,50.89999999999712,0.2812766432762146,1.4230815850169163e-06,1.0,419.0
6,1000,0.3,0.5,0.5,all_open,30.0,0.3338412642478943,0.2231802493333816,1.099117506741645e-06,0.0002917826932389,258.9999999999904,1.0,0.506,50.79999999999794,0.2812766432762146,1.4230815850169163e-06,1.0,419.0
6,1000,0.3,0.5,0.5,all_open,100.0,0.2875103652477264,0.2173316776752472,1.2187386681058158e-06,0.0019807901699095,660.0000000000815,1.0,0.494,190.5000000000433,0.2812766432762146,1.4230815850169163e-06,1.0,419.0
6,1000,0.3,0.5,0.5,all_open,300.0,0.281250536441803,0.215172603726387,8.788196298778807e-07,0.0019990853033959,1963.9999999993088,1.0,0.487,382.699999999652,0.2812766432762146,1.4230815850169163e-06,1.0,419.0
6,1000,0.3,0.699999988079071,0.6999999284744263,random,0.1000000014901161,0.6521919965744019,0.2102681249380111,4.287745135016224e-06,2.772900984382432e-07,250.99999999999,1.0,0.477,50.9999999999971,0.3264921605587005,1.9357337350811576e-06,1.0,419.0
6,1000,0.3,0.699999988079071,0.6999999284744263,random,0.3000000119209289,0.6451172828674316,0.1913282722234726,4.574372853793085e-06,6.946962116671784e-07,318.0000000000038,1.0,0.467,50.50000000001148,0.3264921605587005,1.9357337350811576e-06,1.0,419.0
6,1000,0.3,0.699999988079071,0.6999999284744263,random,1.0,0.6180922389030457,0.1861979812383651,9.01166863945012e-06,4.154294856562046e-06,254.9999999999898,1.0,0.474,50.69999999999712,0.3264921605587005,1.9357337350811576e-06,1.0,419.0
6,1000,0.3,0.699999988079071,0.6999999284744263,random,3.0,0.6458610892295837,0.1579565852880478,3.270273345499138e-05,4.859284308622591e-05,172.99999999999446,1.0,0.479,50.89999999999712,0.3264921605587005,1.9357337350811576e-06,1.0,419.0
6,1000,0.3,0.699999988079071,0.6999999284744263,random,10.0,0.5786840915679932,0.1604319512844085,2.621484451976689e-06,4.361985338618979e-05,175.9999999999943,1.0,0.486,50.99999999999712,0.3264921605587005,1.9357337350811576e-06,1.0,419.0
6,1000,0.3,0.699999988079071,0.6999999284744263,random,30.0,0.5570114254951477,0.1902969181537628,9.224785005733748e-07,0.0001508908753748,739.0000000000995,1.0,0.484,50.20000000001141,0.3264921605587005,1.9357337350811576e-06,1.0,419.0
6,1000,0.3,0.699999988079071,0.6999999284744263,random,100.0,0.5104466080665588,0.2007495462894439,9.302982612735232e-07,0.0019883899949491,1155.000000000045,1.0,0.482,162.79999999988797,0.3264921605587005,1.9357337350811576e-06,1.0,419.0
6,1000,0.3,0.699999988079071,0.6999999284744263,random,300.0,0.5005197525024414,0.1824630796909332,1.1827781563651577e-06,0.0019965530373156,3358.9999999980405,1.0,0.498,204.59999999981392,0.3264921605587005,1.9357337350811576e-06,1.0,419.0
6,1000,0.3,0.699999988079071,0.6999999284744263,all_open,0.1000000014901161,0.6916379332542419,0.1922138929367065,3.199770256284921e-05,1.9254707694926765e-06,227.99999999999133,1.0,0.463,50.19999999999715,0.3264921605587005,1.9357337350811576e-06,1.0,419.0
6,1000,0.3,0.699999988079071,0.6999999284744263,all_open,0.3000000119209289,0.7248033881187439,0.1953294575214386,1.1202557409969372e-05,1.6936869542405477e-06,259.9999999999906,1.0,0.482,50.59999999999823,0.3264921605587005,1.9357337350811576e-06,1.0,419.0
6,1000,0.3,0.699999988079071,0.6999999284744263,all_open,1.0,0.7148366570472717,0.1709423214197158,1.2362370375454167e-05,5.790789600723656e-06,226.9999999999914,1.0,0.507,50.79999999999711,0.3264921605587005,1.9357337350811576e-06,1.0,419.0
6,1000,0.3,0.699999988079071,0.6999999284744263,all_open,3.0,0.6306948065757751,0.1659700274467468,5.439081596201089e-06,7.993825420271605e-06,201.9999999999928,1.0,0.495,50.9999999999971,0.3264921605587005,1.9357337350811576e-06,1.0,419.0
6,1000,0.3,0.699999988079071,0.6999999284744263,all_open,10.0,0.5032594203948975,0.201295256614685,1.0243526037618797e-06,8.038164196477737e-06,156.99999999999537,1.0,0.501,50.29999999999716,0.3264921605587005,1.9357337350811576e-06,1.0,419.0
6,1000,0.3,0.699999988079071,0.6999999284744263,all_open,30.0,0.3807567656040191,0.2004861682653427,4.524443445494083e-06,0.0006289786542765,255.9999999999897,1.0,0.513,50.29999999999714,0.3264921605587005,1.9357337350811576e-06,1.0,419.0
6,1000,0.3,0.699999988079071,0.6999999284744263,all_open,100.0,0.3333549797534942,0.1961124986410141,1.1234639426733615e-06,0.0019850127864629,660.0000000000815,1.0,0.503,138.6000000000315,0.3264921605587005,1.9357337350811576e-06,1.0,419.0
6,1000,0.3,0.699999988079071,0.6999999284744263,all_open,300.0,0.325951486825943,0.1935465931892395,1.037307259922276e-06,0.0019962331280112,1967.9999999993056,1.0,0.501,322.19999999970696,0.3264921605587005,1.9357337350811576e-06,1.0,419.0
6,1000,0.3,0.8999999761581421,0.8999999761581421,random,0.1000000014901161,0.7573069334030151,0.1745146065950393,1.3990712393121277e-06,9.675749623738741e-08,259.9999999999906,1.0,0.479,50.199999999998255,0.257790207862854,8.778796654951293e-06,1.0,419.0
6,1000,0.3,0.8999999761581421,0.8999999761581421,random,0.3000000119209289,0.8208341002464294,0.1435438841581344,1.4953507555933465e-06,1.8593351569506922e-07,193.9999999999933,1.0,0.481,50.89999999999711,0.257790207862854,8.778796654951293e-06,1.0,419.0
6,1000,0.3,0.8999999761581421,0.8999999761581421,random,1.0,0.8638933300971985,0.1309797316789627,1.4340911765163294e-06,5.219172862780397e-07,252.9999999999899,1.0,0.483,50.29999999999714,0.257790207862854,8.778796654951293e-06,1.0,419.0
6,1000,0.3,0.8999999761581421,0.8999999761581421,random,3.0,0.7518888115882874,0.1482971608638763,7.935676424173393e-07,1.309653043790604e-06,315.0000000000031,1.0,0.486,50.30000000001144,0.257790207862854,8.778796654951293e-06,1.0,419.0
6,1000,0.3,0.8999999761581421,0.8999999761581421,random,10.0,0.6523692607879639,0.1652492433786392,2.7138643969534923e-06,6.281295645749196e-05,329.0000000000063,1.0,0.513,50.10000000001139,0.257790207862854,8.778796654951293e-06,1.0,419.0
6,1000,0.3,0.8999999761581421,0.8999999761581421,random,30.0,0.6295152306556702,0.1647776216268539,1.280350363920441e-06,0.0009172746213153,473.0000000000391,1.0,0.516,50.10000000001139,0.257790207862854,8.778796654951293e-06,1.0,419.0
6,1000,0.3,0.8999999761581421,0.8999999761581421,random,100.0,0.6268993616104126,0.1608532816171646,8.514235718101658e-07,0.0019905879162251,874.0000000001302,1.0,0.494,182.7000000000416,0.257790207862854,8.778796654951293e-06,1.0,419.0
6,1000,0.3,0.8999999761581421,0.8999999761581421,random,300.0,0.5952931046485901,0.1610559374094009,1.2898942058312809e-06,0.0019962363876402,2877.999999998478,1.0,0.488,55.59999999994943,0.257790207862854,8.778796654951293e-06,1.0,419.0
6,1000,0.3,0.8999999761581421,0.8999999761581421,all_open,0.1000000014901161,0.8767467141151428,0.1262078881263733,0.0001226353213744,7.635980182385538e-06,226.9999999999914,1.0,0.485,50.79999999999711,0.257790207862854,8.778796654951293e-06,1.0,419.0
6,1000,0.3,0.8999999761581421,0.8999999761581421,all_open,0.3000000119209289,0.8447141647338867,0.1385434567928314,3.228985436512406e-05,4.779502432938898e-06,355.0000000000122,1.0,0.49,50.70000000001153,0.257790207862854,8.778796654951293e-06,1.0,419.0
6,1000,0.3,0.8999999761581421,0.8999999761581421,all_open,1.0,0.7936739325523376,0.166180208325386,1.521460503596212e-06,5.821100899083831e-07,236.9999999999908,1.0,0.483,50.399999999997135,0.257790207862854,8.778796654951293e-06,1.0,419.0
6,1000,0.3,0.8999999761581421,0.8999999761581421,all_open,3.0,0.7564440369606018,0.1494305580854416,1.979004739863408e-05,3.0245038942666724e-05,152.9999999999956,1.0,0.476,50.89999999999712,0.257790207862854,8.778796654951293e-06,1.0,419.0
6,1000,0.3,0.8999999761581421,0.8999999761581421,all_open,10.0,0.5672717094421387,0.1650083214044571,9.434341579790498e-07,1.0829217899299692e-05,133.99999999999667,1.0,0.498,50.99999999999712,0.257790207862854,8.778796654951293e-06,1.0,419.0
6,1000,0.3,0.8999999761581421,0.8999999761581421,all_open,30.0,0.3974589109420776,0.2147173285484314,1.0382996556043387e-06,0.0008050257456488,229.9999999999912,1.0,0.518,50.59999999999712,0.257790207862854,8.778796654951293e-06,1.0,419.0
6,1000,0.3,0.8999999761581421,0.8999999761581421,all_open,100.0,0.2979808449745178,0.187542974948883,1.105157329241477e-06,0.0014493747148662,699.0000000000904,1.0,0.505,50.10000000001139,0.257790207862854,8.778796654951293e-06,1.0,419.0
6,1000,0.3,0.8999999761581421,0.8999999761581421,all_open,300.0,0.2578539848327636,0.2017686516046524,9.047523912321526e-07,0.0019987693522125,1977.9999999992965,1.0,0.495,261.39999999976226,0.257790207862854,8.778796654951293e-06,1.0,419.0
6,1000,0.4,0.5,0.4999999403953552,random,0.1000000014901161,0.5218068957328796,0.1737600415945053,7.792877270495034e-07,5.969151573026465e-08,344.0000000000097,1.0,0.494,50.80000000001155,0.3275884091854095,1.0222969422102324e-06,1.0,319.0
6,1000,0.4,0.5,0.4999999403953552,random,0.3000000119209289,0.5673399567604065,0.1655740886926651,0.0007262443600702,0.0001135991042247,134.99999999999662,1.0,0.488,50.99999999999712,0.3275884091854095,1.0222969422102324e-06,1.0,319.0
6,1000,0.4,0.5,0.4999999403953552,random,1.0,0.5744014978408813,0.1604639738798141,9.286673422750134e-07,4.156352133577457e-07,216.999999999992,1.0,0.503,50.9999999999971,0.3275884091854095,1.0222969422102324e-06,1.0,319.0
6,1000,0.4,0.5,0.4999999403953552,random,3.0,0.5554786324501038,0.148413747549057,1.1518742796684786e-05,1.7110731278080493e-05,313.0000000000027,1.0,0.5,50.90000000001157,0.3275884091854095,1.0222969422102324e-06,1.0,319.0
6,1000,0.4,0.5,0.4999999403953552,random,10.0,0.4739444851875305,0.1587461084127426,8.738656704216336e-07,6.841698905191152e-06,324.0000000000052,1.0,0.501,50.40000000001146,0.3275884091854095,1.0222969422102324e-06,1.0,319.0
6,1000,0.4,0.5,0.4999999403953552,random,30.0,0.4701094031333923,0.1715447008609771,1.083698580834688e-06,0.0011087846942245,447.00000000003314,1.0,0.515,50.50000000001148,0.3275884091854095,1.0222969422102324e-06,1.0,319.0
6,1000,0.4,0.5,0.4999999403953552,random,100.0,0.4053987562656402,0.1847660541534423,8.587138386783787e-07,0.001452020718716,2333.9999999989727,1.0,0.506,50.999999999953616,0.3275884091854095,1.0222969422102324e-06,1.0,319.0
6,1000,0.4,0.5,0.4999999403953552,random,300.0,0.4060752391815185,0.1503004431724548,1.157569705299323e-06,0.001998592633754,4498.999999998836,1.0,0.516,274.1000000009972,0.3275884091854095,1.0222969422102324e-06,1.0,319.0
6,1000,0.4,0.5,0.4999999403953552,all_open,0.1000000014901161,0.558791995048523,0.1578543186187744,1.5706349169199276e-05,1.130621512857033e-06,241.9999999999905,1.0,0.508,50.49999999999713,0.3275884091854095,1.0222969422102324e-06,1.0,319.0
6,1000,0.4,0.5,0.4999999403953552,all_open,0.3000000119209289,0.6162242293357849,0.1560291945934295,8.045838584821383e-07,9.285987800922156e-08,141.99999999999622,1.0,0.496,50.099999999997166,0.3275884091854095,1.0222969422102324e-06,1.0,319.0
6,1000,0.4,0.5,0.4999999403953552,all_open,1.0,0.6640554070472717,0.1921698600053787,8.231991075499652e-05,3.696286512422376e-05,251.99999999999,1.0,0.503,50.69999999999712,0.3275884091854095,1.0222969422102324e-06,1.0,319.0
6,1000,0.4,0.5,0.4999999403953552,all_open,3.0,0.6045998334884644,0.2341271638870239,9.123367232125555e-06,1.3054545888735449e-05,157.9999999999953,1.0,0.502,50.29999999999716,0.3275884091854095,1.0222969422102324e-06,1.0,319.0
6,1000,0.4,0.5,0.4999999403953552,all_open,10.0,0.4929883182048797,0.2452437430620193,1.0946807714040435e-06,2.896879777836148e-05,213.99999999999213,1.0,0.508,50.19999999999715,0.3275884091854095,1.0222969422102324e-06,1.0,319.0
6,1000,0.4,0.5,0.4999999403953552,all_open,30.0,0.4458849430084228,0.2552229464054107,9.82935876603087e-07,0.0001611090847291,278.99999999999494,1.0,0.493,50.200000000003655,0.3275884091854095,1.0222969422102324e-06,1.0,319.0
6,1000,0.4,0.5,0.4999999403953552,all_open,100.0,0.3281371891498565,0.2517678439617157,1.104283791776477e-06,0.0019912398420274,670.0000000000838,1.0,0.493,55.000000000012506,0.3275884091854095,1.0222969422102324e-06,1.0,319.0
6,1000,0.4,0.5,0.4999999403953552,all_open,300.0,0.3275973200798034,0.2324667572975158,1.0664814460717904e-06,0.0019976524636149,1971.999999999302,1.0,0.475,305.9999999997217,0.3275884091854095,1.0222969422102324e-06,1.0,319.0
6,1000,0.4,0.699999988079071,0.699999988079071,random,0.1000000014901161,0.6624197959899902,0.1440284699201584,8.804737608959322e-07,6.206938962804999e-08,193.9999999999933,1.0,0.488,50.69999999999712,0.364882230758667,9.983768904930912e-07,1.0,319.0
6,1000,0.4,0.699999988079071,0.699999988079071,random,0.3000000119209289,0.6827985644340515,0.1489952951669693,1.130559186725839e-06,1.2042684716107033e-07,142.99999999999616,1.0,0.493,50.39999999999715,0.364882230758667,9.983768904930912e-07,1.0,319.0
6,1000,0.4,0.699999988079071,0.699999988079071,random,1.0,0.6650386452674866,0.1574041843414306,9.593917964062104e-06,4.569455541059142e-06,234.99999999999093,1.0,0.504,50.69999999999712,0.364882230758667,9.983768904930912e-07,1.0,319.0
6,1000,0.4,0.699999988079071,0.699999988079071,random,3.0,0.6453810334205627,0.1639723777770996,4.2440346815794725e-06,6.240984475880396e-06,139.99999999999633,1.0,0.504,50.99999999999712,0.364882230758667,9.983768904930912e-07,1.0,319.0
6,1000,0.4,0.699999988079071,0.699999988079071,random,10.0,0.6372060179710388,0.1492885500192642,9.45944309800504e-07,1.793632509361487e-05,179.99999999999406,1.0,0.512,50.79999999999711,0.364882230758667,9.983768904930912e-07,1.0,319.0
6,1000,0.4,0.699999988079071,0.699999988079071,random,30.0,0.5856339335441589,0.1657405495643615,8.651063415042793e-07,0.0004693800583481,376.000000000017,1.0,0.506,50.20000000001141,0.364882230758667,9.983768904930912e-07,1.0,319.0
6,1000,0.4,0.699999988079071,0.699999988079071,random,100.0,0.5232216715812683,0.1596858650445938,8.205705384993597e-07,0.001409163698554,1051.0000000001396,1.0,0.486,50.99999999998079,0.364882230758667,9.983768904930912e-07,1.0,319.0
6,1000,0.4,0.699999988079071,0.699999988079071,random,300.0,0.4863916933536529,0.1999830305576324,1.0516909970198503e-06,0.0019938377663493,4043.9999999974175,1.0,0.487,124.49999999988675,0.364882230758667,9.983768904930912e-07,1.0,319.0
6,1000,0.4,0.699999988079071,0.699999988079071,all_open,0.1000000014901161,0.6924757361412048,0.1431911885738372,1.560411807954799e-05,1.0868490107895925e-06,150.9999999999957,1.0,0.499,50.49999999999714,0.364882230758667,9.983768904930912e-07,1.0,319.0
6,1000,0.4,0.699999988079071,0.699999988079071,all_open,0.3000000119209289,0.7186712026596069,0.1473702192306518,9.109720287861356e-07,1.1023667667586778e-07,144.99999999999605,1.0,0.498,50.69999999999713,0.364882230758667,9.983768904930912e-07,1.0,319.0
6,1000,0.4,0.699999988079071,0.699999988079071,all_open,1.0,0.7579207420349121,0.1458020210266113,1.3205476235965894e-06,5.422716640168801e-07,158.99999999999525,1.0,0.49,50.099999999997166,0.364882230758667,9.983768904930912e-07,1.0,319.0
6,1000,0.4,0.699999988079071,0.699999988079071,all_open,3.0,0.6433908939361572,0.195173755288124,1.6118378241670058e-05,2.652019429660868e-05,267.99999999999244,1.0,0.493,50.30000000000052,0.364882230758667,9.983768904930912e-07,1.0,319.0
6,1000,0.4,0.699999988079071,0.699999988079071,all_open,10.0,0.4932514131069183,0.2298482358455658,3.674764458893366e-05,0.0002376826450927,282.99999999999585,1.0,0.522,50.500000000004775,0.364882230758667,9.983768904930912e-07,1.0,319.0
6,1000,0.4,0.699999988079071,0.699999988079071,all_open,30.0,0.4165442883968353,0.251068651676178,1.1425999781519054e-06,0.0004791774845216,244.9999999999904,1.0,0.503,50.69999999999712,0.364882230758667,9.983768904930912e-07,1.0,319.0
6,1000,0.4,0.699999988079071,0.699999988079071,all_open,100.0,0.3674987852573395,0.2249907702207565,1.152446716248618e-06,0.001997338142246,661.0000000000817,1.0,0.499,133.50000000003035,0.364882230758667,9.983768904930912e-07,1.0,319.0
6,1000,0.4,0.699999988079071,0.699999988079071,all_open,300.0,0.3648926019668579,0.2259388118982315,1.0885267700184689e-06,0.0019943446386605,1971.999999999302,1.0,0.501,104.29999999990514,0.364882230758667,9.983768904930912e-07,1.0,319.0
6,1000,0.4,0.8999999761581421,0.8999999165534973,random,0.1000000014901161,0.7614324688911438,0.1595330238342285,8.139910044749018e-05,5.397972472565016e-06,210.9999999999923,1.0,0.497,50.29999999999714,0.320760428905487,6.180029686220223e-06,1.0,319.0
6,1000,0.4,0.8999999761581421,0.8999999165534973,random,0.3000000119209289,0.7591450214385986,0.1494590789079666,8.639700308161481e-07,1.0486325408010089e-07,236.9999999999908,1.0,0.497,50.399999999997135,0.320760428905487,6.180029686220223e-06,1.0,319.0
6,1000,0.4,0.8999999761581421,0.8999999165534973,random,1.0,0.765535295009613,0.1416782140731811,1.0818542055038734e-06,4.980223025086161e-07,214.99999999999207,1.0,0.494,50.09999999999715,0.320760428905487,6.180029686220223e-06,1.0,319.0
6,1000,0.4,0.8999999761581421,0.8999999165534973,random,3.0,0.7604795694351196,0.144181028008461,1.0945243698024992e-06,1.523486389487516e-06,289.99999999999744,1.0,0.501,50.00000000000679,0.320760428905487,6.180029686220223e-06,1.0,319.0
6,1000,0.4,0.8999999761581421,0.8999999165534973,random,10.0,0.7190499901771545,0.1449047476053238,1.8969122173443e-06,1.670938218012452e-05,182.9999999999939,1.0,0.511,50.19999999999715,0.320760428905487,6.180029686220223e-06,1.0,319.0
6,1000,0.4,0.8999999761581421,0.8999999165534973,random,30.0,0.6708105206489563,0.1491798609495163,9.060107705659966e-07,0.001047765603289,892.0000000001343,1.0,0.478,50.00000000001137,0.320760428905487,6.180029686220223e-06,1.0,319.0
6,1000,0.4,0.8999999761581421,0.8999999165534973,random,100.0,0.6310762763023376,0.1604666113853454,9.186404713987208e-07,0.0019990333821624,934.0000000001438,1.0,0.484,92.90000000002112,0.320760428905487,6.180029686220223e-06,1.0,319.0
6,1000,0.4,0.8999999761581421,0.8999999165534973,random,300.0,0.6056222915649414,0.1856162101030349,9.011593600146636e-07,0.0019990515429526,3873.999999997572,1.0,0.497,440.899999999599,0.320760428905487,6.180029686220223e-06,1.0,319.0
6,1000,0.4,0.8999999761581421,0.8999999165534973,all_open,0.1000000014901161,0.7662197947502136,0.1660240441560745,8.10470189879893e-07,6.677785790998314e-08,225.99999999999145,1.0,0.49,50.09999999999715,0.320760428905487,6.180029686220223e-06,1.0,319.0
6,1000,0.4,0.8999999761581421,0.8999999165534973,all_open,0.3000000119209289,0.788343071937561,0.1431190967559814,1.6150704744596668e-06,1.853230315873589e-07,124.99999999999716,1.0,0.491,50.9999999999971,0.320760428905487,6.180029686220223e-06,1.0,319.0
6,1000,0.4,0.8999999761581421,0.8999999165534973,all_open,1.0,0.7846804261207581,0.1504088789224624,2.8865030526186053e-05,1.2051586054440122e-05,214.99999999999207,1.0,0.501,50.29999999999714,0.320760428905487,6.180029686220223e-06,1.0,319.0
6,1000,0.4,0.8999999761581421,0.8999999165534973,all_open,3.0,0.7275669574737549,0.1583207100629806,1.0125644602515958e-06,1.509643539066019e-06,111.99999999999793,1.0,0.495,50.2999999999973,0.320760428905487,6.180029686220223e-06,1.0,319.0
6,1000,0.4,0.8999999761581421,0.8999999165534973,all_open,10.0,0.5330414772033691,0.2023562043905258,1.0363041893821594e-06,9.576190677762496e-06,155.99999999999542,1.0,0.506,50.59999999999714,0.320760428905487,6.180029686220223e-06,1.0,319.0
6,1000,0.4,0.8999999761581421,0.8999999165534973,all_open,30.0,0.4306456744670868,0.2150863260030746,1.1048010841281367e-06,0.0001860624033724,288.9999999999972,1.0,0.502,50.1000000000065,0.320760428905487,6.180029686220223e-06,1.0,319.0
6,1000,0.4,0.8999999761581421,0.8999999165534973,all_open,100.0,0.3435476720333099,0.2120995074510574,1.040760373516224e-06,0.001358356908895,702.0000000000911,1.0,0.488,50.00000000001137,0.320760428905487,6.180029686220223e-06,1.0,319.0
6,1000,0.4,0.8999999761581421,0.8999999165534973,all_open,300.0,0.3367277085781097,0.2124112546443939,1.034222948084815e-06,0.0019984904211014,1975.9999999992983,1.0,0.489,330.69999999969923,0.320760428905487,6.180029686220223e-06,1.0,319.0
6,1000,0.5,0.5,0.4999999403953552,random,0.1000000014901161,0.531567394733429,0.1428150087594986,3.5011471739532083e-06,2.068810260880128e-07,218.99999999999184,1.0,0.523,50.19999999999715,0.2088355422019958,1.0323396963940468e-06,1.0,657.0
6,1000,0.5,0.5,0.4999999403953552,random,0.3000000119209289,0.5292245149612427,0.1410000026226043,8.766979390673215e-07,9.877496154331312e-08,208.9999999999924,1.0,0.508,50.49999999999713,0.2088355422019958,1.0323396963940468e-06,1.0,657.0
6,1000,0.5,0.5,0.4999999403953552,random,1.0,0.4898068904876709,0.1763990074396133,9.398520599506982e-07,4.305818777083914e-07,324.0000000000052,1.0,0.485,50.60000000001151,0.2088355422019958,1.0323396963940468e-06,1.0,657.0
6,1000,0.5,0.5,0.4999999403953552,random,3.0,0.4632495939731598,0.1864624619483947,1.464835116141352e-06,1.9565702586987754e-06,128.99999999999696,1.0,0.488,50.099999999997166,0.2088355422019958,1.0323396963940468e-06,1.0,657.0
6,1000,0.5,0.5,0.4999999403953552,random,10.0,0.4289363026618957,0.1942217797040939,9.211995113765432e-07,1.069439258571947e-05,253.99999999998985,1.0,0.507,50.59999999999712,0.2088355422019958,1.0323396963940468e-06,1.0,657.0
6,1000,0.5,0.5,0.4999999403953552,random,30.0,0.4050611555576324,0.1737304031848907,9.173649971883968e-07,0.0018508313223719,505.0000000000463,1.0,0.485,50.10000000001139,0.2088355422019958,1.0323396963940468e-06,1.0,657.0
6,1000,0.5,0.5,0.4999999403953552,random,100.0,0.3241532444953918,0.1847165822982788,9.846876601223228e-07,0.0019863636698573,1010.0000000001612,1.0,0.507,129.40000000002942,0.2088355422019958,1.0323396963940468e-06,1.0,657.0
6,1000,0.5,0.5,0.4999999403953552,random,300.0,0.3502623438835144,0.1765709370374679,1.0812438730736308e-06,0.0019982119556516,4147.999999997559,1.0,0.508,376.8999999998932,0.2088355422019958,1.0323396963940468e-06,1.0,657.0
6,1000,0.5,0.5,0.4999999403953552,all_open,0.1000000014901161,0.5185142755508423,0.1462969332933426,9.32636449076576e-07,6.047530831665426e-08,464.000000000037,1.0,0.506,50.00000000001137,0.2088355422019958,1.0323396963940468e-06,1.0,657.0
6,1000,0.5,0.5,0.4999999403953552,all_open,0.3000000119209289,0.5843321084976196,0.1413653939962387,4.076323709359664e-06,5.301886858433136e-07,174.99999999999434,1.0,0.512,50.39999999999715,0.2088355422019958,1.0323396963940468e-06,1.0,657.0
6,1000,0.5,0.5,0.4999999403953552,all_open,1.0,0.6183521151542664,0.162516176700592,4.292607792401472e-06,1.8361065485805737e-06,123.99999999999724,1.0,0.508,50.69999999999712,0.2088355422019958,1.0323396963940468e-06,1.0,657.0
6,1000,0.5,0.5,0.4999999403953552,all_open,3.0,0.5996370315551758,0.1603139638900756,1.0960968434346133e-06,1.440154960619111e-06,100.99999999999854,1.0,0.5,50.79999999999809,0.2088355422019958,1.0323396963940468e-06,1.0,657.0
6,1000,0.5,0.5,0.4999999403953552,all_open,10.0,0.4864686131477356,0.1794229745864868,9.713368246599823e-07,6.778731858503306e-06,160.99999999999514,1.0,0.495,50.99999999999712,0.2088355422019958,1.0323396963940468e-06,1.0,657.0
6,1000,0.5,0.5,0.4999999403953552,all_open,30.0,0.3581433296203613,0.212958887219429,1.1013957749513085e-06,0.0019388858927413,225.99999999999145,1.0,0.504,53.99999999999693,0.2088355422019958,1.0323396963940468e-06,1.0,657.0
6,1000,0.5,0.5,0.4999999403953552,all_open,100.0,0.2840141952037811,0.211781620979309,1.1792409341119349e-06,0.0019876614678651,669.0000000000836,1.0,0.502,185.4000000000421,0.2088355422019958,1.0323396963940468e-06,1.0,657.0
6,1000,0.5,0.5,0.4999999403953552,all_open,300.0,0.2296625077724456,0.2102253139019012,1.178072303539908e-06,0.0019969281274825,1984.99999999929,1.0,0.477,101.19999999990796,0.2088355422019958,1.0323396963940468e-06,1.0,657.0
6,1000,0.5,0.699999988079071,0.699999988079071,random,0.1000000014901161,0.5882253646850586,0.1666824072599411,1.075208545122494e-06,7.163833970480482e-08,578.0000000000629,1.0,0.512,50.30000000001144,0.2170694172382354,9.790522881303332e-07,1.0,657.0
6,1000,0.5,0.699999988079071,0.699999988079071,random,0.3000000119209289,0.6541738510131836,0.1403883397579193,1.4864106397375535e-06,1.857402764926519e-07,190.99999999999343,1.0,0.524,50.79999999999711,0.2170694172382354,9.790522881303332e-07,1.0,657.0
6,1000,0.5,0.699999988079071,0.699999988079071,random,1.0,0.6350511312484741,0.1498887091875076,9.039250823742166e-07,3.888045512212557e-07,179.99999999999406,1.0,0.511,50.89999999999711,0.2170694172382354,9.790522881303332e-07,1.0,657.0
6,1000,0.5,0.699999988079071,0.699999988079071,random,3.0,0.6052855849266052,0.1540173441171646,1.0027124408458102e-06,1.4254493407861446e-06,219.9999999999918,1.0,0.502,50.29999999999714,0.2170694172382354,9.790522881303332e-07,1.0,657.0
6,1000,0.5,0.699999988079071,0.699999988079071,random,10.0,0.592529296875,0.1477435827255249,8.735388729831534e-07,3.181019565090537e-05,304.0000000000006,1.0,0.488,50.100000000010766,0.2170694172382354,9.790522881303332e-07,1.0,657.0
6,1000,0.5,0.699999988079071,0.699999988079071,random,30.0,0.53684002161026,0.2008236348628997,8.788944428814039e-07,0.0001650793710723,560.0000000000588,1.0,0.494,50.90000000001152,0.2170694172382354,9.790522881303332e-07,1.0,657.0
6,1000,0.5,0.699999988079071,0.699999988079071,random,100.0,0.4880634546279907,0.1559017598628997,9.819751802498324e-07,0.00198934529908,1402.9999999998197,1.0,0.504,150.2999999998633,0.2170694172382354,9.790522881303332e-07,1.0,657.0
6,1000,0.5,0.699999988079071,0.699999988079071,random,300.0,0.4899696707725525,0.1919005811214447,1.071553569983394e-06,0.0019965772517025,3942.999999997509,1.0,0.503,114.59999999989576,0.2170694172382354,9.790522881303332e-07,1.0,657.0
6,1000,0.5,0.699999988079071,0.699999988079071,all_open,0.1000000014901161,0.6779987812042236,0.1463150084018707,1.236318071955603e-06,8.918658522816258e-08,229.9999999999912,1.0,0.499,50.9999999999971,0.2170694172382354,9.790522881303332e-07,1.0,657.0
6,1000,0.5,0.699999988079071,0.699999988079071,all_open,0.3000000119209289,0.7201558351516724,0.1474321037530899,4.498541285919157e-06,6.629127824453462e-07,172.99999999999446,1.0,0.516,50.099999999997166,0.2170694172382354,9.790522881303332e-07,1.0,657.0
6,1000,0.5,0.699999988079071,0.699999988079071,all_open,1.0,0.6679156422615051,0.1592096388339996,1.2621911766213416e-06,5.680474259861512e-07,202.99999999999275,1.0,0.525,50.59999999999712,0.2170694172382354,9.790522881303332e-07,1.0,657.0
6,1000,0.5,0.699999988079071,0.699999988079071,all_open,3.0,0.7308160662651062,0.1642244011163711,4.192236638448433e-06,5.649369541060878e-06,123.99999999999724,1.0,0.494,50.49999999999713,0.2170694172382354,9.790522881303332e-07,1.0,657.0
6,1000,0.5,0.699999988079071,0.699999988079071,all_open,10.0,0.5623461008071899,0.1782951951026916,9.194762320405456e-07,4.842788712267065e-06,213.99999999999213,1.0,0.48,50.09999999999715,0.2170694172382354,9.790522881303332e-07,1.0,657.0
6,1000,0.5,0.699999988079071,0.699999988079071,all_open,30.0,0.4158216416835785,0.2056520283222198,1.01343028843324e-06,0.0004106903506908,254.9999999999898,1.0,0.499,50.399999999997135,0.2170694172382354,9.790522881303332e-07,1.0,657.0
6,1000,0.5,0.699999988079071,0.699999988079071,all_open,100.0,0.3304103314876556,0.2149428874254226,1.0891241502174594e-06,0.0019970764406025,665.0000000000827,1.0,0.497,87.5000000000199,0.2170694172382354,9.790522881303332e-07,1.0,657.0
6,1000,0.5,0.699999988079071,0.699999988079071,all_open,300.0,0.3114509582519531,0.197746455669403,1.0714733761896914e-06,0.0019945150706917,1976.9999999992967,1.0,0.496,431.7999999996073,0.2170694172382354,9.790522881303332e-07,1.0,657.0
6,1000,0.5,0.8999999761581421,0.8999998569488525,random,0.1000000014901161,0.7686683535575867,0.1760458648204803,9.112004764306164e-07,6.740862801279945e-08,144.99999999999605,1.0,0.502,50.89999999999712,0.2594591975212097,3.336998361191945e-06,1.0,657.0
6,1000,0.5,0.8999999761581421,0.8999998569488525,random,0.3000000119209289,0.7112021446228027,0.1618190854787826,9.039452164794172e-07,1.1402529054294065e-07,197.99999999999304,1.0,0.506,50.59999999999712,0.2594591975212097,3.336998361191945e-06,1.0,657.0
6,1000,0.5,0.8999999761581421,0.8999998569488525,random,1.0,0.7773519158363342,0.1573951244354248,8.554159867951199e-07,4.01684161488447e-07,94.99999999999888,1.0,0.507,50.89999999999852,0.2594591975212097,3.336998361191945e-06,1.0,657.0
6,1000,0.5,0.8999999761581421,0.8999998569488525,random,3.0,0.750560462474823,0.1611122190952301,8.980783902916361e-07,1.4209841765477904e-06,186.9999999999937,1.0,0.504,50.09999999999715,0.2594591975212097,3.336998361191945e-06,1.0,657.0
6,1000,0.5,0.8999999761581421,0.8999998569488525,random,10.0,0.704933226108551,0.1661665141582489,9.12578784219694e-07,1.1931692824873608e-05,211.99999999999224,1.0,0.515,50.69999999999712,0.2594591975212097,3.336998361191945e-06,1.0,657.0
6,1000,0.5,0.8999999761581421,0.8999998569488525,random,30.0,0.6589345932006836,0.1679291725158691,1.0945520274690405e-05,0.0009304068516939,289.99999999999744,1.0,0.494,50.50000000000677,0.2594591975212097,3.336998361191945e-06,1.0,657.0
6,1000,0.5,0.8999999761581421,0.8999998569488525,random,100.0,0.637405276298523,0.1656076908111572,1.0023932814800284e-06,0.0019846623763442,919.0000000001404,1.0,0.506,192.4000000000437,0.2594591975212097,3.336998361191945e-06,1.0,657.0
6,1000,0.5,0.8999999761581421,0.8999998569488525,random,300.0,0.6134201884269714,0.1451805531978607,8.120312964727166e-07,0.0017237496795132,2804.9999999985444,1.0,0.491,50.7999999999538,0.2594591975212097,3.336998361191945e-06,1.0,657.0
6,1000,0.5,0.8999999761581421,0.8999998569488525,all_open,0.1000000014901161,0.7502726316452026,0.1782902479171753,9.439227068663772e-07,7.040617333586854e-08,197.99999999999304,1.0,0.511,50.79999999999711,0.2594591975212097,3.336998361191945e-06,1.0,657.0
6,1000,0.5,0.8999999761581421,0.8999998569488525,all_open,0.3000000119209289,0.7318652272224426,0.1607609242200851,8.129168501817885e-07,1.144088486171313e-07,224.9999999999915,1.0,0.511,50.399999999997135,0.2594591975212097,3.336998361191945e-06,1.0,657.0
6,1000,0.5,0.8999999761581421,0.8999998569488525,all_open,1.0,0.7246948480606079,0.1773484945297241,1.0854813354098652e-06,4.935408810524677e-07,170.99999999999457,1.0,0.521,50.29999999999716,0.2594591975212097,3.336998361191945e-06,1.0,657.0
6,1000,0.5,0.8999999761581421,0.8999998569488525,all_open,3.0,0.7070904970169067,0.1627953201532364,1.0649426432587334e-06,1.4699553503305651e-06,117.99999999999756,1.0,0.49,50.19999999999715,0.2594591975212097,3.336998361191945e-06,1.0,657.0
6,1000,0.5,0.8999999761581421,0.8999998569488525,all_open,10.0,0.5836578607559204,0.169967383146286,1.243205840627332e-06,1.253535538126016e-05,273.9999999999938,1.0,0.482,50.50000000000222,0.2594591975212097,3.336998361191945e-06,1.0,657.0
6,1000,0.5,0.8999999761581421,0.8999998569488525,all_open,30.0,0.4349822103977203,0.2141954004764557,1.0037350928593406e-06,0.0008892994956113,230.9999999999912,1.0,0.479,50.19999999999715,0.2594591975212097,3.336998361191945e-06,1.0,657.0
6,1000,0.5,0.8999999761581421,0.8999998569488525,all_open,100.0,0.3268252313137054,0.1903511583805084,1.0862720002897185e-06,0.0010145601117983,733.0000000000981,1.0,0.501,50.50000000001148,0.2594591975212097,3.336998361191945e-06,1.0,657.0
6,1000,0.5,0.8999999761581421,0.8999998569488525,all_open,300.0,0.3136204481124878,0.1721404790878296,1.014804798753012e-06,0.0019986815750598,1974.9999999992992,1.0,0.496,242.89999999977908,0.2594591975212097,3.336998361191945e-06,1.0,657.0
7,1000,0.1,0.5,0.5,random,0.1000000014901161,0.8329418897628784,0.0640283375978469,1.154783321699179e-06,6.0667304069284e-08,58.00000000000056,1.0,0.511,50.70000000000056,0.996345043182373,1.6749480664657312e-06,1.0,23.0
7,1000,0.1,0.5,0.5,random,0.3000000119209289,0.8445166349411011,0.0712886154651641,1.211100430388051e-06,1.3167634449473553e-07,55.00000000000051,1.0,0.509,50.00000000000051,0.996345043182373,1.6749480664657312e-06,1.0,23.0
7,1000,0.1,0.5,0.5,random,1.0,0.8701453804969788,0.07387675344944,1.2538507853923125e-06,4.786120939570537e-07,61.0000000000006,1.0,0.502,50.60000000000062,0.996345043182373,1.6749480664657312e-06,1.0,23.0
7,1000,0.1,0.5,0.5,random,3.0,0.8821547031402588,0.0710793361067771,1.239636479884894e-06,1.338156380370492e-06,71.00000000000024,1.0,0.505,50.200000000000216,0.996345043182373,1.6749480664657312e-06,1.0,23.0
7,1000,0.1,0.5,0.5,random,10.0,0.8869204521179199,0.0741562470793724,1.2127171996721557e-06,1.978287946258206e-05,133.99999999999667,1.0,0.504,50.79999999999713,0.996345043182373,1.6749480664657312e-06,1.0,23.0
7,1000,0.1,0.5,0.5,random,30.0,0.8871678709983826,0.0748281776905059,1.2633746351324762e-06,0.0011920998804271,257.99999999999017,1.0,0.501,50.69999999999766,0.996345043182373,1.6749480664657312e-06,1.0,23.0
7,1000,0.1,0.5,0.5,random,100.0,0.8873660564422607,0.0751081854104995,1.3262218372535735e-06,0.0019972941372543,838.000000000122,1.0,0.502,141.00000000003206,0.996345043182373,1.6749480664657312e-06,1.0,23.0
7,1000,0.1,0.5,0.5,random,300.0,0.8875079154968262,0.0753635093569755,1.4892883803331074e-06,0.0019948026165366,2538.9999999987863,1.0,0.503,181.79999999983465,0.996345043182373,1.6749480664657312e-06,1.0,23.0
7,1000,0.1,0.5,0.5,all_open,0.1000000014901161,0.8565321564674377,0.065944068133831,1.2360117811299634e-06,6.260828655513252e-08,55.00000000000051,1.0,0.512,50.200000000000514,0.996345043182373,1.6749480664657312e-06,1.0,23.0
7,1000,0.1,0.5,0.5,all_open,0.3000000119209289,0.9252137541770936,0.0740665271878242,1.2816040326271518e-06,1.286487645302259e-07,56.000000000000526,1.0,0.511,50.60000000000053,0.996345043182373,1.6749480664657312e-06,1.0,23.0
7,1000,0.1,0.5,0.5,all_open,1.0,0.9818980097770692,0.0726661309599876,1.3582217768411577e-06,5.156829274710617e-07,57.00000000000054,1.0,0.507,50.60000000000055,0.996345043182373,1.6749480664657312e-06,1.0,23.0
7,1000,0.1,0.5,0.5,all_open,3.0,0.9947271943092346,0.0732415616512298,1.3916062940413906e-06,1.5480125057365512e-06,68.00000000000041,1.0,0.505,50.60000000000044,0.996345043182373,1.6749480664657312e-06,1.0,23.0
7,1000,0.1,0.5,0.5,all_open,10.0,0.9962072968482972,0.0729478001594543,1.3769984873648684e-06,3.957883745897561e-05,104.99999999999832,1.0,0.504,50.99999999999781,0.996345043182373,1.6749480664657312e-06,1.0,23.0
7,1000,0.1,0.5,0.5,all_open,30.0,0.9963427782058716,0.0728325992822647,1.3665738386728151e-06,0.0013888836838304,207.99999999999247,1.0,0.504,50.49999999999713,0.996345043182373,1.6749480664657312e-06,1.0,23.0
7,1000,0.1,0.5,0.5,all_open,100.0,0.9963439702987672,0.072831280529499,1.267678363440176e-06,0.001992339733988,657.0000000000808,1.0,0.504,133.10000000003026,0.996345043182373,1.6749480664657312e-06,1.0,23.0
7,1000,0.1,0.5,0.5,all_open,300.0,0.996345043182373,0.0728313252329826,1.3214968624635113e-06,0.0019994266331195,1969.999999999304,1.0,0.504,398.9999999996371,0.996345043182373,1.6749480664657312e-06,1.0,23.0
7,1000,0.1,0.699999988079071,0.7000000476837158,random,0.1000000014901161,0.8916555047035217,0.0736449584364891,1.2146529367395677e-06,6.103346805730325e-08,60.00000000000058,1.0,0.504,50.6000000000006,0.9963451027870178,1.8419224261378984e-06,1.0,23.0
7,1000,0.1,0.699999988079071,0.7000000476837158,random,0.3000000119209289,0.9124093055725098,0.0777545571327209,1.3048209592305756e-06,1.3291968059547798e-07,62.00000000000061,1.0,0.505,50.20000000000064,0.9963451027870178,1.8419224261378984e-06,1.0,23.0
7,1000,0.1,0.699999988079071,0.7000000476837158,random,1.0,0.9258065223693848,0.0754831358790397,1.2632855216604895e-06,4.692543882356404e-07,60.00000000000058,1.0,0.501,50.3000000000006,0.9963451027870178,1.8419224261378984e-06,1.0,23.0
7,1000,0.1,0.699999988079071,0.7000000476837158,random,3.0,0.9292874932289124,0.0756307989358902,1.3202993463905627e-06,1.4156346423987998e-06,68.00000000000041,1.0,0.498,50.90000000000044,0.9963451027870178,1.8419224261378984e-06,1.0,23.0
7,1000,0.1,0.699999988079071,0.7000000476837158,random,10.0,0.9289034605026244,0.0742224752902984,1.3212537796451423e-06,4.813026862393599e-06,152.9999999999956,1.0,0.504,50.69999999999713,0.9963451027870178,1.8419224261378984e-06,1.0,23.0
7,1000,0.1,0.699999988079071,0.7000000476837158,random,30.0,0.9290722012519836,0.0743401646614074,1.1786346092020573e-06,0.0002323260850971,281.9999999999956,1.0,0.504,50.20000000000451,0.9963451027870178,1.8419224261378984e-06,1.0,23.0
7,1000,0.1,0.699999988079071,0.7000000476837158,random,100.0,0.9291645884513856,0.0744337514042854,1.3928247329994006e-06,0.0014196713455021,776.0000000001079,1.0,0.504,50.80000000001155,0.9963451027870178,1.8419224261378984e-06,1.0,23.0
7,1000,0.1,0.699999988079071,0.7000000476837158,random,300.0,0.9292176365852356,0.0746162310242652,1.6030798642333372e-06,0.0019948617555201,2223.9999999990728,1.0,0.501,129.2999999998824,0.9963451027870178,1.8419224261378984e-06,1.0,23.0
7,1000,0.1,0.699999988079071,0.7000000476837158,all_open,0.1000000014901161,0.9255731105804444,0.0744752064347267,1.2520489788857657e-06,6.583326950249102e-08,55.00000000000051,1.0,0.503,50.200000000000514,0.9963451027870178,1.8419224261378984e-06,1.0,23.0
7,1000,0.1,0.699999988079071,0.7000000476837158,all_open,0.3000000119209289,0.9664579033851624,0.0744322836399078,1.2938670767074788e-06,1.3953730615412496e-07,59.00000000000057,1.0,0.507,50.60000000000058,0.9963451027870178,1.8419224261378984e-06,1.0,23.0
7,1000,0.1,0.699999988079071,0.7000000476837158,all_open,1.0,0.9916555285453796,0.0722950473427772,1.370700017267355e-06,4.76460826348557e-07,58.00000000000056,1.0,0.505,50.800000000000566,0.9963451027870178,1.8419224261378984e-06,1.0,23.0
7,1000,0.1,0.699999988079071,0.7000000476837158,all_open,3.0,0.9962098598480223,0.0725685507059097,1.4075779320796686e-06,1.55404973156692e-06,74.00000000000007,1.0,0.507,50.90000000000001,0.9963451027870178,1.8419224261378984e-06,1.0,23.0
7,1000,0.1,0.699999988079071,0.7000000476837158,all_open,10.0,0.9964175820350648,0.0727563351392746,1.3996288578016255e-06,5.26744406670332e-06,132.99999999999673,1.0,0.505,50.49999999999714,0.9963451027870178,1.8419224261378984e-06,1.0,23.0
7,1000,0.1,0.699999988079071,0.7000000476837158,all_open,30.0,0.9963461756706238,0.0728293135762214,1.30939171863688e-06,0.0013861182378605,207.99999999999247,1.0,0.504,50.69999999999712,0.9963451027870178,1.8419224261378984e-06,1.0,23.0
7,1000,0.1,0.699999988079071,0.7000000476837158,all_open,100.0,0.9963439702987672,0.072831280529499,1.2746689589614452e-06,0.0019913711585104,657.0000000000808,1.0,0.504,133.2000000000303,0.9963451027870178,1.8419224261378984e-06,1.0,23.0
7,1000,0.1,0.699999988079071,0.7000000476837158,all_open,300.0,0.996345043182373,0.0728313252329826,1.3757241320787318e-06,0.0019991097506135,1969.999999999304,1.0,0.504,399.099999999637,0.9963451027870178,1.8419224261378984e-06,1.0,23.0
7,1000,0.1,0.8999999761581421,0.8999999761581421,random,0.1000000014901161,0.9653507471084596,0.073952816426754,1.3338109892363726e-06,6.425339904581051e-08,58.00000000000056,1.0,0.503,50.40000000000057,0.9963451027870178,2.068737103400053e-06,1.0,23.0
7,1000,0.1,0.8999999761581421,0.8999999761581421,random,0.3000000119209289,0.9704563021659852,0.0726987048983573,1.3967007904953246e-06,1.3560037359638957e-07,54.0000000000005,1.0,0.499,50.20000000000049,0.9963451027870178,2.068737103400053e-06,1.0,23.0
7,1000,0.1,0.8999999761581421,0.8999999761581421,random,1.0,0.9739144444465636,0.0736341252923011,1.372290643650704e-06,4.932746264785237e-07,58.00000000000056,1.0,0.5,50.50000000000057,0.9963451027870178,2.068737103400053e-06,1.0,23.0
7,1000,0.1,0.8999999761581421,0.8999999761581421,random,3.0,0.9744794368743896,0.0741036981344223,1.2846309223380404e-06,1.4710260529682273e-06,67.00000000000047,1.0,0.503,50.1000000000005,0.9963451027870178,2.068737103400053e-06,1.0,23.0
7,1000,0.1,0.8999999761581421,0.8999999761581421,random,10.0,0.9745296835899352,0.0741498097777366,1.3569013704990775e-06,6.006299372529611e-05,102.99999999999842,1.0,0.504,50.09999999999794,0.9963451027870178,2.068737103400053e-06,1.0,23.0
7,1000,0.1,0.8999999761581421,0.8999999761581421,random,30.0,0.9745425581932068,0.0741822719573974,1.2773409384850273e-06,0.0015414213994517,210.9999999999923,1.0,0.504,50.9999999999971,0.9963451027870178,2.068737103400053e-06,1.0,23.0
7,1000,0.1,0.8999999761581421,0.8999999761581421,random,100.0,0.9745570421218872,0.0741948336362838,1.3567429990646008e-06,0.0019969465211033,677.0000000000854,1.0,0.504,138.20000000003142,0.9963451027870178,2.068737103400053e-06,1.0,23.0
7,1000,0.1,0.8999999761581421,0.8999999761581421,random,300.0,0.974565327167511,0.0742038637399673,1.6019698441779472e-06,0.0019992573652416,2031.999999999248,1.0,0.504,398.4999999996376,0.9963451027870178,2.068737103400053e-06,1.0,23.0
7,1000,0.1,0.8999999761581421,0.8999999761581421,all_open,0.1000000014901161,0.9783501029014589,0.0734408050775528,1.3765728754693764e-06,6.551117337494361e-08,58.00000000000056,1.0,0.505,50.50000000000057,0.9963451027870178,2.068737103400053e-06,1.0,23.0
7,1000,0.1,0.8999999761581421,0.8999999761581421,all_open,0.3000000119209289,0.9902344346046448,0.072018526494503,1.3712052132381542e-06,1.4880043863740866e-07,54.0000000000005,1.0,0.505,50.800000000000495,0.9963451027870178,2.068737103400053e-06,1.0,23.0
7,1000,0.1,0.8999999761581421,0.8999999761581421,all_open,1.0,0.996012806892395,0.0719926506280899,1.3702182062197697e-06,4.522764243120037e-07,56.000000000000526,1.0,0.505,50.40000000000053,0.9963451027870178,2.068737103400053e-06,1.0,23.0
7,1000,0.1,0.8999999761581421,0.8999999761581421,all_open,3.0,0.99686861038208,0.0722487196326255,1.4196513238360104e-06,1.5661678389733424e-06,70.0000000000003,1.0,0.506,50.20000000000029,0.9963451027870178,2.068737103400053e-06,1.0,23.0
7,1000,0.1,0.8999999761581421,0.8999999761581421,all_open,10.0,0.9965198040008544,0.0726649910211563,1.3542732882559852e-06,1.0354512596677525e-05,118.99999999999751,1.0,0.505,50.49999999999713,0.9963451027870178,2.068737103400053e-06,1.0,23.0
7,1000,0.1,0.8999999761581421,0.8999999761581421,all_open,30.0,0.9963479042053224,0.07282754778862,1.295912652262115e-06,0.0013847664231434,207.99999999999247,1.0,0.504,50.79999999999711,0.9963451027870178,2.068737103400053e-06,1.0,23.0
7,1000,0.1,0.8999999761581421,0.8999999761581421,all_open,100.0,0.9963440895080566,0.0728312730789184,1.1869052570124892e-06,0.0019907802343368,657.0000000000808,1.0,0.504,133.3000000000303,0.9963451027870178,2.068737103400053e-06,1.0,23.0
7,1000,0.1,0.8999999761581421,0.8999999761581421,all_open,300.0,0.996345043182373,0.0728313252329826,1.460623387550802e-06,0.0019989083521068,1969.999999999304,1.0,0.504,399.1999999996369,0.9963451027870178,2.068737103400053e-06,1.0,23.0
7,1000,0.2,0.5,0.5,random,0.1000000014901161,0.6654658913612366,0.1101242378354072,2.581004564719944e-06,1.7396538964931096e-07,225.99999999999145,1.0,0.508,50.59999999999712,0.1426833719015121,1.6434373719675932e-06,1.0,515.0
7,1000,0.2,0.5,0.5,random,0.3000000119209289,0.6657809615135193,0.1259826570749282,2.0720894182616883e-06,2.5808412829064764e-07,189.9999999999935,1.0,0.503,50.19999999999715,0.1426833719015121,1.6434373719675932e-06,1.0,515.0
7,1000,0.2,0.5,0.5,random,1.0,0.7023927569389343,0.117949903011322,7.578482277952526e-06,3.0252881515480112e-06,128.99999999999696,1.0,0.509,50.099999999997166,0.1426833719015121,1.6434373719675932e-06,1.0,515.0
7,1000,0.2,0.5,0.5,random,3.0,0.6907740235328674,0.1426499038934707,1.4951231406549667e-06,1.9153064840793377e-06,191.9999999999933,1.0,0.519,50.79999999999711,0.1426833719015121,1.6434373719675932e-06,1.0,515.0
7,1000,0.2,0.5,0.5,random,10.0,0.7011801600456238,0.1486091911792755,4.677971930352812e-06,9.307888831244782e-05,165.99999999999486,1.0,0.513,50.89999999999712,0.1426833719015121,1.6434373719675932e-06,1.0,515.0
7,1000,0.2,0.5,0.5,random,30.0,0.6838018298149109,0.1446291208267212,9.129706710546964e-07,0.0013527428964152,387.0000000000195,1.0,0.524,50.50000000001148,0.1426833719015121,1.6434373719675932e-06,1.0,515.0
7,1000,0.2,0.5,0.5,random,100.0,0.5702455639839172,0.1412778198719024,8.911720594974063e-07,0.0019983381498605,1071.0000000001214,1.0,0.525,115.69999999997276,0.1426833719015121,1.6434373719675932e-06,1.0,515.0
7,1000,0.2,0.5,0.5,random,300.0,0.5023084878921509,0.1574824005365371,1.1599077837071218e-06,0.0019937176257371,3555.9999999978613,1.0,0.523,611.4999999994438,0.1426833719015121,1.6434373719675932e-06,1.0,515.0
7,1000,0.2,0.5,0.5,all_open,0.1000000014901161,0.7343057990074158,0.118454098701477,1.1604270552425528e-05,7.244503876790986e-07,138.9999999999964,1.0,0.511,50.99999999999712,0.1426833719015121,1.6434373719675932e-06,1.0,515.0
7,1000,0.2,0.5,0.5,all_open,0.3000000119209289,0.7978638410568237,0.1140365004539489,2.171145664560816e-05,2.897956619563047e-06,131.9999999999968,1.0,0.517,50.29999999999716,0.1426833719015121,1.6434373719675932e-06,1.0,515.0
7,1000,0.2,0.5,0.5,all_open,1.0,0.8418511748313904,0.1308103054761886,2.967759120558802e-05,1.2125780813221354e-05,167.99999999999474,1.0,0.513,50.89999999999712,0.1426833719015121,1.6434373719675932e-06,1.0,515.0
7,1000,0.2,0.5,0.5,all_open,3.0,0.8272274136543274,0.1562038362026214,3.9227228336475294e-06,4.902921318716835e-06,170.99999999999457,1.0,0.523,50.79999999999713,0.1426833719015121,1.6434373719675932e-06,1.0,515.0
7,1000,0.2,0.5,0.5,all_open,10.0,0.6908021569252014,0.1982950866222381,1.288333002578016e-06,3.480635859887116e-05,176.99999999999423,1.0,0.52,50.59999999999714,0.1426833719015121,1.6434373719675932e-06,1.0,515.0
7,1000,0.2,0.5,0.5,all_open,30.0,0.5007339119911194,0.1874225735664367,1.0748235146798338e-06,0.0005454331403598,239.99999999999065,1.0,0.522,50.59999999999712,0.1426833719015121,1.6434373719675932e-06,1.0,515.0
7,1000,0.2,0.5,0.5,all_open,100.0,0.3230167627334595,0.2294953316450119,1.0557857501128511e-06,0.0019880128093063,670.0000000000838,1.0,0.525,150.4000000000342,0.1426833719015121,1.6434373719675932e-06,1.0,515.0
7,1000,0.2,0.5,0.5,all_open,300.0,0.1486188769340515,0.2630737721920013,1.2249550913359984e-06,0.0019954263698309,2006.99999999927,1.0,0.513,178.8999999998373,0.1426833719015121,1.6434373719675932e-06,1.0,515.0
7,1000,0.2,0.699999988079071,0.699999988079071,random,0.1000000014901161,0.822471022605896,0.1038341522216796,9.082755625832176e-07,6.864659951588693e-08,71.00000000000024,1.0,0.49,50.60000000000022,0.1052836999297142,6.148024112917483e-06,1.0,515.0
7,1000,0.2,0.699999988079071,0.699999988079071,random,0.3000000119209289,0.8301553726196289,0.1052977368235588,2.6184993066623016e-05,3.3202657050424023e-06,71.00000000000024,1.0,0.501,50.30000000000022,0.1052836999297142,6.148024112917483e-06,1.0,515.0
7,1000,0.2,0.699999988079071,0.699999988079071,random,1.0,0.8363058567047119,0.1065503507852554,3.074104226920944e-05,1.2732095456158277e-05,133.99999999999667,1.0,0.502,50.29999999999716,0.1052836999297142,6.148024112917483e-06,1.0,515.0
7,1000,0.2,0.699999988079071,0.699999988079071,random,3.0,0.8325011730194092,0.1082813516259193,5.072401801376253e-05,6.457166455220431e-05,233.999999999991,1.0,0.519,50.49999999999713,0.1052836999297142,6.148024112917483e-06,1.0,515.0
7,1000,0.2,0.699999988079071,0.699999988079071,random,10.0,0.8044663071632385,0.1169922798871994,7.519201418353784e-06,7.413313869619742e-05,328.0000000000061,1.0,0.5,50.90000000001157,0.1052836999297142,6.148024112917483e-06,1.0,515.0
7,1000,0.2,0.699999988079071,0.699999988079071,random,30.0,0.7795312404632568,0.1331690698862075,9.979693400741111e-07,0.000208717843634,665.0000000000827,1.0,0.517,50.40000000001146,0.1052836999297142,6.148024112917483e-06,1.0,515.0
7,1000,0.2,0.699999988079071,0.699999988079071,random,100.0,0.7881242036819458,0.1265768706798553,9.313798262927116e-07,0.0015649081906303,1653.9999999995912,1.0,0.512,50.69999999995389,0.1052836999297142,6.148024112917483e-06,1.0,515.0
7,1000,0.2,0.699999988079071,0.699999988079071,random,300.0,0.7930476069450378,0.1278159618377685,1.203399451012752e-06,0.0019938559271395,2765.99999999858,1.0,0.525,207.29999999981143,0.1052836999297142,6.148024112917483e-06,1.0,515.0
7,1000,0.2,0.699999988079071,0.699999988079071,all_open,0.1000000014901161,0.8462535738945007,0.1032244563102722,9.615159860424215e-07,7.69820545087896e-08,75.99999999999996,1.0,0.505,50.499999999999865,0.1052836999297142,6.148024112917483e-06,1.0,515.0
7,1000,0.2,0.699999988079071,0.699999988079071,all_open,0.3000000119209289,0.8693995475769043,0.1213845536112785,1.5055535910585412e-05,1.943472398124868e-06,152.9999999999956,1.0,0.505,50.89999999999712,0.1052836999297142,6.148024112917483e-06,1.0,515.0
7,1000,0.2,0.699999988079071,0.699999988079071,all_open,1.0,0.8937438726425171,0.1352361738681793,4.344074369752896e-06,1.8051523511530831e-06,179.99999999999406,1.0,0.503,50.19999999999715,0.1052836999297142,6.148024112917483e-06,1.0,515.0
7,1000,0.2,0.699999988079071,0.699999988079071,all_open,3.0,0.8750075697898865,0.1481344401836395,1.1211383926757547e-06,1.446154101358843e-06,99.9999999999986,1.0,0.508,50.49999999999816,0.1052836999297142,6.148024112917483e-06,1.0,515.0
7,1000,0.2,0.699999988079071,0.699999988079071,all_open,10.0,0.7530312538146973,0.1713443845510482,7.4869537919906595e-06,5.973070801701397e-05,147.99999999999588,1.0,0.525,50.69999999999713,0.1052836999297142,6.148024112917483e-06,1.0,515.0
7,1000,0.2,0.699999988079071,0.699999988079071,all_open,30.0,0.5412870049476624,0.1831982731819152,1.053407163206977e-06,0.0016245202859863,208.9999999999924,1.0,0.516,50.69999999999712,0.1052836999297142,6.148024112917483e-06,1.0,515.0
7,1000,0.2,0.699999988079071,0.699999988079071,all_open,100.0,0.2912206351757049,0.2492525577545166,1.086789779011228e-06,0.0017101201228797,686.0000000000874,1.0,0.515,50.60000000001151,0.1052836999297142,6.148024112917483e-06,1.0,515.0
7,1000,0.2,0.699999988079071,0.699999988079071,all_open,300.0,0.2123125344514846,0.2249203026294708,1.284554045194098e-06,0.0019939097110182,1992.9999999992829,1.0,0.523,181.2999999998351,0.1052836999297142,6.148024112917483e-06,1.0,515.0
7,1000,0.2,0.8999999761581421,0.8999998569488525,random,0.1000000014901161,0.9148290753364564,0.1044877991080284,1.1316629595508172e-06,7.915694055782296e-08,121.99999999999734,1.0,0.492,50.59999999999712,0.2685956656932831,1.4216756198948133e-06,1.0,515.0
7,1000,0.2,0.8999999761581421,0.8999998569488525,random,0.3000000119209289,0.914990484714508,0.1076830402016639,1.31875609305616e-05,1.7794982341001742e-06,126.99999999999706,1.0,0.496,50.9999999999971,0.2685956656932831,1.4216756198948133e-06,1.0,515.0
7,1000,0.2,0.8999999761581421,0.8999998569488525,random,1.0,0.9119311571121216,0.1153285950422287,1.9366840674303926e-06,7.498010177187098e-07,138.9999999999964,1.0,0.498,50.99999999999712,0.2685956656932831,1.4216756198948133e-06,1.0,515.0
7,1000,0.2,0.8999999761581421,0.8999998569488525,random,3.0,0.9137531518936156,0.1120360270142555,2.5236668185995377e-06,3.970578291045968e-06,82.99999999999956,1.0,0.504,50.49999999999937,0.2685956656932831,1.4216756198948133e-06,1.0,515.0
7,1000,0.2,0.8999999761581421,0.8999998569488525,random,10.0,0.9072166681289672,0.114721268415451,9.928882686922297e-07,1.2760887329932302e-05,132.99999999999673,1.0,0.503,50.49999999999714,0.2685956656932831,1.4216756198948133e-06,1.0,515.0
7,1000,0.2,0.8999999761581421,0.8999998569488525,random,30.0,0.9075183272361756,0.1165488958358764,8.754721548811048e-07,0.000236068633967,278.99999999999494,1.0,0.502,50.70000000000363,0.2685956656932831,1.4216756198948133e-06,1.0,515.0
7,1000,0.2,0.8999999761581421,0.8999998569488525,random,100.0,0.9052067399024964,0.1172030493617057,8.330807817241109e-07,0.0019869247917085,694.0000000000892,1.0,0.503,74.90000000001703,0.2685956656932831,1.4216756198948133e-06,1.0,515.0
7,1000,0.2,0.8999999761581421,0.8999998569488525,random,300.0,0.9022934436798096,0.11834167689085,9.905916085838282e-07,0.0019959018100053,2100.9999999991846,1.0,0.502,386.6999999996483,0.2685956656932831,1.4216756198948133e-06,1.0,515.0
7,1000,0.2,0.8999999761581421,0.8999998569488525,all_open,0.1000000014901161,0.9256221652030944,0.111891008913517,1.0158945101021285e-05,6.290140959208657e-07,89.99999999999916,1.0,0.495,50.09999999999887,0.2685956656932831,1.4216756198948133e-06,1.0,515.0
7,1000,0.2,0.8999999761581421,0.8999998569488525,all_open,0.3000000119209289,0.9267123341560364,0.1246868446469307,9.67952835461896e-07,1.185301101713776e-07,98.99999999999864,1.0,0.498,50.79999999999824,0.2685956656932831,1.4216756198948133e-06,1.0,515.0
7,1000,0.2,0.8999999761581421,0.8999998569488525,all_open,1.0,0.9394676685333252,0.1191402152180671,8.306961032203388e-06,3.457456159594585e-06,156.99999999999537,1.0,0.503,50.19999999999716,0.2685956656932831,1.4216756198948133e-06,1.0,515.0
7,1000,0.2,0.8999999761581421,0.8999998569488525,all_open,3.0,0.9177976846694946,0.1303555369377136,0.0001040148080765,0.000128578278236,157.9999999999953,1.0,0.499,50.79999999999713,0.2685956656932831,1.4216756198948133e-06,1.0,515.0
7,1000,0.2,0.8999999761581421,0.8999998569488525,all_open,10.0,0.7702153325080872,0.1710218340158462,9.499434110826328e-06,9.0247682237532e-05,191.9999999999933,1.0,0.513,50.19999999999715,0.2685956656932831,1.4216756198948133e-06,1.0,515.0
7,1000,0.2,0.8999999761581421,0.8999998569488525,all_open,30.0,0.5672523379325867,0.1801825016736984,1.1146943285056258e-06,0.0019482464995235,203.9999999999927,1.0,0.511,50.49999999999713,0.2685956656932831,1.4216756198948133e-06,1.0,515.0
7,1000,0.2,0.8999999761581421,0.8999998569488525,all_open,100.0,0.3450640439987182,0.2137533277273178,8.434228545789837e-07,0.0019926941022276,670.0000000000838,1.0,0.503,263.2000000000598,0.2685956656932831,1.4216756198948133e-06,1.0,515.0
7,1000,0.2,0.8999999761581421,0.8999998569488525,all_open,300.0,0.2685042321681976,0.2296565920114517,1.0942776294800586e-06,0.0019967828411608,1989.9999999992856,1.0,0.511,91.49999999991678,0.2685956656932831,1.4216756198948133e-06,1.0,515.0
7,1000,0.3,0.5,0.5,random,0.1000000014901161,0.5595855116844177,0.1329518109560012,0.0001228286135236,7.54740312913782e-06,256.99999999998994,1.0,0.503,50.1999999999974,0.1472098529338836,6.18425519860466e-06,1.0,695.0
7,1000,0.3,0.5,0.5,random,0.3000000119209289,0.5606501698493958,0.1232670918107032,4.116864088045655e-05,5.82612665311899e-06,335.0000000000077,1.0,0.499,50.10000000001139,0.1472098529338836,6.18425519860466e-06,1.0,695.0
7,1000,0.3,0.5,0.5,random,1.0,0.6205928921699524,0.1353585720062255,0.0001097303888301,4.524074029177427e-05,184.9999999999937,1.0,0.525,50.89999999999711,0.1472098529338836,6.18425519860466e-06,1.0,695.0
7,1000,0.3,0.5,0.5,random,3.0,0.5499342083930969,0.1452989131212234,5.58869133484059e-06,8.670276656630449e-06,218.99999999999184,1.0,0.496,50.09999999999715,0.1472098529338836,6.18425519860466e-06,1.0,695.0
7,1000,0.3,0.5,0.5,random,10.0,0.5044655203819275,0.1720834970474243,3.794489304576461e-05,0.0002281846391269,450.0000000000338,1.0,0.516,50.20000000001141,0.1472098529338836,6.18425519860466e-06,1.0,695.0
7,1000,0.3,0.5,0.5,random,30.0,0.4264889359474182,0.1492375880479812,2.7460241851813e-06,0.0014767695683985,622.0000000000729,1.0,0.494,50.20000000001141,0.1472098529338836,6.18425519860466e-06,1.0,695.0
7,1000,0.3,0.5,0.5,random,100.0,0.4724307358264923,0.1769445836544037,8.633559590331578e-07,0.0019928992260247,1143.000000000056,1.0,0.506,126.59999999989338,0.1472098529338836,6.18425519860466e-06,1.0,695.0
7,1000,0.3,0.5,0.5,random,300.0,0.4254038631916046,0.2201970219612121,2.6898463029849605e-06,0.001995402155444,3239.9999999981487,1.0,0.519,88.29999999991969,0.1472098529338836,6.18425519860466e-06,1.0,695.0
7,1000,0.3,0.5,0.5,all_open,0.1000000014901161,0.6463600993156433,0.1349011063575744,1.3668745451252278e-05,8.532557558282861e-07,170.99999999999457,1.0,0.51,50.59999999999714,0.1472098529338836,6.18425519860466e-06,1.0,695.0
7,1000,0.3,0.5,0.5,all_open,0.3000000119209289,0.668489396572113,0.1284608542919159,1.5764363688015497e-06,1.821691455461405e-07,193.9999999999933,1.0,0.531,50.399999999997135,0.1472098529338836,6.18425519860466e-06,1.0,695.0
7,1000,0.3,0.5,0.5,all_open,1.0,0.7021580338478088,0.1461879014968872,1.5721354780142002e-06,6.518251893794513e-07,142.99999999999616,1.0,0.506,50.19999999999716,0.1472098529338836,6.18425519860466e-06,1.0,695.0
7,1000,0.3,0.5,0.5,all_open,3.0,0.6490638256072998,0.167722150683403,1.0908308190003412e-06,1.555912376716151e-06,147.99999999999588,1.0,0.497,50.99999999999712,0.1472098529338836,6.18425519860466e-06,1.0,695.0
7,1000,0.3,0.5,0.5,all_open,10.0,0.5073201060295105,0.1932776868343353,1.0252539697393591e-06,4.600322881742613e-06,429.00000000002905,1.0,0.505,50.60000000001151,0.1472098529338836,6.18425519860466e-06,1.0,695.0
7,1000,0.3,0.5,0.5,all_open,30.0,0.3640050590038299,0.2108661979436874,1.9584281139311835e-06,0.0015970907406881,208.9999999999924,1.0,0.509,50.79999999999711,0.1472098529338836,6.18425519860466e-06,1.0,695.0
7,1000,0.3,0.5,0.5,all_open,100.0,0.1878320425748825,0.270155519247055,1.032465347230716e-06,0.0016576295020058,690.0000000000883,1.0,0.521,50.30000000001144,0.1472098529338836,6.18425519860466e-06,1.0,695.0
7,1000,0.3,0.5,0.5,all_open,300.0,0.1821208000183105,0.2710854113101959,9.226401874142452e-07,0.001996629871428,1987.999999999288,1.0,0.528,81.39999999992597,0.1472098529338836,6.18425519860466e-06,1.0,695.0
7,1000,0.3,0.699999988079071,0.699999988079071,random,0.1000000014901161,0.6934261322021484,0.1285176575183868,1.2548391474479516e-05,7.928275067570212e-07,338.0000000000084,1.0,0.51,50.80000000001155,0.1380045562982559,1.975895884243073e-06,1.0,695.0
7,1000,0.3,0.699999988079071,0.699999988079071,random,0.3000000119209289,0.657496988773346,0.1590443104505539,1.04762947221358e-06,1.3703704837553232e-07,250.99999999999,1.0,0.51,50.69999999999712,0.1380045562982559,1.975895884243073e-06,1.0,695.0
7,1000,0.3,0.699999988079071,0.699999988079071,random,1.0,0.7244142293930054,0.1243838518857956,1.205105456226732e-05,5.520957529370207e-06,148.99999999999582,1.0,0.506,50.69999999999713,0.1380045562982559,1.975895884243073e-06,1.0,695.0
7,1000,0.3,0.699999988079071,0.699999988079071,random,3.0,0.7202633023262024,0.1360407024621963,1.0524232804848773e-05,1.505374166299589e-05,113.9999999999978,1.0,0.523,50.99999999999717,0.1380045562982559,1.975895884243073e-06,1.0,695.0
7,1000,0.3,0.699999988079071,0.699999988079071,random,10.0,0.6268107891082764,0.1456974595785141,2.672395532158912e-06,2.9144332074793056e-05,363.0000000000141,1.0,0.497,50.10000000001139,0.1380045562982559,1.975895884243073e-06,1.0,695.0
7,1000,0.3,0.699999988079071,0.699999988079071,random,30.0,0.5882226228713989,0.1697100102901458,7.842307064866011e-07,0.0016117464983835,553.0000000000572,1.0,0.505,50.90000000001152,0.1380045562982559,1.975895884243073e-06,1.0,695.0
7,1000,0.3,0.699999988079071,0.699999988079071,random,100.0,0.5975415706634521,0.1677204668521881,7.965518009131054e-07,0.001997360959649,1408.999999999814,1.0,0.52,110.29999999989968,0.1380045562982559,1.975895884243073e-06,1.0,695.0
7,1000,0.3,0.699999988079071,0.699999988079071,random,300.0,0.591539740562439,0.1710842251777649,1.1644750513873277e-06,0.0019933755975216,7628.000000010219,1.0,0.524,182.20000000066284,0.1380045562982559,1.975895884243073e-06,1.0,695.0
7,1000,0.3,0.699999988079071,0.699999988079071,all_open,0.1000000014901161,0.7695968151092529,0.1275226920843124,6.981857833135557e-05,4.327655460656388e-06,230.9999999999912,1.0,0.513,50.19999999999715,0.1380045562982559,1.975895884243073e-06,1.0,695.0
7,1000,0.3,0.699999988079071,0.699999988079071,all_open,0.3000000119209289,0.8038055300712585,0.1313460171222686,1.7228199508038853e-06,2.2048538994567934e-07,163.99999999999497,1.0,0.531,50.69999999999713,0.1380045562982559,1.975895884243073e-06,1.0,695.0
7,1000,0.3,0.699999988079071,0.699999988079071,all_open,1.0,0.828331470489502,0.1465429961681366,4.672723969439882e-06,2.022405169554986e-06,103.99999999999837,1.0,0.51,50.79999999999788,0.1380045562982559,1.975895884243073e-06,1.0,695.0
7,1000,0.3,0.699999988079071,0.699999988079071,all_open,3.0,0.781697690486908,0.1627155691385269,3.719548766050853e-05,5.124915696796961e-05,168.99999999999469,1.0,0.496,50.89999999999712,0.1380045562982559,1.975895884243073e-06,1.0,695.0
7,1000,0.3,0.699999988079071,0.699999988079071,all_open,10.0,0.5988869667053223,0.1895367801189422,1.782620595446694e-06,4.339225779403933e-05,242.99999999999048,1.0,0.503,50.89999999999711,0.1380045562982559,1.975895884243073e-06,1.0,695.0
7,1000,0.3,0.699999988079071,0.699999988079071,all_open,30.0,0.4145804047584533,0.1723542660474777,9.841118030309002e-07,0.0011447170982137,222.9999999999916,1.0,0.513,50.9999999999971,0.1380045562982559,1.975895884243073e-06,1.0,695.0
7,1000,0.3,0.699999988079071,0.699999988079071,all_open,100.0,0.2322055101394653,0.1913541108369827,1.0631484677212767e-06,0.0019856810104101,675.0000000000849,1.0,0.508,132.70000000003017,0.1380045562982559,1.975895884243073e-06,1.0,695.0
7,1000,0.3,0.699999988079071,0.699999988079071,all_open,300.0,0.2015459686517715,0.1996427923440933,1.2273932530041e-06,0.0017884334083646,2020.9999999992567,1.0,0.499,50.29999999995425,0.1380045562982559,1.975895884243073e-06,1.0,695.0
7,1000,0.3,0.8999999761581421,0.8999999761581421,random,0.1000000014901161,0.867923378944397,0.1222028359770774,3.8253850220070096e-05,2.521465830795933e-06,248.9999999999901,1.0,0.512,50.49999999999713,0.2012560665607452,1.4902681186867994e-06,1.0,695.0
7,1000,0.3,0.8999999761581421,0.8999999761581421,random,0.3000000119209289,0.8574682474136353,0.128462553024292,3.926674951126551e-05,5.59635827812599e-06,163.99999999999497,1.0,0.524,50.19999999999716,0.2012560665607452,1.4902681186867994e-06,1.0,695.0
7,1000,0.3,0.8999999761581421,0.8999999761581421,random,1.0,0.8605672717094421,0.128376305103302,5.9083432188361e-06,2.429137111903401e-06,269.9999999999929,1.0,0.521,50.50000000000108,0.2012560665607452,1.4902681186867994e-06,1.0,695.0
7,1000,0.3,0.8999999761581421,0.8999999761581421,random,3.0,0.8230053782463074,0.1365547180175781,1.0066317635994066e-06,1.4437902109420977e-06,139.99999999999633,1.0,0.505,50.69999999999713,0.2012560665607452,1.4902681186867994e-06,1.0,695.0
7,1000,0.3,0.8999999761581421,0.8999999761581421,random,10.0,0.8158584237098694,0.1320553869009018,7.482535908944545e-07,4.630916464520851e-06,280.9999999999954,1.0,0.509,50.40000000000421,0.2012560665607452,1.4902681186867994e-06,1.0,695.0
7,1000,0.3,0.8999999761581421,0.8999999761581421,random,30.0,0.7520185708999634,0.1502686738967895,2.0663265900511795e-06,0.0012741067912429,329.0000000000063,1.0,0.505,50.20000000001141,0.2012560665607452,1.4902681186867994e-06,1.0,695.0
7,1000,0.3,0.8999999761581421,0.8999999761581421,random,100.0,0.7077252864837646,0.1600455045700073,8.579870710987999e-07,0.0019886556547135,1168.0000000000332,1.0,0.5,62.39999999994325,0.2012560665607452,1.4902681186867994e-06,1.0,695.0
7,1000,0.3,0.8999999761581421,0.8999999761581421,random,300.0,0.7310243248939514,0.1730314344167709,9.530169686614706e-07,0.0019981081131845,2559.999999998767,1.0,0.516,387.8999999996472,0.2012560665607452,1.4902681186867994e-06,1.0,695.0
7,1000,0.3,0.8999999761581421,0.8999999761581421,all_open,0.1000000014901161,0.8844824433326721,0.1134040355682373,0.0001052195739438,6.9480074671446346e-06,114.99999999999774,1.0,0.516,50.9999999999971,0.2012560665607452,1.4902681186867994e-06,1.0,695.0
7,1000,0.3,0.8999999761581421,0.8999999761581421,all_open,0.3000000119209289,0.8757789134979248,0.1327351033687591,3.2799357080902434e-06,4.0540658119425643e-07,132.99999999999673,1.0,0.523,50.69999999999713,0.2012560665607452,1.4902681186867994e-06,1.0,695.0
7,1000,0.3,0.8999999761581421,0.8999999761581421,all_open,1.0,0.899156391620636,0.1147411987185478,1.5177290237830044e-05,6.833271527284524e-06,79.99999999999973,1.0,0.52,50.099999999999575,0.2012560665607452,1.4902681186867994e-06,1.0,695.0
7,1000,0.3,0.8999999761581421,0.8999999761581421,all_open,3.0,0.8222049474716187,0.1613403409719467,1.6712170960578265e-06,2.2448393792728893e-06,344.0000000000097,1.0,0.509,50.90000000001157,0.2012560665607452,1.4902681186867994e-06,1.0,695.0
7,1000,0.3,0.8999999761581421,0.8999999761581421,all_open,10.0,0.6692671775817871,0.1840368956327438,1.416485975973523e-06,1.7713548004394397e-05,119.99999999999746,1.0,0.52,50.29999999999714,0.2012560665607452,1.4902681186867994e-06,1.0,695.0
7,1000,0.3,0.8999999761581421,0.8999999761581421,all_open,30.0,0.4263762235641479,0.1864722818136215,1.1143182451160984e-06,0.0011516538215801,221.99999999999167,1.0,0.524,50.69999999999712,0.2012560665607452,1.4902681186867994e-06,1.0,695.0
7,1000,0.3,0.8999999761581421,0.8999999761581421,all_open,100.0,0.2881307303905487,0.219721645116806,1.020151395990744e-06,0.0019907988607883,670.0000000000838,1.0,0.515,119.00000000002706,0.2012560665607452,1.4902681186867994e-06,1.0,695.0
7,1000,0.3,0.8999999761581421,0.8999999761581421,all_open,300.0,0.1991409659385681,0.2265269160270691,1.1603030054305586e-06,0.0019954976160079,1993.999999999282,1.0,0.519,210.2999999998088,0.2012560665607452,1.4902681186867994e-06,1.0,695.0
7,1000,0.4,0.5,0.5,random,0.1000000014901161,0.5607154965400696,0.1602146327495575,1.0818951015788031e-06,8.047543076372676e-08,197.99999999999304,1.0,0.491,50.9999999999971,0.2002602219581604,8.432633876509499e-06,1.0,780.0
7,1000,0.4,0.5,0.5,random,0.3000000119209289,0.5165116786956787,0.17571522295475,9.467005655359376e-07,1.3419182209872818e-07,284.9999999999963,1.0,0.492,50.40000000000535,0.2002602219581604,8.432633876509499e-06,1.0,780.0
7,1000,0.4,0.5,0.5,random,1.0,0.5359396934509277,0.1498650163412094,7.017683868135265e-05,2.890756513806992e-05,170.99999999999457,1.0,0.493,50.89999999999712,0.2002602219581604,8.432633876509499e-06,1.0,780.0
7,1000,0.4,0.5,0.5,random,3.0,0.4938623905181885,0.1869868338108062,8.597200079132121e-06,1.2053315913362894e-05,518.0000000000492,1.0,0.506,50.50000000001143,0.2002602219581604,8.432633876509499e-06,1.0,780.0
7,1000,0.4,0.5,0.5,random,10.0,0.4939777553081512,0.1959467232227325,8.378320816632227e-07,5.11547068526852e-06,305.00000000000085,1.0,0.523,50.40000000001103,0.2002602219581604,8.432633876509499e-06,1.0,780.0
7,1000,0.4,0.5,0.5,random,30.0,0.4431867301464081,0.1529549211263656,1.1753051351650677e-05,0.0002565508184488,580.0000000000633,1.0,0.505,50.10000000001139,0.2002602219581604,8.432633876509499e-06,1.0,780.0
7,1000,0.4,0.5,0.5,random,100.0,0.4228303432464599,0.1524575352668762,9.47064281235134e-07,0.001983227673918,1576.9999999996612,1.0,0.506,53.099999999951706,0.2002602219581604,8.432633876509499e-06,1.0,780.0
7,1000,0.4,0.5,0.5,random,300.0,0.3732052445411682,0.1884801536798477,8.908771989046885e-07,0.0019976422190666,2914.9999999984443,1.0,0.507,320.89999999970814,0.2002602219581604,8.432633876509499e-06,1.0,780.0
7,1000,0.4,0.5,0.5,all_open,0.1000000014901161,0.5603718161582947,0.1435437202453613,2.142883399319074e-06,1.2955717920704046e-07,145.999999999996,1.0,0.495,50.69999999999713,0.2002602219581604,8.432633876509499e-06,1.0,780.0
7,1000,0.4,0.5,0.5,all_open,0.3000000119209289,0.6133726239204407,0.1267082840204239,5.098704973647792e-06,7.284183993760962e-07,289.99999999999744,1.0,0.509,50.40000000000677,0.2002602219581604,8.432633876509499e-06,1.0,780.0
7,1000,0.4,0.5,0.5,all_open,1.0,0.6418783068656921,0.1554019302129745,2.150526259903938e-06,8.578681445214897e-07,148.99999999999582,1.0,0.511,50.39999999999715,0.2002602219581604,8.432633876509499e-06,1.0,780.0
7,1000,0.4,0.5,0.5,all_open,3.0,0.5629931092262268,0.1547804921865463,1.147226465193654e-06,1.450547074455244e-06,418.00000000002655,1.0,0.497,50.50000000001148,0.2002602219581604,8.432633876509499e-06,1.0,780.0
7,1000,0.4,0.5,0.5,all_open,10.0,0.488920658826828,0.1627213358879089,1.1592678865631137e-06,3.214866228518076e-05,210.9999999999923,1.0,0.516,50.89999999999711,0.2002602219581604,8.432633876509499e-06,1.0,780.0
7,1000,0.4,0.5,0.5,all_open,30.0,0.4190302193164825,0.1926288455724716,1.0244113512264755e-06,0.0011536286910995,232.99999999999105,1.0,0.504,50.59999999999712,0.2002602219581604,8.432633876509499e-06,1.0,780.0
7,1000,0.4,0.5,0.5,all_open,100.0,0.3145144581794739,0.2281381487846374,1.0906300778169632e-06,0.0019918601028621,666.0000000000829,1.0,0.497,80.80000000001837,0.2002602219581604,8.432633876509499e-06,1.0,780.0
7,1000,0.4,0.5,0.5,all_open,300.0,0.3016648888587951,0.2224585562944412,9.994352286987677e-07,0.0019952140282839,1977.9999999992965,1.0,0.502,66.89999999993915,0.2002602219581604,8.432633876509499e-06,1.0,780.0
7,1000,0.4,0.699999988079071,0.699999988079071,random,0.1000000014901161,0.619575023651123,0.1584135442972183,9.117420202908864e-07,6.93782453708991e-08,173.9999999999944,1.0,0.48,50.39999999999715,0.2461779117584228,1.015545308291621e-06,1.0,780.0
7,1000,0.4,0.699999988079071,0.699999988079071,random,0.3000000119209289,0.6518464684486389,0.1486279815435409,1.6181961129878978e-06,2.0308986847794586e-07,164.9999999999949,1.0,0.485,50.59999999999714,0.2461779117584228,1.015545308291621e-06,1.0,780.0
7,1000,0.4,0.699999988079071,0.699999988079071,random,1.0,0.6470385789871216,0.1695936173200607,8.497425236306057e-07,4.417630350417312e-07,139.99999999999633,1.0,0.501,50.79999999999713,0.2461779117584228,1.015545308291621e-06,1.0,780.0
7,1000,0.4,0.699999988079071,0.699999988079071,random,3.0,0.6745937466621399,0.1723602265119552,2.489790907711767e-06,3.699517264976748e-06,144.99999999999605,1.0,0.492,50.099999999997166,0.2461779117584228,1.015545308291621e-06,1.0,780.0
7,1000,0.4,0.699999988079071,0.699999988079071,random,10.0,0.63979172706604,0.1456528604030609,8.495123279317093e-07,1.6550484360777773e-05,234.99999999999093,1.0,0.509,50.29999999999714,0.2461779117584228,1.015545308291621e-06,1.0,780.0
7,1000,0.4,0.699999988079071,0.699999988079071,random,30.0,0.5918809175491333,0.1702319979667663,8.350025019959784e-07,0.0010989635484293,373.0000000000163,1.0,0.513,50.20000000001141,0.2461779117584228,1.015545308291621e-06,1.0,780.0
7,1000,0.4,0.699999988079071,0.699999988079071,random,100.0,0.5187067985534668,0.1723889410495758,7.953530424878002e-07,0.0019961211364716,1386.999999999834,1.0,0.511,92.39999999991596,0.2461779117584228,1.015545308291621e-06,1.0,780.0
7,1000,0.4,0.699999988079071,0.699999988079071,random,300.0,0.4670644998550415,0.219486266374588,1.1341722969193011e-06,0.0016728815389797,3370.9999999980296,1.0,0.513,50.59999999995398,0.2461779117584228,1.015545308291621e-06,1.0,780.0
7,1000,0.4,0.699999988079071,0.699999988079071,all_open,0.1000000014901161,0.6651049256324768,0.1520974487066269,4.310548795284669e-05,2.643452489792253e-06,139.99999999999633,1.0,0.505,50.49999999999714,0.2461779117584228,1.015545308291621e-06,1.0,780.0
7,1000,0.4,0.699999988079071,0.699999988079071,all_open,0.3000000119209289,0.6233451962471008,0.1618476808071136,8.723510095767076e-06,1.1282688774372218e-06,241.9999999999905,1.0,0.504,50.29999999999714,0.2461779117584228,1.015545308291621e-06,1.0,780.0
7,1000,0.4,0.699999988079071,0.699999988079071,all_open,1.0,0.7174872756004333,0.167321503162384,9.678999307044826e-07,4.579684684813401e-07,139.99999999999633,1.0,0.493,50.99999999999712,0.2461779117584228,1.015545308291621e-06,1.0,780.0
7,1000,0.4,0.699999988079071,0.699999988079071,all_open,3.0,0.6502371430397034,0.157926544547081,7.102253970159955e-06,1.136808714363724e-05,199.99999999999287,1.0,0.5,50.9999999999971,0.2461779117584228,1.015545308291621e-06,1.0,780.0
7,1000,0.4,0.699999988079071,0.699999988079071,all_open,10.0,0.5253201127052307,0.1749127209186554,5.309042229908518e-05,0.000453740300145,363.0000000000141,1.0,0.508,50.90000000001157,0.2461779117584228,1.015545308291621e-06,1.0,780.0
7,1000,0.4,0.699999988079071,0.699999988079071,all_open,30.0,0.4532926678657532,0.2179986089468002,9.922608487104308e-07,0.0006029329379089,242.99999999999048,1.0,0.504,50.09999999999715,0.2461779117584228,1.015545308291621e-06,1.0,780.0
7,1000,0.4,0.699999988079071,0.699999988079071,all_open,100.0,0.3424827754497528,0.2160080820322036,1.0063393946082308e-06,0.0011781618231907,720.0000000000952,1.0,0.505,50.70000000001153,0.2461779117584228,1.015545308291621e-06,1.0,780.0
7,1000,0.4,0.699999988079071,0.699999988079071,all_open,300.0,0.2687932252883911,0.1928351521492004,1.0664734469291192e-06,0.0019960179924964,2004.999999999272,1.0,0.507,140.3999999998723,0.2461779117584228,1.015545308291621e-06,1.0,780.0
7,1000,0.4,0.8999999761581421,0.8999999761581421,random,0.1000000014901161,0.7438108921051025,0.1414481997489929,1.041719523314888e-06,7.455921746668538e-08,418.00000000002655,1.0,0.496,50.50000000001148,0.2542440891265869,9.86169652605895e-07,1.0,780.0
7,1000,0.4,0.8999999761581421,0.8999999761581421,random,0.3000000119209289,0.717788577079773,0.1523201018571853,3.901399828357142e-05,6.029300493537448e-06,317.0000000000036,1.0,0.495,50.80000000001155,0.2542440891265869,9.86169652605895e-07,1.0,780.0
7,1000,0.4,0.8999999761581421,0.8999999761581421,random,1.0,0.762315571308136,0.1308875679969787,9.384342606340368e-07,4.87820159378316e-07,190.99999999999343,1.0,0.496,50.9999999999971,0.2542440891265869,9.86169652605895e-07,1.0,780.0
7,1000,0.4,0.8999999761581421,0.8999999761581421,random,3.0,0.7328531742095947,0.166157990694046,8.810021019559999e-07,1.46573074744083e-06,226.9999999999914,1.0,0.501,50.29999999999714,0.2542440891265869,9.86169652605895e-07,1.0,780.0
7,1000,0.4,0.8999999761581421,0.8999999761581421,random,10.0,0.6838839650154114,0.1725090146064758,8.617351737252122e-07,6.370860774040921e-06,350.0000000000111,1.0,0.495,50.00000000001137,0.2542440891265869,9.86169652605895e-07,1.0,780.0
7,1000,0.4,0.8999999761581421,0.8999999761581421,random,30.0,0.6560479402542114,0.1480780094861984,7.659695109553849e-07,0.0019618249498307,329.0000000000063,1.0,0.493,53.60000000001219,0.2542440891265869,9.86169652605895e-07,1.0,780.0
7,1000,0.4,0.8999999761581421,0.8999999761581421,random,100.0,0.6535403728485107,0.1518433839082718,8.969337086951769e-07,0.0016123977256938,980.0000000001544,1.0,0.506,50.30000000001144,0.2542440891265869,9.86169652605895e-07,1.0,780.0
7,1000,0.4,0.8999999761581421,0.8999999761581421,random,300.0,0.6245590448379517,0.1707753539085388,1.2238245788557767e-06,0.0019970289431512,3224.9999999981624,1.0,0.514,250.0999999997725,0.2542440891265869,9.86169652605895e-07,1.0,780.0
7,1000,0.4,0.8999999761581421,0.8999999761581421,all_open,0.1000000014901161,0.7235735058784485,0.139529138803482,8.824209425802326e-07,6.642022754022038e-08,337.00000000000813,1.0,0.492,50.90000000001157,0.2542440891265869,9.86169652605895e-07,1.0,780.0
7,1000,0.4,0.8999999761581421,0.8999999761581421,all_open,0.3000000119209289,0.7351962924003601,0.1400014758110046,1.0151985162347856e-06,1.226889452254909e-07,247.9999999999902,1.0,0.5,50.9999999999971,0.2542440891265869,9.86169652605895e-07,1.0,780.0
7,1000,0.4,0.8999999761581421,0.8999999761581421,all_open,1.0,0.7571386694908142,0.149427980184555,1.4045976154251862e-06,5.730472594223102e-07,122.99999999999729,1.0,0.503,50.9999999999971,0.2542440891265869,9.86169652605895e-07,1.0,780.0
7,1000,0.4,0.8999999761581421,0.8999999761581421,all_open,3.0,0.6619676351547241,0.1709967106580734,9.32410055608e-07,1.376109821649152e-06,249.99999999999008,1.0,0.505,50.59999999999712,0.2542440891265869,9.86169652605895e-07,1.0,780.0
7,1000,0.4,0.8999999761581421,0.8999999761581421,all_open,10.0,0.5210773944854736,0.2088779062032699,1.5254804245016129e-06,3.423189264140092e-05,271.9999999999933,1.0,0.493,50.80000000000163,0.2542440891265869,9.86169652605895e-07,1.0,780.0
7,1000,0.4,0.8999999761581421,0.8999999761581421,all_open,30.0,0.4357014894485473,0.2222228646278381,9.874144229796936e-07,0.0004796817956957,245.9999999999903,1.0,0.519,50.89999999999711,0.2542440891265869,9.86169652605895e-07,1.0,780.0
7,1000,0.4,0.8999999761581421,0.8999999761581421,all_open,100.0,0.3076577186584472,0.2304900586605072,1.0533832566819113e-06,0.0016425881767645,692.0000000000888,1.0,0.514,50.50000000001148,0.2542440891265869,9.86169652605895e-07,1.0,780.0
7,1000,0.4,0.8999999761581421,0.8999999761581421,all_open,300.0,0.2910904288291931,0.2284493446350097,1.0249229173719992e-06,0.0019946624524891,1994.999999999281,1.0,0.531,531.9999999995161,0.2542440891265869,9.86169652605895e-07,1.0,780.0
7,1000,0.5,0.5,0.4999999701976776,random,0.1000000014901161,0.5507693886756897,0.145791620016098,1.3880586325603095e-06,9.103940357135799e-08,140.99999999999628,1.0,0.534,50.39999999999715,0.3428220152854919,1.8442384543959636e-06,1.0,244.0
7,1000,0.5,0.5,0.4999999701976776,random,0.3000000119209289,0.5752612352371216,0.1395033150911331,1.5738791558439027e-06,1.9423504227233934e-07,96.99999999999876,1.0,0.53,50.89999999999838,0.3428220152854919,1.8442384543959636e-06,1.0,244.0
7,1000,0.5,0.5,0.4999999701976776,random,1.0,0.539991021156311,0.1427538394927978,8.59963256552983e-06,3.879606992995832e-06,145.999999999996,1.0,0.511,50.19999999999716,0.3428220152854919,1.8442384543959636e-06,1.0,244.0
7,1000,0.5,0.5,0.4999999701976776,random,3.0,0.5120659470558167,0.1540836989879608,6.112656367837918e-06,9.352664164907765e-06,226.9999999999914,1.0,0.518,50.69999999999712,0.3428220152854919,1.8442384543959636e-06,1.0,244.0
7,1000,0.5,0.5,0.4999999701976776,random,10.0,0.4914448261260986,0.1551894545555114,1.0929139521913053e-06,1.7910741007653996e-05,180.999999999994,1.0,0.521,50.49999999999713,0.3428220152854919,1.8442384543959636e-06,1.0,244.0
7,1000,0.5,0.5,0.4999999701976776,random,30.0,0.4701525270938873,0.1664972156286239,9.495729247002216e-07,0.0007216532249003,437.00000000003087,1.0,0.503,50.70000000001153,0.3428220152854919,1.8442384543959636e-06,1.0,244.0
7,1000,0.5,0.5,0.4999999701976776,random,100.0,0.4596890211105346,0.1517093181610107,1.0076293280977304e-06,0.0019965057726949,1826.9999999994336,1.0,0.504,55.399999999949614,0.3428220152854919,1.8442384543959636e-06,1.0,244.0
7,1000,0.5,0.5,0.4999999701976776,random,300.0,0.4135212898254394,0.1816159039735794,1.2412883586148074e-06,0.001993978396058,4662.9999999994325,1.0,0.507,238.80000000086875,0.3428220152854919,1.8442384543959636e-06,1.0,244.0
7,1000,0.5,0.5,0.4999999701976776,all_open,0.1000000014901161,0.5204002261161804,0.1890973448753357,9.460255025504027e-07,6.190943935280302e-08,133.99999999999667,1.0,0.522,50.89999999999712,0.3428220152854919,1.8442384543959636e-06,1.0,244.0
7,1000,0.5,0.5,0.4999999701976776,all_open,0.3000000119209289,0.5923185348510742,0.1606132984161377,1.0194612866570194e-06,1.0643785941510941e-07,99.9999999999986,1.0,0.531,50.899999999998165,0.3428220152854919,1.8442384543959636e-06,1.0,244.0
7,1000,0.5,0.5,0.4999999701976776,all_open,1.0,0.6575959920883179,0.1394505649805069,0.0001098667622803,4.764411642099731e-05,96.99999999999876,1.0,0.521,50.59999999999837,0.3428220152854919,1.8442384543959636e-06,1.0,244.0
7,1000,0.5,0.5,0.4999999701976776,all_open,3.0,0.5420617461204529,0.1778702586889267,1.1320565774963783e-06,1.3423720020000474e-06,140.99999999999628,1.0,0.513,50.19999999999716,0.3428220152854919,1.8442384543959636e-06,1.0,244.0
7,1000,0.5,0.5,0.4999999701976776,all_open,10.0,0.502094030380249,0.2064537107944488,1.011998297542998e-06,1.4970622942200862e-05,175.9999999999943,1.0,0.511,50.29999999999716,0.3428220152854919,1.8442384543959636e-06,1.0,244.0
7,1000,0.5,0.5,0.4999999701976776,all_open,30.0,0.4325055181980133,0.1667022109031677,1.069049240422148e-06,0.0004292178200557,250.99999999999,1.0,0.506,50.79999999999711,0.3428220152854919,1.8442384543959636e-06,1.0,244.0
7,1000,0.5,0.5,0.4999999701976776,all_open,100.0,0.374214619398117,0.1715827584266662,1.1176581589494811e-06,0.0019933660514652,668.0000000000833,1.0,0.501,187.40000000004252,0.3428220152854919,1.8442384543959636e-06,1.0,244.0
7,1000,0.5,0.5,0.4999999701976776,all_open,300.0,0.339183896780014,0.1609917134046554,1.209996237483888e-06,0.0019980263896286,1981.9999999992929,1.0,0.495,541.6999999995073,0.3428220152854919,1.8442384543959636e-06,1.0,244.0
7,1000,0.5,0.699999988079071,0.699999988079071,random,0.1000000014901161,0.6021711230278015,0.1597618460655212,8.783552343310949e-07,5.948573544856117e-08,154.99999999999548,1.0,0.538,50.59999999999714,0.3414638042449951,1.1045063956771628e-06,1.0,244.0
7,1000,0.5,0.699999988079071,0.699999988079071,random,0.3000000119209289,0.6065146923065186,0.1622029691934585,9.002073202772058e-07,1.097847146525055e-07,182.9999999999939,1.0,0.539,50.9999999999971,0.3414638042449951,1.1045063956771628e-06,1.0,244.0
7,1000,0.5,0.699999988079071,0.699999988079071,random,1.0,0.6221581101417542,0.1389388889074325,9.483468482036204e-07,4.168961140749161e-07,181.99999999999395,1.0,0.54,50.59999999999712,0.3414638042449951,1.1045063956771628e-06,1.0,244.0
7,1000,0.5,0.699999988079071,0.699999988079071,random,3.0,0.6246700286865234,0.1655658334493637,9.313900130400112e-07,1.2729894933727337e-06,169.99999999999463,1.0,0.517,50.29999999999716,0.3414638042449951,1.1045063956771628e-06,1.0,244.0
7,1000,0.5,0.699999988079071,0.699999988079071,random,10.0,0.6157189011573792,0.1679000407457351,9.164149588108846e-07,4.656817964132642e-06,232.99999999999105,1.0,0.512,50.59999999999712,0.3414638042449951,1.1045063956771628e-06,1.0,244.0
7,1000,0.5,0.699999988079071,0.699999988079071,random,30.0,0.5055392384529114,0.1512765139341354,1.1093346620485086e-06,0.0012666443362832,542.0000000000547,1.0,0.515,50.90000000001152,0.3414638042449951,1.1045063956771628e-06,1.0,244.0
7,1000,0.5,0.699999988079071,0.699999988079071,random,100.0,0.486960619688034,0.1670172810554504,9.355567764926946e-07,0.0016410789685323,1389.9999999998313,1.0,0.494,50.29999999995425,0.3414638042449951,1.1045063956771628e-06,1.0,244.0
7,1000,0.5,0.699999988079071,0.699999988079071,random,300.0,0.5273794531822205,0.1595477312803268,8.835772919877525e-07,0.0019958466291427,2459.999999998858,1.0,0.508,383.699999999651,0.3414638042449951,1.1045063956771628e-06,1.0,244.0
7,1000,0.5,0.699999988079071,0.699999988079071,all_open,0.1000000014901161,0.6216312050819397,0.1558277606964111,1.7478317417455483e-06,1.1704850777505273e-07,132.99999999999673,1.0,0.541,50.19999999999716,0.3414638042449951,1.1045063956771628e-06,1.0,244.0
7,1000,0.5,0.699999988079071,0.699999988079071,all_open,0.3000000119209289,0.65606689453125,0.154466301202774,1.0171121397119205e-06,1.2067766874679364e-07,210.9999999999923,1.0,0.528,50.19999999999715,0.3414638042449951,1.1045063956771628e-06,1.0,244.0
7,1000,0.5,0.699999988079071,0.699999988079071,all_open,1.0,0.6643312573432922,0.1652110517024994,1.0541838747118352e-06,4.466715779471997e-07,235.99999999999088,1.0,0.52,50.49999999999713,0.3414638042449951,1.1045063956771628e-06,1.0,244.0
7,1000,0.5,0.699999988079071,0.699999988079071,all_open,3.0,0.6274106502532959,0.1519502848386764,9.799493287709928e-07,1.4496963558485731e-06,191.99999999999335,1.0,0.511,50.59999999999712,0.3414638042449951,1.1045063956771628e-06,1.0,244.0
7,1000,0.5,0.699999988079071,0.699999988079071,all_open,10.0,0.5216935873031616,0.1931341886520385,1.062423488153101e-06,6.126760126790032e-05,110.99999999999795,1.0,0.519,50.39999999999738,0.3414638042449951,1.1045063956771628e-06,1.0,244.0
7,1000,0.5,0.699999988079071,0.699999988079071,all_open,30.0,0.4331966340541839,0.1829908341169357,1.1842340177435057e-06,0.0015678917989134,224.9999999999915,1.0,0.509,50.29999999999714,0.3414638042449951,1.1045063956771628e-06,1.0,244.0
7,1000,0.5,0.699999988079071,0.699999988079071,all_open,100.0,0.3558399081230163,0.1730862110853195,1.1302787501636806e-06,0.0019946806132793,672.0000000000842,1.0,0.504,205.40000000004665,0.3414638042449951,1.1045063956771628e-06,1.0,244.0
7,1000,0.5,0.699999988079071,0.699999988079071,all_open,300.0,0.341492235660553,0.1867826879024505,1.1508685190309742e-06,0.0019939208868891,1979.9999999992947,1.0,0.513,90.5999999999176,0.3414638042449951,1.1045063956771628e-06,1.0,244.0
7,1000,0.5,0.8999999761581421,0.8999999165534973,random,0.1000000014901161,0.6962659955024719,0.157335877418518,1.0400171741889788e-06,5.903781641336536e-08,161.99999999999508,1.0,0.528,50.79999999999713,0.3230277597904205,6.143259270174895e-06,1.0,244.0
7,1000,0.5,0.8999999761581421,0.8999999165534973,random,0.3000000119209289,0.6989855170249939,0.1478070467710495,9.103223307358676e-07,1.0630476054984685e-07,146.99999999999594,1.0,0.509,50.59999999999714,0.3230277597904205,6.143259270174895e-06,1.0,244.0
7,1000,0.5,0.8999999761581421,0.8999999165534973,random,1.0,0.6826359629631042,0.1634136736392974,1.0325081867371462e-06,4.504720152453956e-07,146.99999999999594,1.0,0.52,50.89999999999712,0.3230277597904205,6.143259270174895e-06,1.0,244.0
7,1000,0.5,0.8999999761581421,0.8999999165534973,random,3.0,0.6910088658332825,0.1454264670610427,9.61986662304199e-07,1.3027536169829546e-06,320.00000000000426,1.0,0.525,50.60000000001151,0.3230277597904205,6.143259270174895e-06,1.0,244.0
7,1000,0.5,0.8999999761581421,0.8999999165534973,random,10.0,0.6568058729171753,0.1470533460378646,1.902281245015326e-06,2.902146843553055e-05,304.0000000000006,1.0,0.505,50.30000000001076,0.3230277597904205,6.143259270174895e-06,1.0,244.0
7,1000,0.5,0.8999999761581421,0.8999999165534973,random,30.0,0.577479362487793,0.1634714007377624,1.09735712327012e-06,0.0008147480548359,542.0000000000547,1.0,0.499,50.00000000001131,0.3230277597904205,6.143259270174895e-06,1.0,244.0
7,1000,0.5,0.8999999761581421,0.8999999165534973,random,100.0,0.5634223222732544,0.1822961717844009,1.0027735327940962e-06,0.0013893482973799,1163.0000000000375,1.0,0.526,50.49999999995407,0.3230277597904205,6.143259270174895e-06,1.0,244.0
7,1000,0.5,0.8999999761581421,0.8999999165534973,random,300.0,0.5782486796379089,0.1749259382486343,1.0335965854873304e-06,0.0019988508429378,2650.9999999986844,1.0,0.507,164.09999999985075,0.3230277597904205,6.143259270174895e-06,1.0,244.0
7,1000,0.5,0.8999999761581421,0.8999999165534973,all_open,0.1000000014901161,0.6881337761878967,0.1573605090379715,9.786293417202523e-07,6.46351594468797e-08,186.9999999999937,1.0,0.52,50.69999999999712,0.3230277597904205,6.143259270174895e-06,1.0,244.0
7,1000,0.5,0.8999999761581421,0.8999999165534973,all_open,0.3000000119209289,0.683908998966217,0.1759984493255615,8.60651257486819e-06,1.1737097338482272e-06,201.9999999999928,1.0,0.529,50.09999999999715,0.3230277597904205,6.143259270174895e-06,1.0,244.0
7,1000,0.5,0.8999999761581421,0.8999999165534973,all_open,1.0,0.6868748664855957,0.1733984798192978,9.93672718851142e-07,4.2378161424494475e-07,225.99999999999145,1.0,0.498,50.29999999999714,0.3230277597904205,6.143259270174895e-06,1.0,244.0
7,1000,0.5,0.8999999761581421,0.8999999165534973,all_open,3.0,0.6468052864074707,0.156888723373413,1.0225007415074555e-06,1.3529486295738025e-06,150.9999999999957,1.0,0.504,50.29999999999716,0.3230277597904205,6.143259270174895e-06,1.0,244.0
7,1000,0.5,0.8999999761581421,0.8999999165534973,all_open,10.0,0.5228027105331421,0.1879250109195709,1.2936274491819238e-06,5.234347554505803e-05,107.99999999999814,1.0,0.506,50.49999999999759,0.3230277597904205,6.143259270174895e-06,1.0,244.0
7,1000,0.5,0.8999999761581421,0.8999999165534973,all_open,30.0,0.4392378032207489,0.169396236538887,1.052870860995849e-06,0.0007415182190015,247.9999999999902,1.0,0.489,50.59999999999712,0.3230277597904205,6.143259270174895e-06,1.0,244.0
7,1000,0.5,0.8999999761581421,0.8999999165534973,all_open,100.0,0.3901752531528473,0.1802936345338821,1.0259983682385971e-06,0.0019836688879877,839.0000000001222,1.0,0.505,121.30000000002758,0.3230277597904205,6.143259270174895e-06,1.0,244.0
7,1000,0.5,0.8999999761581421,0.8999999165534973,all_open,300.0,0.3249132335186004,0.185661181807518,1.225773314741214e-06,0.0019958955235779,1993.999999999282,1.0,0.501,286.999999999739,0.3230277597904205,6.143259270174895e-06,1.0,244.0
